Code,Date,Close,Volume
DIA,2020-01-02,256.3702087402344,3865500
DIA,2020-01-03,254.32736206054688,3296700
DIA,2020-01-06,254.91358947753906,1645100
DIA,2020-01-07,253.81222534179688,1413000
DIA,2020-01-08,255.28671264648438,3136700
DIA,2020-01-09,257.20526123046875,1783100
DIA,2020-01-10,256.0328369140625,2989600
DIA,2020-01-13,256.7255859375,1463300
DIA,2020-01-14,256.9032897949219,2198500
DIA,2020-01-15,257.9071350097656,2195100
DIA,2020-01-16,260.1988525390625,2522000
DIA,2020-01-17,260.62359619140625,2147400
DIA,2020-01-21,259.3439636230469,4476900
DIA,2020-01-22,259.3260803222656,2077000
DIA,2020-01-23,259.086181640625,1872600
DIA,2020-01-24,257.53985595703125,3612500
DIA,2020-01-27,253.59414672851562,4129100
DIA,2020-01-28,255.30923461914062,2999200
DIA,2020-01-29,255.30923461914062,2126300
DIA,2020-01-30,256.4201965332031,3433200
DIA,2020-01-31,250.9813690185547,4885700
DIA,2020-02-03,252.36782836914062,3157400
DIA,2020-02-04,255.9757537841797,3004100
DIA,2020-02-05,260.2591552734375,3305900
DIA,2020-02-06,261.0412902832031,2857200
DIA,2020-02-07,258.7750549316406,3839300
DIA,2020-02-10,260.33929443359375,2877700
DIA,2020-02-11,260.3302917480469,1994500
DIA,2020-02-12,262.8008117675781,2804400
DIA,2020-02-13,262.0010681152344,2638000
DIA,2020-02-14,261.75213623046875,1861700
DIA,2020-02-18,260.33929443359375,2397800
DIA,2020-02-19,261.361083984375,1474400
DIA,2020-02-20,260.1881103515625,3493900
DIA,2020-02-21,258.1955261230469,3271800
DIA,2020-02-24,249.1239013671875,6595200
DIA,2020-02-25,241.22854614257812,9903700
DIA,2020-02-26,240.37294006347656,7477600
DIA,2020-02-27,229.465576171875,11188900
DIA,2020-02-28,226.84567260742188,17541400
DIA,2020-03-02,237.9580078125,8544500
DIA,2020-03-03,231.069580078125,11482600
DIA,2020-03-04,241.3977508544922,5408100
DIA,2020-03-05,232.99447631835938,5872900
DIA,2020-03-06,230.66859436035156,7372400
DIA,2020-03-09,212.7301483154297,10406900
DIA,2020-03-10,223.200927734375,9407100
DIA,2020-03-11,210.16372680664062,7687200
DIA,2020-03-12,189.01727294921875,17322600
DIA,2020-03-13,206.83982849121094,13676000
DIA,2020-03-16,180.444580078125,12407000
DIA,2020-03-17,190.2292022705078,16128100
DIA,2020-03-18,177.68212890625,13369800
DIA,2020-03-19,179.39303588867188,13532100
DIA,2020-03-20,171.52052307128906,12206000
DIA,2020-03-23,166.36329650878906,15712300
DIA,2020-03-24,184.695068359375,14123600
DIA,2020-03-25,189.53955078125,17556100
DIA,2020-03-26,201.1678924560547,16071900
DIA,2020-03-27,193.3739471435547,10545600
DIA,2020-03-30,199.40708923339844,7691800
DIA,2020-03-31,195.94815063476562,8426600
DIA,2020-04-01,187.1442108154297,8570300
DIA,2020-04-02,191.23779296875,8231900
DIA,2020-04-03,188.23452758789062,6664500
DIA,2020-04-06,202.4728546142578,10322500
DIA,2020-04-07,202.53541564941406,10857700
DIA,2020-04-08,209.44444274902344,7010200
DIA,2020-04-09,211.9560546875,9393200
DIA,2020-04-13,209.11373901367188,6761900
DIA,2020-04-14,214.22625732421875,5391900
DIA,2020-04-15,210.11480712890625,6828000
DIA,2020-04-16,210.34722900390625,6126400
DIA,2020-04-17,216.80404663085938,5924500
DIA,2020-04-20,211.62603759765625,7357400
DIA,2020-04-21,205.88470458984375,6571400
DIA,2020-04-22,209.9537811279297,4318000
DIA,2020-04-23,210.22201538085938,6364800
DIA,2020-04-24,212.69024658203125,3568500
DIA,2020-04-27,215.8114013671875,3632500
DIA,2020-04-28,215.6056671142578,4709900
DIA,2020-04-29,220.3990936279297,5015300
DIA,2020-04-30,217.510498046875,4928900
DIA,2020-05-01,212.19834899902344,4723500
DIA,2020-05-04,212.32363891601562,3845500
DIA,2020-05-05,213.5577392578125,3143500
DIA,2020-05-06,211.8228759765625,3082300
DIA,2020-05-07,213.65606689453125,3411500
DIA,2020-05-08,217.86825561523438,3894800
DIA,2020-05-11,216.92027282714844,2743000
DIA,2020-05-12,212.91390991210938,6433900
DIA,2020-05-13,208.2098846435547,7531300
DIA,2020-05-14,211.72442626953125,6964500
DIA,2020-05-15,212.28170776367188,4811100
DIA,2020-05-18,220.3640899658203,5207700
DIA,2020-05-19,217.03977966308594,4404700
DIA,2020-05-20,220.1848907470703,3280600
DIA,2020-05-21,219.54869079589844,3378200
DIA,2020-05-22,219.4232177734375,2521100
DIA,2020-05-26,224.23500061035156,4872300
DIA,2020-05-27,229.18118286132812,5326100
DIA,2020-05-28,227.9087677001953,4957600
DIA,2020-05-29,227.85499572753906,5082300
DIA,2020-06-01,228.73313903808594,2060800
DIA,2020-06-02,231.04489135742188,3045800
DIA,2020-06-03,235.8118438720703,5184500
DIA,2020-06-04,235.9552764892578,3937100
DIA,2020-06-05,243.3118896484375,7866800
DIA,2020-06-08,247.55905151367188,4667600
DIA,2020-06-09,244.96051025390625,4632600
DIA,2020-06-10,242.3440399169922,6531200
DIA,2020-06-11,225.82994079589844,14257800
DIA,2020-06-12,230.05035400390625,9817200
DIA,2020-06-15,231.4929962158203,7421300
DIA,2020-06-16,236.39437866210938,9238000
DIA,2020-06-17,234.6021270751953,3669300
DIA,2020-06-18,234.27069091796875,3268700
DIA,2020-06-19,232.5659942626953,5852600
DIA,2020-06-22,233.93186950683594,2823500
DIA,2020-06-23,234.99232482910156,2948000
DIA,2020-06-24,228.81869506835938,5903500
DIA,2020-06-25,231.34388732910156,4312300
DIA,2020-06-26,224.99942016601562,5331400
DIA,2020-06-29,229.96896362304688,3759000
DIA,2020-06-30,231.73019409179688,3667900
DIA,2020-07-01,231.2269744873047,3575300
DIA,2020-07-02,232.2245330810547,3830000
DIA,2020-07-06,236.34024047851562,2989100
DIA,2020-07-07,232.7816162109375,2828700
DIA,2020-07-08,234.29132080078125,2837800
DIA,2020-07-09,231.16407775878906,3995600
DIA,2020-07-10,234.38119506835938,3110100
DIA,2020-07-13,234.57896423339844,4876000
DIA,2020-07-14,239.56637573242188,7614300
DIA,2020-07-15,241.65109252929688,5220600
DIA,2020-07-16,240.35719299316406,2478100
DIA,2020-07-17,239.8904571533203,3415100
DIA,2020-07-20,239.96229553222656,4017400
DIA,2020-07-21,241.32936096191406,3173200
DIA,2020-07-22,242.80426025390625,2039300
DIA,2020-07-23,239.84542846679688,2838000
DIA,2020-07-24,238.0466766357422,2637700
DIA,2020-07-27,239.17984008789062,2637900
DIA,2020-07-28,237.36317443847656,1989300
DIA,2020-07-29,238.7751007080078,1917900
DIA,2020-07-30,236.7785186767578,3055600
DIA,2020-07-31,237.74082946777344,3306800
DIA,2020-08-03,239.87229919433594,2569300
DIA,2020-08-04,241.3922882080078,1909800
DIA,2020-08-05,244.62086486816406,2122900
DIA,2020-08-06,246.3296356201172,1948100
DIA,2020-08-07,246.97720336914062,2311300
DIA,2020-08-10,250.14292907714844,2313900
DIA,2020-08-11,249.28843688964844,4546400
DIA,2020-08-12,251.85162353515625,2641600
DIA,2020-08-13,251.29403686523438,1668300
DIA,2020-08-14,251.63575744628906,2247000
DIA,2020-08-17,250.87127685546875,2436900
DIA,2020-08-18,250.19676208496094,1678300
DIA,2020-08-19,249.5043487548828,3374300
DIA,2020-08-20,249.9001007080078,2063700
DIA,2020-08-21,251.72425842285156,2601200
DIA,2020-08-24,255.23031616210938,2622800
DIA,2020-08-25,254.7257080078125,3346000
DIA,2020-08-26,255.45553588867188,2647500
DIA,2020-08-27,256.9067687988281,3432800
DIA,2020-08-28,258.40289306640625,2715500
DIA,2020-08-31,256.2218322753906,4070100
DIA,2020-09-01,258.4840087890625,3023600
DIA,2020-09-02,262.4677734375,3464300
DIA,2020-09-03,255.37440490722656,6118500
DIA,2020-09-04,253.95947265625,7145800
DIA,2020-09-08,248.23617553710938,4780100
DIA,2020-09-09,252.22879028320312,3488900
DIA,2020-09-10,248.5697021484375,3455800
DIA,2020-09-11,249.7414093017578,2787500
DIA,2020-09-14,252.84178161621094,2371700
DIA,2020-09-15,252.8869171142578,2331800
DIA,2020-09-16,253.29249572753906,2651800
DIA,2020-09-17,251.97662353515625,3305300
DIA,2020-09-18,249.82371520996094,3156700
DIA,2020-09-21,245.234130859375,5936900
DIA,2020-09-22,246.47183227539062,3169800
DIA,2020-09-23,241.74673461914062,3575900
DIA,2020-09-24,242.21649169921875,4432100
DIA,2020-09-25,245.4690399169922,3606800
DIA,2020-09-28,249.2635955810547,2790200
DIA,2020-09-29,247.9263916015625,1971100
DIA,2020-09-30,250.7091064453125,4028500
DIA,2020-10-01,251.2873077392578,2968000
DIA,2020-10-02,250.07667541503906,4771600
DIA,2020-10-05,254.33197021484375,1862500
DIA,2020-10-06,250.90785217285156,4364400
DIA,2020-10-07,255.6059112548828,2422600
DIA,2020-10-08,256.8435363769531,2148000
DIA,2020-10-09,258.3252258300781,2549100
DIA,2020-10-12,260.6109924316406,2534800
DIA,2020-10-13,259.0570068359375,2430600
DIA,2020-10-14,257.6023864746094,2264000
DIA,2020-10-15,257.5211486816406,3128000
DIA,2020-10-16,258.4675598144531,2409300
DIA,2020-10-19,254.9063262939453,2837600
DIA,2020-10-20,255.73789978027344,3339000
DIA,2020-10-21,254.8520965576172,2907100
DIA,2020-10-22,256.3705749511719,2324200
DIA,2020-10-23,256.0903625488281,2161000
DIA,2020-10-26,250.36013793945312,5140600
DIA,2020-10-27,248.24517822265625,3029800
DIA,2020-10-28,239.947998046875,5815200
DIA,2020-10-29,240.95126342773438,5479400
DIA,2020-10-30,239.5684356689453,5271200
DIA,2020-11-02,243.31033325195312,5062900
DIA,2020-11-03,248.23614501953125,4343000
DIA,2020-11-04,251.7248992919922,6766400
DIA,2020-11-05,256.6055603027344,4316200
DIA,2020-11-06,255.98182678222656,3078200
DIA,2020-11-09,263.6645812988281,10839300
DIA,2020-11-10,266.18621826171875,4354500
DIA,2020-11-11,265.8245849609375,2910400
DIA,2020-11-12,263.05889892578125,4361900
DIA,2020-11-13,266.76470947265625,3090400
DIA,2020-11-16,271.1300964355469,4615000
DIA,2020-11-17,269.6207275390625,4049200
DIA,2020-11-18,266.4120788574219,3566400
DIA,2020-11-19,266.9272766113281,3266600
DIA,2020-11-20,264.9814453125,3090200
DIA,2020-11-23,268.0251159667969,2855600
DIA,2020-11-24,272.13763427734375,4022700
DIA,2020-11-25,270.6067199707031,2629200
DIA,2020-11-27,271.0596008300781,1518000
DIA,2020-11-30,268.6864318847656,4159300
DIA,2020-12-01,270.33502197265625,2841100
DIA,2020-12-02,271.0052490234375,2481700
DIA,2020-12-03,271.80242919921875,3140900
DIA,2020-12-04,274.09423828125,2747300
DIA,2020-12-07,272.7444763183594,2589900
DIA,2020-12-08,273.74078369140625,2205400
DIA,2020-12-09,272.5451965332031,3074500
DIA,2020-12-10,272.2371826171875,2413000
DIA,2020-12-11,272.5904541015625,2454300
DIA,2020-12-14,270.9329833984375,3646100
DIA,2020-12-15,274.12127685546875,4211500
DIA,2020-12-16,273.69561767578125,1977300
DIA,2020-12-17,274.9093933105469,3002900
DIA,2020-12-18,274.0,4442100
DIA,2020-12-21,274.2178649902344,6340800
DIA,2020-12-22,272.339111328125,2698200
DIA,2020-12-23,273.43731689453125,2714400
DIA,2020-12-24,274.10906982421875,1955700
DIA,2020-12-28,275.9058532714844,2382400
DIA,2020-12-29,275.4158630371094,2319600
DIA,2020-12-30,276.0238952636719,2081300
DIA,2020-12-31,277.53045654296875,2797000
DIA,2021-01-04,274.3811950683594,5106600
DIA,2021-01-05,275.7607727050781,3355200
DIA,2021-01-06,279.72686767578125,7290300
DIA,2021-01-07,281.8053894042969,4107900
DIA,2021-01-08,282.2953796386719,3234900
DIA,2021-01-11,281.50567626953125,2811400
DIA,2021-01-12,282.02313232421875,2290900
DIA,2021-01-13,281.9231262207031,1854400
DIA,2021-01-14,281.39678955078125,3232400
DIA,2021-01-15,279.7607116699219,4009100
DIA,2021-01-19,280.8501892089844,2781700
DIA,2021-01-20,283.0747375488281,2398400
DIA,2021-01-21,283.16546630859375,1930000
DIA,2021-01-22,281.44024658203125,2049700
DIA,2021-01-25,281.14984130859375,4546400
DIA,2021-01-26,280.91387939453125,2256100
DIA,2021-01-27,275.3480224609375,5743100
DIA,2021-01-28,277.8994445800781,6392100
DIA,2021-01-29,272.2156066894531,5929900
DIA,2021-02-01,274.22222900390625,3138600
DIA,2021-02-02,278.5803527832031,3090500
DIA,2021-02-03,278.9797668457031,2087800
DIA,2021-02-04,282.07598876953125,2638800
DIA,2021-02-05,282.8658447265625,1955600
DIA,2021-02-08,284.99969482421875,1690000
DIA,2021-02-09,285.02691650390625,1798700
DIA,2021-02-10,285.5533752441406,3048000
DIA,2021-02-11,285.7169494628906,1937100
DIA,2021-02-12,286.04376220703125,2479500
DIA,2021-02-16,286.5340881347656,1836300
DIA,2021-02-17,287.4600830078125,2007400
DIA,2021-02-18,286.51593017578125,2609600
DIA,2021-02-19,286.4804992675781,2314900
DIA,2021-02-22,286.7442321777344,2978000
DIA,2021-02-23,286.9079895019531,5723400
DIA,2021-02-24,290.6741027832031,4290300
DIA,2021-02-25,285.6253967285156,7648600
DIA,2021-02-26,281.5044250488281,7925600
DIA,2021-03-01,287.08990478515625,4749700
DIA,2021-03-02,285.8162536621094,4075700
DIA,2021-03-03,284.724609375,5148100
DIA,2021-03-04,281.6225280761719,8577600
DIA,2021-03-05,286.7713928222656,7016100
DIA,2021-03-08,289.50970458984375,8230700
DIA,2021-03-09,289.8371887207031,5829900
DIA,2021-03-10,294.1309814453125,6472200
DIA,2021-03-11,295.95037841796875,5745900
DIA,2021-03-12,298.6612243652344,4257200
DIA,2021-03-15,300.2805480957031,4456000
DIA,2021-03-16,299.16162109375,3270600
DIA,2021-03-17,300.8990783691406,4338200
DIA,2021-03-18,299.61639404296875,5376500
DIA,2021-03-19,297.1744384765625,5628800
DIA,2021-03-22,298.29559326171875,3807600
DIA,2021-03-23,295.3967590332031,5068400
DIA,2021-03-24,295.4149169921875,6099000
DIA,2021-03-25,297.33843994140625,5557900
DIA,2021-03-26,301.3674621582031,4956600
DIA,2021-03-29,302.3246154785156,5200900
DIA,2021-03-30,301.55889892578125,4568800
DIA,2021-03-31,300.9755859375,3763700
DIA,2021-04-01,302.1332092285156,5936100
DIA,2021-04-05,305.5514831542969,5632700
DIA,2021-04-06,304.7949523925781,2987500
DIA,2021-04-07,304.7949523925781,2658500
DIA,2021-04-08,305.4876708984375,2665000
DIA,2021-04-09,307.97613525390625,3034700
DIA,2021-04-12,307.69354248046875,2951500
DIA,2021-04-13,307.0008850097656,3391700
DIA,2021-04-14,307.67535400390625,3966800
DIA,2021-04-15,310.3279724121094,3881800
DIA,2021-04-16,311.72503662109375,3748900
DIA,2021-04-19,310.71282958984375,3222800
DIA,2021-04-20,308.3146667480469,3762900
DIA,2021-04-21,311.2142639160156,4191200
DIA,2021-04-22,308.3146667480469,4962500
DIA,2021-04-23,310.4210205078125,3613900
DIA,2021-04-26,309.9103698730469,2090900
DIA,2021-04-27,309.8740234375,2732700
DIA,2021-04-28,308.5426025390625,3025100
DIA,2021-04-29,310.54864501953125,3688400
DIA,2021-04-30,309.0624694824219,2909600
DIA,2021-05-03,311.0410461425781,2698400
DIA,2021-05-04,311.3875732421875,4478300
DIA,2021-05-05,312.10797119140625,3506100
DIA,2021-05-06,315.0533142089844,4276700
DIA,2021-05-07,317.2143859863281,3526500
DIA,2021-05-10,317.0867614746094,6092500
DIA,2021-05-11,312.68243408203125,8396400
DIA,2021-05-12,306.38153076171875,7034100
DIA,2021-05-13,310.4391784667969,5741300
DIA,2021-05-14,313.9133605957031,4677300
DIA,2021-05-17,313.35711669921875,3262200
DIA,2021-05-18,311.0410461425781,3462300
DIA,2021-05-19,309.518310546875,7223900
DIA,2021-05-20,311.4148864746094,4532800
DIA,2021-05-21,312.5325012207031,4481000
DIA,2021-05-24,314.28680419921875,2531800
DIA,2021-05-25,313.5739440917969,2623200
DIA,2021-05-26,313.65625,2064500
DIA,2021-05-27,314.87139892578125,3026200
DIA,2021-05-28,315.8219299316406,2641400
DIA,2021-06-01,316.03204345703125,2584300
DIA,2021-06-02,316.4797058105469,2576700
DIA,2021-06-03,316.169189453125,4436400
DIA,2021-06-04,317.8868713378906,2594200
DIA,2021-06-07,316.6898193359375,2224300
DIA,2021-06-08,316.4614562988281,2748700
DIA,2021-06-09,315.0451354980469,2591200
DIA,2021-06-10,315.21881103515625,3089400
DIA,2021-06-11,315.3466491699219,3003000
DIA,2021-06-14,314.5975036621094,2527000
DIA,2021-06-15,313.78424072265625,2138500
DIA,2021-06-16,311.3628845214844,4032000
DIA,2021-06-17,309.43487548828125,5169100
DIA,2021-06-18,304.6793518066406,7126600
DIA,2021-06-21,310.0050354003906,5435700
DIA,2021-06-22,310.6181640625,4042100
DIA,2021-06-23,310.0050354003906,3082700
DIA,2021-06-24,312.9331359863281,3704700
DIA,2021-06-25,315.193359375,3638000
DIA,2021-06-28,313.6835632324219,3606300
DIA,2021-06-29,313.7384033203125,2375800
DIA,2021-06-30,315.65087890625,3778900
DIA,2021-07-01,316.9410705566406,3606900
DIA,2021-07-02,318.3868713378906,3013500
DIA,2021-07-06,316.4470520019531,3910600
DIA,2021-07-07,317.4537048339844,3347000
DIA,2021-07-08,315.12933349609375,6379900
DIA,2021-07-09,319.10992431640625,5063100
DIA,2021-07-12,320.2993469238281,3999800
DIA,2021-07-13,319.3568420410156,3310200
DIA,2021-07-14,319.7320251464844,3933300
DIA,2021-07-15,320.217041015625,5082600
DIA,2021-07-16,317.4765625,5710400
DIA,2021-07-19,311.1956787109375,9715300
DIA,2021-07-20,315.95672607421875,5802200
DIA,2021-07-21,318.6211853027344,3056800
DIA,2021-07-22,318.86834716796875,2429300
DIA,2021-07-23,320.9833984375,4142300
DIA,2021-07-26,321.7525634765625,2466600
DIA,2021-07-27,321.0291748046875,3902600
DIA,2021-07-28,319.87554931640625,3697700
DIA,2021-07-29,321.2123107910156,2425700
DIA,2021-07-30,319.9853210449219,3576700
DIA,2021-08-02,318.95068359375,2827100
DIA,2021-08-03,321.45953369140625,3819300
DIA,2021-08-04,318.6211853027344,3118500
DIA,2021-08-05,321.0201110839844,2261400
DIA,2021-08-06,322.3750915527344,2123700
DIA,2021-08-09,321.514404296875,2322500
DIA,2021-08-10,322.961181640625,2841000
DIA,2021-08-11,324.98455810546875,3422500
DIA,2021-08-12,325.25018310546875,3118600
DIA,2021-08-13,325.39666748046875,2414900
DIA,2021-08-16,326.4770812988281,3634600
DIA,2021-08-17,323.9682922363281,5019600
DIA,2021-08-18,320.5714416503906,4038000
DIA,2021-08-19,319.9853210449219,5442200
DIA,2021-08-20,322.0867919921875,3394800
DIA,2021-08-23,324.1871032714844,3569200
DIA,2021-08-24,324.45318603515625,1981400
DIA,2021-08-25,324.85662841796875,2434700
DIA,2021-08-26,323.0039978027344,3008900
DIA,2021-08-27,325.21441650390625,3163700
DIA,2021-08-30,324.764892578125,2482000
DIA,2021-08-31,324.6181640625,2913800
DIA,2021-09-01,324.27886962890625,2739200
DIA,2021-09-02,325.48956298828125,2390000
DIA,2021-09-03,324.82000732421875,2465400
DIA,2021-09-07,322.3435974121094,3168500
DIA,2021-09-08,321.6922607421875,3075700
DIA,2021-09-09,320.3900146484375,3484700
DIA,2021-09-10,317.9960021972656,4539000
DIA,2021-09-13,320.3807067871094,5439700
DIA,2021-09-14,317.7850036621094,3902200
DIA,2021-09-15,319.9404296875,3267300
DIA,2021-09-16,319.35333251953125,3646000
DIA,2021-09-17,317.6952819824219,5380900
DIA,2021-09-20,311.9598388671875,10010600
DIA,2021-09-21,311.6932373046875,6071100
DIA,2021-09-22,314.8092041015625,6862700
DIA,2021-09-23,319.4600830078125,5592200
DIA,2021-09-24,319.74505615234375,3121600
DIA,2021-09-27,320.4250793457031,3426000
DIA,2021-09-28,315.1951904296875,7493800
DIA,2021-09-29,315.9765625,4116600
DIA,2021-09-30,310.939453125,7926000
DIA,2021-10-01,315.4342346191406,6219800
DIA,2021-10-04,312.5205383300781,7037700
DIA,2021-10-05,315.38818359375,3826100
DIA,2021-10-06,316.2981872558594,6276300
DIA,2021-10-07,319.5244445800781,5310400
DIA,2021-10-08,319.4323425292969,3658300
DIA,2021-10-11,317.0887756347656,4098400
DIA,2021-10-12,315.98565673828125,5100300
DIA,2021-10-13,316.0869445800781,4189100
DIA,2021-10-14,320.9031982421875,4473900
DIA,2021-10-15,324.4310607910156,4206800
DIA,2021-10-18,324.1092224121094,3310600
DIA,2021-10-19,325.91143798828125,2380900
DIA,2021-10-20,327.3550720214844,2873800
DIA,2021-10-21,327.2906188964844,2243800
DIA,2021-10-22,328.0076904296875,3872300
DIA,2021-10-25,328.7525939941406,2518200
DIA,2021-10-26,328.7065734863281,3182200
DIA,2021-10-27,326.3895568847656,3542100
DIA,2021-10-28,328.5227355957031,2490500
DIA,2021-10-29,329.3777160644531,2979600
DIA,2021-11-01,330.2054443359375,2548400
DIA,2021-11-02,331.5294189453125,2629000
DIA,2021-11-03,332.439453125,3557400
DIA,2021-11-04,332.24652099609375,3870900
DIA,2021-11-05,334.0393371582031,4489000
DIA,2021-11-08,334.97735595703125,3056000
DIA,2021-11-09,334.02105712890625,3680600
DIA,2021-11-10,331.9890441894531,3529000
DIA,2021-11-11,330.508544921875,2461200
DIA,2021-11-12,332.1821594238281,3099800
DIA,2021-11-15,332.1453552246094,2555000
DIA,2021-11-16,332.7796630859375,2728600
DIA,2021-11-17,330.8673400878906,2976000
DIA,2021-11-18,330.40771484375,3438100
DIA,2021-11-19,327.88433837890625,3542200
DIA,2021-11-22,328.1513977050781,4929200
DIA,2021-11-23,329.8280334472656,5789300
DIA,2021-11-24,329.8374328613281,4246700
DIA,2021-11-26,321.5370178222656,9075000
DIA,2021-11-29,323.53594970703125,5243000
DIA,2021-11-30,317.74127197265625,9543500
DIA,2021-12-01,313.65081787109375,8415000
DIA,2021-12-02,319.3166198730469,8326400
DIA,2021-12-03,318.97564697265625,11365300
DIA,2021-12-06,325.0376281738281,7026500
DIA,2021-12-07,329.57025146484375,5271500
DIA,2021-12-08,329.80035400390625,3355600
DIA,2021-12-09,329.9110107421875,3774500
DIA,2021-12-10,331.8641662597656,3855200
DIA,2021-12-13,328.9253234863281,4563000
DIA,2021-12-14,328.1238098144531,4079700
DIA,2021-12-15,331.47711181640625,9274900
DIA,2021-12-16,331.1362609863281,9493700
DIA,2021-12-17,326.385009765625,10638300
DIA,2021-12-20,322.36083984375,7303400
DIA,2021-12-21,327.5663146972656,4693300
DIA,2021-12-22,329.85528564453125,2999500
DIA,2021-12-23,331.6734924316406,2655000
DIA,2021-12-27,334.959228515625,2594300
DIA,2021-12-28,335.94677734375,3048500
DIA,2021-12-29,336.73126220703125,3012200
DIA,2021-12-30,336.0207214355469,2863200
DIA,2021-12-31,335.32843017578125,3133800
DIA,2022-01-03,337.5066223144531,5624100
DIA,2022-01-04,339.5277404785156,5462200
DIA,2022-01-05,336.0390930175781,7638000
DIA,2022-01-06,334.47003173828125,7019800
DIA,2022-01-07,334.396240234375,5806300
DIA,2022-01-10,332.9933166503906,8091800
DIA,2022-01-11,334.6084899902344,7310900
DIA,2022-01-12,334.98687744140625,4493200
DIA,2022-01-13,333.3717346191406,6418100
DIA,2022-01-14,331.4704895019531,8575400
DIA,2022-01-18,326.5879821777344,8166100
DIA,2022-01-19,323.3575439453125,7386500
DIA,2022-01-20,320.5702819824219,8968700
DIA,2022-01-21,316.208984375,16301600
DIA,2022-01-24,317.5574035644531,29707000
DIA,2022-01-25,316.77227783203125,18657900
DIA,2022-01-26,315.38677978515625,19047300
DIA,2022-01-27,315.4698486328125,12854100
DIA,2022-01-28,320.60540771484375,12008900
DIA,2022-01-31,324.2723388671875,8379100
DIA,2022-02-01,326.9139404296875,7636000
DIA,2022-02-02,328.84429931640625,8856400
DIA,2022-02-03,324.1799621582031,9339900
DIA,2022-02-04,324.07818603515625,8532300
DIA,2022-02-07,324.10601806640625,4746200
DIA,2022-02-08,327.468017578125,4568400
DIA,2022-02-09,330.3590393066406,4781700
DIA,2022-02-10,325.6300354003906,10298500
DIA,2022-02-11,320.7716064453125,8211500
DIA,2022-02-14,319.47857666015625,7315100
DIA,2022-02-15,323.4778747558594,4932200
DIA,2022-02-16,322.9698791503906,4496500
DIA,2022-02-17,317.437255859375,4433500
DIA,2022-02-18,315.4197998046875,6193700
DIA,2022-02-22,310.82232666015625,7942700
DIA,2022-02-23,306.6689758300781,5732600
DIA,2022-02-24,307.4275207519531,14167100
DIA,2022-02-25,315.01287841796875,9496300
DIA,2022-02-28,313.9027404785156,8217300
DIA,2022-03-01,308.1860046386719,8532900
DIA,2022-03-02,313.5882873535156,6836200
DIA,2022-03-03,312.783447265625,7790700
DIA,2022-03-04,311.2479553222656,6025000
DIA,2022-03-07,303.84759521484375,6590800
DIA,2022-03-08,302.0530090332031,8209800
DIA,2022-03-09,308.4080505371094,4669200
DIA,2022-03-10,307.2146911621094,3317400
DIA,2022-03-11,305.2814025878906,6923400
DIA,2022-03-14,305.32763671875,5640600
DIA,2022-03-15,310.9888610839844,6648500
DIA,2022-03-16,315.7713317871094,9577100
DIA,2022-03-17,319.55474853515625,6032900
DIA,2022-03-18,321.8836669921875,5903900
DIA,2022-03-21,320.260986328125,4329900
DIA,2022-03-22,322.764404296875,4430800
DIA,2022-03-23,318.3790588378906,4098700
DIA,2022-03-24,321.76312255859375,3550000
DIA,2022-03-25,323.13525390625,3206200
DIA,2022-03-28,324.0160217285156,2962400
DIA,2022-03-29,327.2423400878906,4711800
DIA,2022-03-30,326.4543151855469,3909800
DIA,2022-03-31,321.5497131347656,3978900
DIA,2022-04-01,322.6438293457031,3560200
DIA,2022-04-04,323.7842102050781,3829900
DIA,2022-04-05,321.0956115722656,4331700
DIA,2022-04-06,319.6214904785156,5431300
DIA,2022-04-07,320.7526550292969,4599900
DIA,2022-04-08,322.0505065917969,4535900
DIA,2022-04-11,318.1843566894531,5344400
DIA,2022-04-12,317.27593994140625,4501400
DIA,2022-04-13,320.5578918457031,3605000
DIA,2022-04-14,319.3114318847656,4179600
DIA,2022-04-18,319.13525390625,3939000
DIA,2022-04-19,323.7911071777344,4261200
DIA,2022-04-20,326.0259704589844,5677000
DIA,2022-04-21,322.4832763671875,5369600
DIA,2022-04-22,313.7280578613281,6855100
DIA,2022-04-25,315.8519287109375,6806600
DIA,2022-04-26,308.3303527832031,7619800
DIA,2022-04-27,308.8683166503906,6894400
DIA,2022-04-28,314.6741638183594,5976600
DIA,2022-04-29,305.77069091796875,6495600
DIA,2022-05-02,306.7445373535156,9221700
DIA,2022-05-03,307.21746826171875,6051000
DIA,2022-05-04,315.8797607421875,10569700
DIA,2022-05-05,306.28076171875,9101200
DIA,2022-05-06,305.1955871582031,10644200
DIA,2022-05-09,299.1950988769531,7817200
DIA,2022-05-10,298.4808044433594,7716500
DIA,2022-05-11,295.35546875,9374700
DIA,2022-05-12,294.5949401855469,6790800
DIA,2022-05-13,298.8518981933594,4236700
DIA,2022-05-16,299.362060546875,3692600
DIA,2022-05-17,303.36859130859375,3316800
DIA,2022-05-18,292.6564025878906,3659000
DIA,2022-05-19,290.4582214355469,3836700
DIA,2022-05-20,290.4444274902344,4654000
DIA,2022-05-23,296.4129333496094,4484600
DIA,2022-05-24,296.9242248535156,5260500
DIA,2022-05-25,298.6813049316406,4612800
DIA,2022-05-26,303.4876403808594,3270200
DIA,2022-05-27,308.71234130859375,2773100
DIA,2022-05-31,306.9739074707031,4354000
DIA,2022-06-01,305.2633361816406,3721400
DIA,2022-06-02,309.3629455566406,3718800
DIA,2022-06-03,306.1836242675781,4150900
DIA,2022-06-06,306.276611328125,1957600
DIA,2022-06-07,308.8052978515625,2424000
DIA,2022-06-08,306.21160888671875,2032900
DIA,2022-06-09,300.2802734375,2591500
DIA,2022-06-10,292.2572937011719,4484700
DIA,2022-06-13,284.0856018066406,6317200
DIA,2022-06-14,282.8956298828125,3724000
DIA,2022-06-15,285.6195983886719,7060900
DIA,2022-06-16,278.8050231933594,4943500
DIA,2022-06-17,278.3504638671875,4738000
DIA,2022-06-21,284.4723815917969,3246500
DIA,2022-06-22,283.8387756347656,6361200
DIA,2022-06-23,285.8236083984375,3582600
DIA,2022-06-24,293.53900146484375,3314800
DIA,2022-06-27,292.9239196777344,1896500
DIA,2022-06-28,288.2463684082031,3025900
DIA,2022-06-29,288.90777587890625,2462800
DIA,2022-06-30,286.82989501953125,4117800
DIA,2022-07-01,289.6532897949219,3315000
DIA,2022-07-05,288.59100341796875,3767700
DIA,2022-07-06,289.24322509765625,2493300
DIA,2022-07-07,292.5419921875,2267500
DIA,2022-07-08,292.0852966308594,2094300
DIA,2022-07-11,290.4452209472656,2633200
DIA,2022-07-12,288.83331298828125,2806000
DIA,2022-07-13,286.7646789550781,3481200
DIA,2022-07-14,285.5067443847656,2893100
DIA,2022-07-15,291.4617004394531,3027500
DIA,2022-07-18,289.5879211425781,2344900
DIA,2022-07-19,296.5421142578125,3004900
DIA,2022-07-20,297.12933349609375,3243000
DIA,2022-07-21,298.6861572265625,2159800
DIA,2022-07-22,297.42767333984375,3264100
DIA,2022-07-25,298.2666931152344,4002500
DIA,2022-07-26,296.0108337402344,2101700
DIA,2022-07-27,300.17767333984375,3338100
DIA,2022-07-28,303.17938232421875,2688400
DIA,2022-07-29,306.3766784667969,3225600
DIA,2022-08-01,305.798828125,2745500
DIA,2022-08-02,302.0700988769531,5394600
DIA,2022-08-03,305.9107360839844,2564600
DIA,2022-08-04,305.1649169921875,2426400
DIA,2022-08-05,305.7334899902344,2672400
DIA,2022-08-08,306.15313720703125,2528800
DIA,2022-08-09,305.6775817871094,1655100
DIA,2022-08-10,310.60906982421875,2934400
DIA,2022-08-11,311.0843505859375,2401600
DIA,2022-08-12,314.9251708984375,2606900
DIA,2022-08-15,316.36065673828125,1936500
DIA,2022-08-16,318.57000732421875,3897100
DIA,2022-08-17,317.1344299316406,2960300
DIA,2022-08-18,317.4886779785156,1850900
DIA,2022-08-19,314.7950439453125,2010300
DIA,2022-08-22,308.92950439453125,2684500
DIA,2022-08-23,307.3883361816406,2897200
DIA,2022-08-24,308.0887451171875,2581700
DIA,2022-08-25,311.1616516113281,2498900
DIA,2022-08-26,301.6163330078125,4191000
DIA,2022-08-29,299.9070129394531,2896900
DIA,2022-08-30,297.0491027832031,2926300
DIA,2022-08-31,294.8167419433594,2981600
DIA,2022-09-01,296.1336975097656,3228000
DIA,2022-09-02,293.05145263671875,3826200
DIA,2022-09-06,291.5944519042969,3320400
DIA,2022-09-07,295.4518737792969,2520200
DIA,2022-09-08,297.2358093261719,3301100
DIA,2022-09-09,301.0091552734375,2479300
DIA,2022-09-12,303.1479797363281,2486900
DIA,2022-09-13,291.155517578125,4301200
DIA,2022-09-14,291.4637451171875,2868800
DIA,2022-09-15,289.8758850097656,3294600
DIA,2022-09-16,288.4833984375,4071000
DIA,2022-09-19,290.4498596191406,2730000
DIA,2022-09-20,287.5187072753906,2822800
DIA,2022-09-21,282.63970947265625,5110700
DIA,2022-09-22,281.4314880371094,3492500
DIA,2022-09-23,277.067626953125,4949300
DIA,2022-09-26,274.12713623046875,4143400
DIA,2022-09-27,272.79718017578125,3681000
DIA,2022-09-28,277.88238525390625,3995700
DIA,2022-09-29,273.64947509765625,3351100
DIA,2022-09-30,269.0513610839844,3827200
DIA,2022-10-03,276.06561279296875,3457600
DIA,2022-10-04,283.8852233886719,4163800
DIA,2022-10-05,283.55743408203125,2746900
DIA,2022-10-06,280.2236022949219,3081700
DIA,2022-10-07,274.3612365722656,3029300
DIA,2022-10-10,273.41534423828125,3154500
DIA,2022-10-11,273.7243957519531,3849900
DIA,2022-10-12,273.6026611328125,4378700
DIA,2022-10-13,281.4691467285156,7389600
DIA,2022-10-14,277.966552734375,5519400
DIA,2022-10-17,282.8737487792969,3555700
DIA,2022-10-18,286.06732177734375,4685500
DIA,2022-10-19,285.0184631347656,2939800
DIA,2022-10-20,284.04437255859375,3574700
DIA,2022-10-21,291.30841064453125,5357200
DIA,2022-10-24,295.2157897949219,4331700
DIA,2022-10-25,298.439208984375,6024800
DIA,2022-10-26,298.33624267578125,4991800
DIA,2022-10-27,300.2852783203125,4262200
DIA,2022-10-28,307.8940734863281,5251400
DIA,2022-10-31,306.80718994140625,5128200
DIA,2022-11-01,305.8607482910156,4376400
DIA,2022-11-02,301.128662109375,7110300
DIA,2022-11-03,299.732421875,4112700
DIA,2022-11-04,303.73358154296875,6263700
DIA,2022-11-07,307.7441711425781,4518300
DIA,2022-11-08,310.8269348144531,6349000
DIA,2022-11-09,304.8580322265625,4799200
DIA,2022-11-10,316.02764892578125,6002300
DIA,2022-11-11,316.5242919921875,5190700
DIA,2022-11-14,314.6313781738281,3303300
DIA,2022-11-15,315.0436706542969,4824100
DIA,2022-11-16,314.91253662109375,3085500
DIA,2022-11-17,314.94049072265625,3606500
DIA,2022-11-18,316.77252197265625,3659100
DIA,2022-11-21,316.4721374511719,2304100
DIA,2022-11-22,320.14337158203125,4389400
DIA,2022-11-23,321.0729675292969,3108500
DIA,2022-11-25,322.547119140625,1498300
DIA,2022-11-28,317.82415771484375,3089800
DIA,2022-11-29,317.8147888183594,2943600
DIA,2022-11-30,325.01641845703125,6940400
DIA,2022-12-01,323.3826599121094,5325900
DIA,2022-12-02,323.6925048828125,3736500
DIA,2022-12-05,319.27008056640625,3827200
DIA,2022-12-06,315.9181213378906,5516300
DIA,2022-12-07,315.8992614746094,3577100
DIA,2022-12-08,317.79595947265625,3278400
DIA,2022-12-09,314.8946533203125,3815500
DIA,2022-12-12,319.82415771484375,5017300
DIA,2022-12-13,320.9414978027344,5274300
DIA,2022-12-14,319.4485168457031,5498400
DIA,2022-12-15,312.48162841796875,5865600
DIA,2022-12-16,309.58306884765625,6672200
DIA,2022-12-19,308.0867614746094,3709600
DIA,2022-12-20,309.02789306640625,4721700
DIA,2022-12-21,313.9402160644531,5086800
DIA,2022-12-22,310.79705810546875,4876900
DIA,2022-12-23,312.36859130859375,3997900
DIA,2022-12-27,312.7826843261719,3098900
DIA,2022-12-28,309.2065734863281,3102400
DIA,2022-12-29,312.490966796875,2458800
DIA,2022-12-30,311.8039855957031,3881800
DIA,2023-01-03,311.7004699707031,3910700
DIA,2023-01-04,312.9615173339844,4137300
DIA,2023-01-05,309.8182678222656,4350100
DIA,2023-01-06,316.46221923828125,4800800
DIA,2023-01-09,315.5306091308594,3864000
DIA,2023-01-10,317.3563232421875,2277500
DIA,2023-01-11,319.7370910644531,3265800
DIA,2023-01-12,321.84521484375,4332600
DIA,2023-01-13,322.8238525390625,3473400
DIA,2023-01-17,319.1724853515625,3929700
DIA,2023-01-18,313.34747314453125,5164300
DIA,2023-01-19,311.1451110839844,3454200
DIA,2023-01-20,314.27227783203125,4120200
DIA,2023-01-23,316.626953125,3985300
DIA,2023-01-24,317.5028381347656,3360900
DIA,2023-01-25,317.7099914550781,4318600
DIA,2023-01-26,319.63140869140625,2930900
DIA,2023-01-27,319.866943359375,2907400
DIA,2023-01-30,317.46502685546875,3032700
DIA,2023-01-31,321.0158996582031,2593500
DIA,2023-02-01,321.0536804199219,6175400
DIA,2023-02-02,320.6391906738281,5169400
DIA,2023-02-03,319.2735290527344,6504300
DIA,2023-02-06,318.8025207519531,2708400
DIA,2023-02-07,321.6659240722656,4969600
DIA,2023-02-08,319.6879577636719,2769500
DIA,2023-02-09,317.48394775390625,3094700
DIA,2023-02-10,319.0380554199219,2523900
DIA,2023-02-13,322.63592529296875,2653900
DIA,2023-02-14,321.3079528808594,3501100
DIA,2023-02-15,321.7977600097656,1967700
DIA,2023-02-16,317.7760009765625,3229600
DIA,2023-02-17,319.1457214355469,3034200
DIA,2023-02-21,312.50408935546875,3142900
DIA,2023-02-22,311.8155212402344,2896400
DIA,2023-02-23,312.90045166015625,5999600
DIA,2023-02-24,309.55133056640625,3764700
DIA,2023-02-27,310.4380798339844,2887300
DIA,2023-02-28,308.0889892578125,3155300
DIA,2023-03-01,308.4947814941406,3317500
DIA,2023-03-02,311.7401123046875,3047500
DIA,2023-03-03,315.2965087890625,3033500
DIA,2023-03-06,315.74005126953125,2641700
DIA,2023-03-07,310.2589111328125,5009200
DIA,2023-03-08,309.90032958984375,3169600
DIA,2023-03-09,304.7965393066406,4760900
DIA,2023-03-10,301.6361083984375,7741600
DIA,2023-03-13,300.7775573730469,6831600
DIA,2023-03-14,303.9568786621094,4760500
DIA,2023-03-15,301.4569091796875,6518000
DIA,2023-03-16,304.9569396972656,6569900
DIA,2023-03-17,301.275390625,5314900
DIA,2023-03-20,304.8697814941406,4695000
DIA,2023-03-21,308.01031494140625,3527300
DIA,2023-03-22,302.8644714355469,4378700
DIA,2023-03-23,303.4887390136719,4772600
DIA,2023-03-24,304.8887939453125,4484900
DIA,2023-03-27,306.7711181640625,3550900
DIA,2023-03-28,306.2982177734375,2536500
DIA,2023-03-29,309.391357421875,2531700
DIA,2023-03-30,310.715576171875,2487000
DIA,2023-03-31,314.6317443847656,2837300
DIA,2023-04-03,317.74383544921875,3450700
DIA,2023-04-04,315.8804626464844,2449900
DIA,2023-04-05,316.7127685546875,2566600
DIA,2023-04-06,316.7884826660156,2333300
DIA,2023-04-10,317.7911376953125,2834200
DIA,2023-04-11,318.6803283691406,2343100
DIA,2023-04-12,318.4060363769531,3363800
DIA,2023-04-13,321.9627685546875,3040900
DIA,2023-04-14,320.5153503417969,3107900
DIA,2023-04-17,321.5369873046875,2226400
DIA,2023-04-18,321.4234924316406,2191100
DIA,2023-04-19,320.6573486328125,2854700
DIA,2023-04-20,319.6736145019531,2179300
DIA,2023-04-21,319.9991149902344,2470100
DIA,2023-04-24,320.6049499511719,2288800
DIA,2023-04-25,317.36798095703125,2745300
DIA,2023-04-26,315.1155090332031,3588400
DIA,2023-04-27,320.0843505859375,3066600
DIA,2023-04-28,322.7627258300781,3651100
DIA,2023-05-01,322.1285095214844,2296200
DIA,2023-05-02,318.82568359375,3275800
DIA,2023-05-03,316.21331787109375,3924100
DIA,2023-05-04,313.58221435546875,3576800
DIA,2023-05-05,318.6930847167969,3542700
DIA,2023-05-08,318.2104187011719,1789900
DIA,2023-05-09,317.78436279296875,1924900
DIA,2023-05-10,317.5194396972656,3365500
DIA,2023-05-11,315.4752502441406,2744700
DIA,2023-05-12,315.35211181640625,2636400
DIA,2023-05-15,315.89166259765625,2171000
DIA,2023-05-16,312.65484619140625,2265200
DIA,2023-05-17,316.6866455078125,3068800
DIA,2023-05-18,318.05902099609375,3553500
DIA,2023-05-19,316.97393798828125,3706700
DIA,2023-05-22,315.7502746582031,2555100
DIA,2023-05-23,313.5781555175781,2526200
DIA,2023-05-24,311.1121520996094,2978300
DIA,2023-05-25,310.86566162109375,3499900
DIA,2023-05-26,313.7964782714844,3580000
DIA,2023-05-30,313.49285888671875,3474500
DIA,2023-05-31,312.54449462890625,3067600
DIA,2023-06-01,313.8913269042969,3081300
DIA,2023-06-02,320.6539611816406,5584700
DIA,2023-06-05,318.8139343261719,3415600
DIA,2023-06-06,318.85174560546875,2824900
DIA,2023-06-07,319.8004150390625,2739000
DIA,2023-06-08,321.35577392578125,2700300
DIA,2023-06-09,321.7922058105469,3162300
DIA,2023-06-12,323.5942687988281,2035500
DIA,2023-06-13,324.9696350097656,3259300
DIA,2023-06-14,322.8829040527344,3766000
DIA,2023-06-15,327.0089416503906,4722500
DIA,2023-06-16,326.0164794921875,5576800
DIA,2023-06-20,323.6492919921875,3387200
DIA,2023-06-21,322.6701965332031,3050700
DIA,2023-06-22,322.58465576171875,2605500
DIA,2023-06-23,320.5122375488281,3721600
DIA,2023-06-26,320.4932861328125,2301900
DIA,2023-06-27,322.4801330566406,1778800
DIA,2023-06-28,321.9096984863281,2305000
DIA,2023-06-29,324.3148498535156,2902700
DIA,2023-06-30,326.8719177246094,3027500
DIA,2023-07-03,327.08111572265625,1698400
DIA,2023-07-05,325.88336181640625,2717000
DIA,2023-07-06,322.4801330566406,3742400
DIA,2023-07-07,320.7689514160156,2852200
DIA,2023-07-10,322.812744140625,2560200
DIA,2023-07-11,325.7217102050781,2477100
DIA,2023-07-12,326.66278076171875,4140200
DIA,2023-07-13,326.9385070800781,2472300
DIA,2023-07-14,328.12689208984375,3293400
DIA,2023-07-17,328.7731628417969,2860000
DIA,2023-07-18,332.3189392089844,4617200
DIA,2023-07-19,333.3741760253906,5864300
DIA,2023-07-20,335.0282897949219,4561300
DIA,2023-07-21,335.0073547363281,2971700
DIA,2023-07-24,336.8433532714844,3073700
DIA,2023-07-25,337.0814208984375,2548700
DIA,2023-07-26,337.9660339355469,3084700
DIA,2023-07-27,335.606689453125,4771000
DIA,2023-07-28,337.2335205078125,3219000
DIA,2023-07-31,338.2705383300781,2201400
DIA,2023-08-01,338.8697814941406,2581900
DIA,2023-08-02,335.5780944824219,5061000
DIA,2023-08-03,334.8646240234375,3307000
DIA,2023-08-04,333.5898742675781,4269400
DIA,2023-08-07,337.36669921875,2390800
DIA,2023-08-08,335.8445129394531,3033600
DIA,2023-08-09,334.1892395019531,2873300
DIA,2023-08-10,334.7695007324219,4133500
DIA,2023-08-11,335.8255310058594,2602600
DIA,2023-08-14,336.0252990722656,3134100
DIA,2023-08-15,332.600341796875,2818700
DIA,2023-08-16,330.8499755859375,3586800
DIA,2023-08-17,328.2719421386719,4804100
DIA,2023-08-18,328.81488037109375,3525400
DIA,2023-08-21,328.3861083984375,3176500
DIA,2023-08-22,326.7569274902344,2816000
DIA,2023-08-23,328.5386047363281,2605400
DIA,2023-08-24,324.91815185546875,3840800
DIA,2023-08-25,327.2713623046875,3868500
DIA,2023-08-28,329.3770446777344,2382700
DIA,2023-08-29,332.14947509765625,3107700
DIA,2023-08-30,332.89276123046875,2792900
DIA,2023-08-31,331.3778381347656,2901400
DIA,2023-09-01,332.4924011230469,2533200
DIA,2023-09-05,330.5870056152344,1906900
DIA,2023-09-06,328.70068359375,2748400
DIA,2023-09-07,329.3580017089844,2378600
DIA,2023-09-08,330.1392517089844,1665900
DIA,2023-09-11,330.9585266113281,1722900
DIA,2023-09-12,330.80615234375,1813800
DIA,2023-09-13,330.17742919921875,2025200
DIA,2023-09-14,333.4071044921875,3489400
DIA,2023-09-15,330.658935546875,3581700
DIA,2023-09-18,330.6684265136719,2122800
DIA,2023-09-19,329.6367492675781,2740900
DIA,2023-09-20,328.9202880859375,3411400
DIA,2023-09-21,325.34759521484375,3483700
DIA,2023-09-22,324.3922119140625,3376400
DIA,2023-09-25,324.7743225097656,3104700
DIA,2023-09-26,321.0106201171875,4657300
DIA,2023-09-27,320.4278259277344,4442200
DIA,2023-09-28,321.5646667480469,4053600
DIA,2023-09-29,319.96929931640625,3786500
DIA,2023-10-02,319.1478271484375,4192600
DIA,2023-10-03,315.2216796875,4871100
DIA,2023-10-04,316.1864318847656,4877100
DIA,2023-10-05,316.3584289550781,3172200
DIA,2023-10-06,319.1572570800781,4491300
DIA,2023-10-09,321.0583190917969,3756300
DIA,2023-10-10,322.3575439453125,3769400
DIA,2023-10-11,322.9114990234375,2773900
DIA,2023-10-12,321.2303771972656,3315000
DIA,2023-10-13,321.6219482421875,5154600
DIA,2023-10-16,324.6883850097656,3969300
DIA,2023-10-17,324.78387451171875,3777800
DIA,2023-10-18,321.5742492675781,4141200
DIA,2023-10-19,319.1764221191406,5201800
DIA,2023-10-20,316.5547180175781,3960800
DIA,2023-10-23,314.7672424316406,3898300
DIA,2023-10-24,316.793701171875,3583900
DIA,2023-10-25,315.7517395019531,3836300
DIA,2023-10-26,313.3335876464844,4882600
DIA,2023-10-27,309.8640441894531,4757300
DIA,2023-10-30,314.6812744140625,4617200
DIA,2023-10-31,315.87603759765625,3645800
DIA,2023-11-01,317.9788818359375,4546200
DIA,2023-11-02,323.4365539550781,5356300
DIA,2023-11-03,325.5582275390625,4046900
DIA,2023-11-06,325.9693908691406,2766000
DIA,2023-11-07,326.447265625,2793700
DIA,2023-11-08,326.04583740234375,2787900
DIA,2023-11-09,324.12469482421875,3940700
DIA,2023-11-10,327.8524475097656,3268600
DIA,2023-11-13,328.3876953125,2624500
DIA,2023-11-14,333.0232849121094,4815500
DIA,2023-11-15,334.79150390625,3149400
DIA,2023-11-16,334.5524597167969,3848000
DIA,2023-11-17,334.6646728515625,2059200
DIA,2023-11-20,336.6662902832031,2904300
DIA,2023-11-21,335.995849609375,1849500
DIA,2023-11-22,337.662353515625,3486200
DIA,2023-11-24,338.8499450683594,1245100
DIA,2023-11-27,338.3902893066406,2532400
DIA,2023-11-28,339.1468200683594,2759600
DIA,2023-11-29,339.6640930175781,2736300
DIA,2023-11-30,344.7879943847656,4094300
DIA,2023-12-01,347.708984375,5852500
DIA,2023-12-04,347.3164367675781,4211000
DIA,2023-12-05,346.61737060546875,5372700
DIA,2023-12-06,345.9564514160156,5583700
DIA,2023-12-07,346.5405578613281,3295600
DIA,2023-12-08,347.776123046875,2930400
DIA,2023-12-11,349.27972412109375,3673200
DIA,2023-12-12,350.9271545410156,3239600
DIA,2023-12-13,356.0318908691406,4304800
DIA,2023-12-14,357.5546875,5507000
DIA,2023-12-15,357.68243408203125,6948400
DIA,2023-12-18,358.0182800292969,3403200
DIA,2023-12-19,360.4371643066406,3749200
DIA,2023-12-20,355.9258117675781,4564700
DIA,2023-12-21,358.8822326660156,3837500
DIA,2023-12-22,358.8053894042969,3330700
DIA,2023-12-26,360.2933349609375,2217800
DIA,2023-12-27,361.4547424316406,3061200
DIA,2023-12-28,361.9058837890625,2620400
DIA,2023-12-29,361.7522888183594,3364400
DIA,2024-01-02,361.9634094238281,5776300
DIA,2024-01-03,359.198974609375,6393600
DIA,2024-01-04,359.5157165527344,4251900
DIA,2024-01-05,359.6118469238281,5381700
DIA,2024-01-08,361.7234802246094,4604900
DIA,2024-01-09,360.1300964355469,3230900
DIA,2024-01-10,361.8290710449219,2718700
DIA,2024-01-11,362.040283203125,4095700
DIA,2024-01-12,360.8307800292969,3816700
DIA,2024-01-16,358.67108154296875,4471600
DIA,2024-01-17,357.7687072753906,4361000
DIA,2024-01-18,359.77490234375,3953400
DIA,2024-01-19,363.6195068359375,5218600
DIA,2024-01-22,365.03131103515625,5433400
DIA,2024-01-23,364.0420837402344,3110100
DIA,2024-01-24,363.12969970703125,3967200
DIA,2024-01-25,365.4252014160156,3539100
DIA,2024-01-26,366.01104736328125,3221000
DIA,2024-01-29,368.1431579589844,2730900
DIA,2024-01-30,369.27642822265625,2747900
DIA,2024-01-31,366.2799377441406,4476600
DIA,2024-02-01,369.8623352050781,3652500
DIA,2024-02-02,371.13006591796875,3344800
DIA,2024-02-05,368.4024658203125,3761600
DIA,2024-02-06,369.8431091308594,2507800
DIA,2024-02-07,371.3702697753906,2797600
DIA,2024-02-08,372.0233154296875,2549800
DIA,2024-02-09,371.418212890625,3526300
DIA,2024-02-12,372.753173828125,2412200
DIA,2024-02-13,367.67254638671875,5325300
DIA,2024-02-14,369.0843505859375,3465200
DIA,2024-02-15,372.88763427734375,3497200
DIA,2024-02-16,371.49481201171875,3772300
DIA,2024-02-20,371.0138244628906,3295700
DIA,2024-02-21,371.3602294921875,3027600
DIA,2024-02-22,375.6792907714844,4990700
DIA,2024-02-23,376.3910217285156,3451600
DIA,2024-02-26,375.8428039550781,1914100
DIA,2024-02-27,374.8327331542969,2370900
DIA,2024-02-28,374.7750244140625,3313900
DIA,2024-02-29,375.1116943359375,3026900
DIA,2024-03-01,376.4200134277344,3857500
DIA,2024-03-04,375.3811340332031,3048500
DIA,2024-03-05,371.49481201171875,4132400
DIA,2024-03-06,372.44708251953125,3039100
DIA,2024-03-07,373.66888427734375,2965700
DIA,2024-03-08,373.2261962890625,4256900
DIA,2024-03-11,373.6399841308594,3396000
DIA,2024-03-12,375.9197998046875,3275800
DIA,2024-03-13,376.3334045410156,2788700
DIA,2024-03-14,375.2272033691406,4471900
DIA,2024-03-15,373.1665344238281,4372300
DIA,2024-03-18,373.8705139160156,2060600
DIA,2024-03-19,376.92718505859375,3303800
DIA,2024-03-20,380.8708801269531,4823900
DIA,2024-03-21,383.5323181152344,4348400
DIA,2024-03-22,380.4273986816406,3156100
DIA,2024-03-25,378.9039611816406,2535600
DIA,2024-03-26,378.8074951171875,3395400
DIA,2024-03-27,383.3490295410156,4427300
DIA,2024-03-28,383.5419006347656,3155000
DIA,2024-04-01,381.19879150390625,3825200
DIA,2024-04-02,377.6310119628906,4034900
DIA,2024-04-03,377.2742614746094,3547000
DIA,2024-04-04,372.2215270996094,5041200
DIA,2024-04-05,374.9600830078125,4423500
DIA,2024-04-08,375.1914978027344,2431300
DIA,2024-04-09,374.940673828125,4003900
DIA,2024-04-10,370.76556396484375,5173100
DIA,2024-04-11,370.7944030761719,3972800
DIA,2024-04-12,366.2914123535156,5305100
DIA,2024-04-15,363.8228454589844,4870700
DIA,2024-04-16,364.4690856933594,4383500
DIA,2024-04-17,363.95794677734375,4584900
DIA,2024-04-18,364.3338623046875,4579200
DIA,2024-04-19,366.4158935546875,5078600
DIA,2024-04-22,368.8954162597656,4129000
DIA,2024-04-23,371.4519348144531,3126400
DIA,2024-04-24,370.89239501953125,3575800
DIA,2024-04-25,367.49652099609375,4682800
DIA,2024-04-26,368.8376159667969,4252400
DIA,2024-04-29,370.27496337890625,3265900
DIA,2024-04-30,364.8048400878906,3463600
DIA,2024-05-01,365.5379333496094,5731600
DIA,2024-05-02,368.76031494140625,3535600
DIA,2024-05-03,373.1402587890625,4471100
DIA,2024-05-06,374.7611999511719,2596100
DIA,2024-05-07,375.040771484375,2428600
DIA,2024-05-08,376.7195129394531,2855100
DIA,2024-05-09,380.11553955078125,4141200
DIA,2024-05-10,381.2539367675781,3505600
DIA,2024-05-13,380.559326171875,2635800
DIA,2024-05-14,381.63983154296875,2702700
DIA,2024-05-15,385.20947265625,3421200
DIA,2024-05-16,385.1419372558594,2877200
DIA,2024-05-17,386.4307861328125,2702900
DIA,2024-05-20,384.6433410644531,2094800
DIA,2024-05-21,385.3004455566406,1618300
DIA,2024-05-22,383.2519226074219,2647200
DIA,2024-05-23,377.4548645019531,3361200
DIA,2024-05-24,377.4355163574219,2072200
DIA,2024-05-28,375.46453857421875,2176100
DIA,2024-05-29,371.580322265625,2715000
DIA,2024-05-30,368.58514404296875,4063400
DIA,2024-05-31,374.43060302734375,4748400
DIA,2024-06-03,373.1842346191406,3614300
DIA,2024-06-04,374.4112548828125,2822500
DIA,2024-06-05,375.3968200683594,2181400
DIA,2024-06-06,376.16973876953125,2241900
DIA,2024-06-07,375.35821533203125,1952000
DIA,2024-06-10,376.13116455078125,1380600
DIA,2024-06-11,374.8558044433594,2522600
DIA,2024-06-12,374.58514404296875,3866700
DIA,2024-06-13,373.8025817871094,3136100
DIA,2024-06-14,373.39678955078125,2884300
DIA,2024-06-17,375.44512939453125,2025300
DIA,2024-06-18,375.9862060546875,1848700
DIA,2024-06-20,378.8171691894531,3588000
DIA,2024-06-21,378.95660400390625,2592100
DIA,2024-06-24,381.5130920410156,3096600
DIA,2024-06-25,378.6466979980469,2879100
DIA,2024-06-26,378.8598937988281,1501900
DIA,2024-06-27,379.1696472167969,1601100
DIA,2024-06-28,378.7532653808594,3624400
DIA,2024-07-01,379.0728759765625,2536500
DIA,2024-07-02,380.8448791503906,1711600
DIA,2024-07-03,380.3995361328125,2319100
DIA,2024-07-05,381.241943359375,2011000
DIA,2024-07-08,381.0095520019531,3374500
DIA,2024-07-09,380.50604248046875,3821600
DIA,2024-07-10,384.6893310546875,4234300
DIA,2024-07-11,385.0476379394531,4020700
DIA,2024-07-12,387.6524353027344,4711800
DIA,2024-07-15,389.6278991699219,4433500
DIA,2024-07-16,396.6969299316406,6547600
DIA,2024-07-17,398.8950500488281,4490600
DIA,2024-07-18,393.8500061035156,4922200
DIA,2024-07-19,390.38555908203125,4284500
DIA,2024-07-22,391.5480651855469,2314000
DIA,2024-07-23,390.90863037109375,1693500
DIA,2024-07-24,386.2389221191406,3701300
DIA,2024-07-25,387.0333557128906,4179800
DIA,2024-07-26,393.3113098144531,2810600
DIA,2024-07-29,392.8657531738281,2039000
DIA,2024-07-30,394.70635986328125,2576400
DIA,2024-07-31,395.75274658203125,5634800
DIA,2024-08-01,390.6567077636719,5497900
DIA,2024-08-02,384.7469177246094,4844900
DIA,2024-08-05,374.748779296875,8680200
DIA,2024-08-06,377.80047607421875,4058000
DIA,2024-08-07,375.6787414550781,3969400
DIA,2024-08-08,382.2182922363281,2993500
DIA,2024-08-09,382.8287048339844,3380200
DIA,2024-08-12,381.49169921875,1902000
DIA,2024-08-13,385.3864440917969,3510800
DIA,2024-08-14,387.6147155761719,5230400
DIA,2024-08-15,393.2240905761719,3764100
DIA,2024-08-16,394.375,2789200
DIA,2024-08-19,396.6729431152344,2012400
DIA,2024-08-20,396.1396484375,1999600
DIA,2024-08-21,396.5566101074219,1439000
DIA,2024-08-22,395.0925598144531,2353500
DIA,2024-08-23,399.3103332519531,3818300
DIA,2024-08-26,400.1732482910156,3145000
DIA,2024-08-27,400.3380126953125,1710200
DIA,2024-08-28,398.8351745605469,2732600
DIA,2024-08-29,401.3270568847656,5024800
DIA,2024-08-30,403.55712890625,2283800
DIA,2024-09-03,397.77838134765625,3754700
DIA,2024-09-04,397.9432067871094,2131200
DIA,2024-09-05,396.04278564453125,2234700
DIA,2024-09-06,392.1741027832031,3351000
DIA,2024-09-09,396.6148376464844,3038200
DIA,2024-09-10,395.8488464355469,1970500
DIA,2024-09-11,396.82818603515625,3134600
DIA,2024-09-12,399.4460144042969,3131600
DIA,2024-09-13,402.32574462890625,5210300
DIA,2024-09-16,404.69158935546875,3881100
DIA,2024-09-17,404.5752258300781,2561700
DIA,2024-09-18,403.5377502441406,3173600
DIA,2024-09-19,408.5990295410156,4073000
DIA,2024-09-20,408.9958801269531,2902200
DIA,2024-09-23,409.5209655761719,2318700
DIA,2024-09-24,410.51287841796875,2790700
DIA,2024-09-25,407.585693359375,2048000
DIA,2024-09-26,410.01690673828125,2703700
DIA,2024-09-27,411.310302734375,3667700
DIA,2024-09-30,411.4756774902344,3819800
DIA,2024-10-01,409.9002685546875,5101300
DIA,2024-10-02,410.29901123046875,2599600
DIA,2024-10-03,408.4219970703125,2534400
DIA,2024-10-04,411.7576599121094,2520900
DIA,2024-10-07,408.0622253417969,2632600
DIA,2024-10-08,409.2195129394531,1872900
DIA,2024-10-09,413.3525390625,3935100
DIA,2024-10-10,412.9732971191406,2179000
DIA,2024-10-11,416.93121337890625,3753500
DIA,2024-10-14,419.0318298339844,2180600
DIA,2024-10-15,415.77398681640625,3291200
DIA,2024-10-16,418.86651611328125,2583700
DIA,2024-10-17,420.54888916015625,3462800
DIA,2024-10-18,420.8786315917969,2303700
DIA,2024-10-21,417.697509765625,2702600
DIA,2024-10-22,417.63922119140625,2306100
DIA,2024-10-23,413.60198974609375,4006500
DIA,2024-10-24,412.2595520019531,1936600
DIA,2024-10-25,409.69140625,2518800
DIA,2024-10-28,412.541748046875,2912000
DIA,2024-10-29,411.0143737792969,2697700
DIA,2024-10-30,410.2847900390625,2933600
DIA,2024-10-31,406.31573486328125,4297100
DIA,2024-11-01,408.9908752441406,3856400
DIA,2024-11-04,406.685302734375,3125400
DIA,2024-11-05,410.81976318359375,3093100
DIA,2024-11-06,425.3439636230469,7271800
DIA,2024-11-07,425.4996337890625,4267900
DIA,2024-11-08,428.1456298828125,5014300
DIA,2024-11-11,430.96673583984375,4065100
DIA,2024-11-12,427.4453125,3483000
DIA,2024-11-13,427.85382080078125,2631000
DIA,2024-11-14,425.8011779785156,2528300
DIA,2024-11-15,422.9549560546875,3486900
DIA,2024-11-18,422.64337158203125,2243000
DIA,2024-11-19,421.329345703125,3202500
DIA,2024-11-20,422.74072265625,3956000
DIA,2024-11-21,427.2963562011719,7558000
DIA,2024-11-22,431.37481689453125,5492800
DIA,2024-11-25,435.6578063964844,2976100
DIA,2024-11-26,436.9427490234375,4126500
DIA,2024-11-27,435.8329772949219,2985900
DIA,2024-11-29,438.1205749511719,3474100
DIA,2024-12-02,436.8065185546875,2661200
DIA,2024-12-03,435.9790344238281,1697400
DIA,2024-12-04,438.947998046875,3694400
DIA,2024-12-05,436.73834228515625,1917600
DIA,2024-12-06,435.2587585449219,1973900
DIA,2024-12-09,433.2438049316406,1998600
DIA,2024-12-10,431.89068603515625,2461000
DIA,2024-12-11,430.7421569824219,2084300
DIA,2024-12-12,428.5617370605469,3585300
DIA,2024-12-13,427.6856994628906,2548400
DIA,2024-12-16,426.71221923828125,1987500
DIA,2024-12-17,423.9867248535156,3130300
DIA,2024-12-18,412.9385681152344,6135700
DIA,2024-12-19,413.2402648925781,4948000
DIA,2024-12-20,418.348876953125,6069600
DIA,2024-12-23,418.69049072265625,2602700
DIA,2024-12-24,422.2147216796875,1431700
DIA,2024-12-26,422.90777587890625,1867400
DIA,2024-12-27,419.7741394042969,2429100
DIA,2024-12-30,415.64471435546875,3858300
DIA,2024-12-31,415.3811340332031,2442700
GLD,2020-01-02,143.9499969482422,7733800
GLD,2020-01-03,145.86000061035156,12272800
GLD,2020-01-06,147.38999938964844,14403300
GLD,2020-01-07,147.97000122070312,7978500
GLD,2020-01-08,146.86000061035156,22248500
GLD,2020-01-09,146.02999877929688,10292300
GLD,2020-01-10,146.91000366210938,6183300
GLD,2020-01-13,145.82000732421875,7593800
GLD,2020-01-14,145.69000244140625,6589700
GLD,2020-01-15,146.5399932861328,6510000
GLD,2020-01-16,146.30999755859375,6069100
GLD,2020-01-17,146.5800018310547,11121100
GLD,2020-01-21,146.74000549316406,6086100
GLD,2020-01-22,146.7899932861328,4778200
GLD,2020-01-23,147.1199951171875,8419800
GLD,2020-01-24,147.97999572753906,9919900
GLD,2020-01-27,148.99000549316406,9988100
GLD,2020-01-28,147.66000366210938,7543100
GLD,2020-01-29,148.4600067138672,5013100
GLD,2020-01-30,148.47000122070312,9119500
GLD,2020-01-31,149.3300018310547,14788300
GLD,2020-02-03,148.36000061035156,9105300
GLD,2020-02-04,146.42999267578125,10525600
GLD,2020-02-05,146.61000061035156,6160700
GLD,2020-02-06,147.39999389648438,4819800
GLD,2020-02-07,147.7899932861328,6379300
GLD,2020-02-10,148.1699981689453,5793600
GLD,2020-02-11,147.66000366210938,5179400
GLD,2020-02-12,147.5399932861328,5040600
GLD,2020-02-13,148.3800048828125,7082100
GLD,2020-02-14,149.0,5345400
GLD,2020-02-18,150.91000366210938,11524900
GLD,2020-02-19,151.7899932861328,9269800
GLD,2020-02-20,152.41000366210938,8457300
GLD,2020-02-21,154.6999969482422,16344500
GLD,2020-02-24,156.08999633789062,27171000
GLD,2020-02-25,153.3000030517578,28091500
GLD,2020-02-26,153.97000122070312,17912500
GLD,2020-02-27,154.0,27878500
GLD,2020-02-28,148.3800048828125,42699600
GLD,2020-03-02,149.1999969482422,16295400
GLD,2020-03-03,153.88999938964844,28687700
GLD,2020-03-04,154.16000366210938,12315500
GLD,2020-03-05,157.49000549316406,17973500
GLD,2020-03-06,157.5500030517578,26973400
GLD,2020-03-09,157.80999755859375,24868700
GLD,2020-03-10,154.47999572753906,18811500
GLD,2020-03-11,153.92999267578125,18159900
GLD,2020-03-12,147.7899932861328,32893400
GLD,2020-03-13,143.27999877929688,35177200
GLD,2020-03-16,141.63999938964844,24496000
GLD,2020-03-17,143.55999755859375,24490300
GLD,2020-03-18,140.6999969482422,21953400
GLD,2020-03-19,138.0399932861328,20828900
GLD,2020-03-20,140.11000061035156,20056000
GLD,2020-03-23,146.3000030517578,28275200
GLD,2020-03-24,153.39999389648438,20743500
GLD,2020-03-25,151.3000030517578,16457200
GLD,2020-03-26,153.24000549316406,12778200
GLD,2020-03-27,152.25,9824600
GLD,2020-03-30,152.9199981689453,12080900
GLD,2020-03-31,148.0500030517578,13319500
GLD,2020-04-01,149.4499969482422,11827400
GLD,2020-04-02,151.89999389648438,9188300
GLD,2020-04-03,152.64999389648438,8469100
GLD,2020-04-06,156.8800048828125,14739300
GLD,2020-04-07,156.0399932861328,9195400
GLD,2020-04-08,154.64999389648438,7600800
GLD,2020-04-09,158.69000244140625,18123000
GLD,2020-04-13,161.41000366210938,20549200
GLD,2020-04-14,162.67999267578125,17095100
GLD,2020-04-15,161.85000610351562,12141900
GLD,2020-04-16,161.7100067138672,9233200
GLD,2020-04-17,158.57000732421875,14652700
GLD,2020-04-20,159.6999969482422,10688700
GLD,2020-04-21,158.61000061035156,12478100
GLD,2020-04-22,161.72999572753906,12902100
GLD,2020-04-23,163.33999633789062,14928500
GLD,2020-04-24,162.63999938964844,11199300
GLD,2020-04-27,161.55999755859375,9033500
GLD,2020-04-28,160.83999633789062,10383000
GLD,2020-04-29,161.72999572753906,12232300
GLD,2020-04-30,158.8000030517578,13633500
GLD,2020-05-01,159.77999877929688,10914300
GLD,2020-05-04,160.33999633789062,7986200
GLD,2020-05-05,161.02000427246094,10563100
GLD,2020-05-06,158.9499969482422,13352000
GLD,2020-05-07,161.38999938964844,13691700
GLD,2020-05-08,160.4199981689453,12240900
GLD,2020-05-11,159.4199981689453,11209800
GLD,2020-05-12,160.0399932861328,10406000
GLD,2020-05-13,161.5800018310547,10950400
GLD,2020-05-14,163.00999450683594,17084400
GLD,2020-05-15,163.92999267578125,13918800
GLD,2020-05-18,162.69000244140625,14133800
GLD,2020-05-19,164.25999450683594,8535800
GLD,2020-05-20,164.64999389648438,10666100
GLD,2020-05-21,162.25,11791000
GLD,2020-05-22,163.2100067138672,8540900
GLD,2020-05-26,160.88999938964844,13972000
GLD,2020-05-27,161.17999267578125,13063500
GLD,2020-05-28,161.72000122070312,9758500
GLD,2020-05-29,162.91000366210938,12581800
GLD,2020-06-01,163.66000366210938,8140200
GLD,2020-06-02,162.60000610351562,10388900
GLD,2020-06-03,159.60000610351562,17000500
GLD,2020-06-04,161.27999877929688,10094000
GLD,2020-06-05,158.00999450683594,16021200
GLD,2020-06-08,159.72000122070312,9244400
GLD,2020-06-09,161.25999450683594,9045600
GLD,2020-06-10,163.57000732421875,13009300
GLD,2020-06-11,162.38999938964844,11673900
GLD,2020-06-12,162.6199951171875,6895400
GLD,2020-06-15,162.3300018310547,8532500
GLD,2020-06-16,162.25,7964000
GLD,2020-06-17,162.55999755859375,4758200
GLD,2020-06-18,162.24000549316406,5397600
GLD,2020-06-19,164.02999877929688,12187400
GLD,2020-06-22,165.08999633789062,12385600
GLD,2020-06-23,166.47999572753906,12137300
GLD,2020-06-24,165.89999389648438,10901400
GLD,2020-06-25,165.8000030517578,7093800
GLD,2020-06-26,166.5399932861328,9753500
GLD,2020-06-29,166.6300048828125,6735700
GLD,2020-06-30,167.3699951171875,12762300
GLD,2020-07-01,166.6199951171875,13214800
GLD,2020-07-02,166.97999572753906,8753500
GLD,2020-07-06,167.97999572753906,7265700
GLD,2020-07-07,169.0399932861328,11633100
GLD,2020-07-08,170.08999633789062,11662700
GLD,2020-07-09,169.6300048828125,13327400
GLD,2020-07-10,169.19000244140625,8218000
GLD,2020-07-13,169.39999389648438,11095900
GLD,2020-07-14,170.19000244140625,9812700
GLD,2020-07-15,170.33999633789062,7533800
GLD,2020-07-16,168.72999572753906,10242400
GLD,2020-07-17,170.1199951171875,10296000
GLD,2020-07-20,170.94000244140625,10095500
GLD,2020-07-21,173.0,12826100
GLD,2020-07-22,175.6300048828125,18712500
GLD,2020-07-23,177.17999267578125,23006800
GLD,2020-07-24,178.6999969482422,15601300
GLD,2020-07-27,182.22999572753906,21115600
GLD,2020-07-28,183.75,21164600
GLD,2020-07-29,185.1300048828125,25640100
GLD,2020-07-30,183.75999450683594,18061200
GLD,2020-07-31,185.42999267578125,15876700
GLD,2020-08-03,185.63999938964844,12897000
GLD,2020-08-04,189.58999633789062,20773200
GLD,2020-08-05,191.35000610351562,27078100
GLD,2020-08-06,193.88999938964844,20640100
GLD,2020-08-07,190.80999755859375,24570200
GLD,2020-08-10,190.14999389648438,19047200
GLD,2020-08-11,179.94000244140625,45355000
GLD,2020-08-12,179.10000610351562,28660500
GLD,2020-08-13,183.3300018310547,18596800
GLD,2020-08-14,182.5399932861328,11792000
GLD,2020-08-17,186.5,15709800
GLD,2020-08-18,188.17999267578125,16291600
GLD,2020-08-19,182.24000549316406,24646900
GLD,2020-08-20,183.5,16692200
GLD,2020-08-21,182.02999877929688,12713700
GLD,2020-08-24,181.0,11605800
GLD,2020-08-25,181.22000122070312,10056100
GLD,2020-08-26,183.36000061035156,12715800
GLD,2020-08-27,181.24000549316406,16299200
GLD,2020-08-28,184.38999938964844,13200800
GLD,2020-08-31,184.8300018310547,10251200
GLD,2020-09-01,185.0500030517578,10662100
GLD,2020-09-02,182.6199951171875,11536900
GLD,2020-09-03,181.13999938964844,12148100
GLD,2020-09-04,181.63999938964844,11567900
GLD,2020-09-08,181.2899932861328,13229200
GLD,2020-09-09,183.0500030517578,8424100
GLD,2020-09-10,182.4600067138672,9143600
GLD,2020-09-11,182.4499969482422,7662300
GLD,2020-09-14,183.88999938964844,9709500
GLD,2020-09-15,183.4499969482422,7993700
GLD,2020-09-16,183.97000122070312,12702400
GLD,2020-09-17,182.9600067138672,8836200
GLD,2020-09-18,183.1999969482422,9959700
GLD,2020-09-21,179.52000427246094,17436100
GLD,2020-09-22,178.64999389648438,7977900
GLD,2020-09-23,174.7899932861328,18134000
GLD,2020-09-24,175.44000244140625,11759200
GLD,2020-09-25,174.94000244140625,6779200
GLD,2020-09-28,176.6999969482422,7109700
GLD,2020-09-29,178.19000244140625,8718500
GLD,2020-09-30,177.1199951171875,8371800
GLD,2020-10-01,178.6999969482422,10402800
GLD,2020-10-02,178.5399932861328,7488500
GLD,2020-10-05,179.41000366210938,6969600
GLD,2020-10-06,177.3000030517578,8632800
GLD,2020-10-07,177.22000122070312,6410900
GLD,2020-10-08,177.85000610351562,6530800
GLD,2020-10-09,181.0800018310547,15979800
GLD,2020-10-12,180.55999755859375,4843000
GLD,2020-10-13,177.72000122070312,8384300
GLD,2020-10-14,178.27000427246094,9076600
GLD,2020-10-15,178.9199981689453,6815400
GLD,2020-10-16,178.3000030517578,7260700
GLD,2020-10-19,178.38999938964844,6084400
GLD,2020-10-20,179.25,7121400
GLD,2020-10-21,180.60000610351562,7548100
GLD,2020-10-22,178.8300018310547,8377000
GLD,2020-10-23,178.63999938964844,5919300
GLD,2020-10-26,178.5500030517578,5105100
GLD,2020-10-27,179.02000427246094,5826900
GLD,2020-10-28,176.1300048828125,11734100
GLD,2020-10-29,175.39999389648438,8474500
GLD,2020-10-30,176.1999969482422,7303000
GLD,2020-11-02,177.91000366210938,6498400
GLD,2020-11-03,178.9199981689453,7577200
GLD,2020-11-04,178.82000732421875,11117300
GLD,2020-11-05,182.92999267578125,16102800
GLD,2020-11-06,183.19000244140625,10378300
GLD,2020-11-09,175.0800018310547,29800700
GLD,2020-11-10,175.66000366210938,11728500
GLD,2020-11-11,174.89999389648438,9008500
GLD,2020-11-12,175.9600067138672,7167900
GLD,2020-11-13,177.16000366210938,6469800
GLD,2020-11-16,177.14999389648438,8358500
GLD,2020-11-17,176.5,8229100
GLD,2020-11-18,175.49000549316406,7384700
GLD,2020-11-19,175.16000366210938,6965100
GLD,2020-11-20,175.69000244140625,6379400
GLD,2020-11-23,172.22999572753906,15510600
GLD,2020-11-24,169.58999633789062,19504000
GLD,2020-11-25,169.50999450683594,10286600
GLD,2020-11-27,167.7899932861328,10569100
GLD,2020-11-30,166.6699981689453,13210000
GLD,2020-12-01,170.17999267578125,13533300
GLD,2020-12-02,171.4600067138672,9199700
GLD,2020-12-03,172.80999755859375,10457300
GLD,2020-12-04,172.32000732421875,10098600
GLD,2020-12-07,174.88999938964844,10555100
GLD,2020-12-08,175.5,6348400
GLD,2020-12-09,172.5,10743200
GLD,2020-12-10,172.1699981689453,6564000
GLD,2020-12-11,172.49000549316406,6084800
GLD,2020-12-14,171.5399932861328,7644400
GLD,2020-12-15,173.94000244140625,6840500
GLD,2020-12-16,174.89999389648438,8174700
GLD,2020-12-17,176.74000549316406,9475800
GLD,2020-12-18,176.44000244140625,6789900
GLD,2020-12-21,175.8800048828125,8168900
GLD,2020-12-22,174.49000549316406,9442400
GLD,2020-12-23,175.64999389648438,6542800
GLD,2020-12-24,176.35000610351562,3695400
GLD,2020-12-28,175.7100067138672,7778700
GLD,2020-12-29,176.35000610351562,5983700
GLD,2020-12-30,177.6999969482422,5914000
GLD,2020-12-31,178.36000061035156,7540800
GLD,2021-01-04,182.3300018310547,14331400
GLD,2021-01-05,182.8699951171875,12718800
GLD,2021-01-06,179.89999389648438,18453500
GLD,2021-01-07,179.47999572753906,7110200
GLD,2021-01-08,173.33999633789062,24399900
GLD,2021-01-11,173.0,8571400
GLD,2021-01-12,174.1199951171875,9798500
GLD,2021-01-13,173.3699951171875,14110300
GLD,2021-01-14,173.27999877929688,13522700
GLD,2021-01-15,171.1300048828125,16172500
GLD,2021-01-19,172.5800018310547,7485700
GLD,2021-01-20,175.38999938964844,9456000
GLD,2021-01-21,175.27999877929688,7246800
GLD,2021-01-22,173.89999389648438,7269600
GLD,2021-01-25,174.0500030517578,5936800
GLD,2021-01-26,173.6199951171875,4685600
GLD,2021-01-27,172.52000427246094,9036500
GLD,2021-01-28,172.67999267578125,9392400
GLD,2021-01-29,172.61000061035156,11252800
GLD,2021-02-01,174.22999572753906,9105500
GLD,2021-02-02,172.11000061035156,7221700
GLD,2021-02-03,171.85000610351562,4658100
GLD,2021-02-04,168.14999389648438,13736600
GLD,2021-02-05,169.80999755859375,6538500
GLD,2021-02-08,171.52000427246094,6887500
GLD,2021-02-09,172.0800018310547,5131800
GLD,2021-02-10,172.7100067138672,6112800
GLD,2021-02-11,171.2100067138672,5994500
GLD,2021-02-12,170.69000244140625,6018900
GLD,2021-02-16,168.24000549316406,14761100
GLD,2021-02-17,166.3300018310547,11400700
GLD,2021-02-18,166.32000732421875,7498200
GLD,2021-02-19,167.00999450683594,8273500
GLD,2021-02-22,169.50999450683594,10072000
GLD,2021-02-23,169.1199951171875,8616800
GLD,2021-02-24,169.0,8890600
GLD,2021-02-25,165.82000732421875,16359400
GLD,2021-02-26,161.80999755859375,23730400
GLD,2021-03-01,161.52999877929688,13828300
GLD,2021-03-02,162.41000366210938,11424600
GLD,2021-03-03,160.6199951171875,13059900
GLD,2021-03-04,159.0399932861328,13870100
GLD,2021-03-05,159.13999938964844,12821600
GLD,2021-03-08,157.49000549316406,12134900
GLD,2021-03-09,160.83999633789062,10382600
GLD,2021-03-10,161.66000366210938,7962000
GLD,2021-03-11,161.52000427246094,6749200
GLD,2021-03-12,161.49000549316406,8608500
GLD,2021-03-15,162.1999969482422,8104500
GLD,2021-03-16,162.35000610351562,7547400
GLD,2021-03-17,163.50999450683594,12626700
GLD,2021-03-18,162.55999755859375,8711100
GLD,2021-03-19,163.24000549316406,6868900
GLD,2021-03-22,163.0,5240000
GLD,2021-03-23,161.80999755859375,6048300
GLD,2021-03-24,162.3699951171875,6183700
GLD,2021-03-25,161.77999877929688,8398600
GLD,2021-03-26,162.24000549316406,6153900
GLD,2021-03-29,160.30999755859375,8409300
GLD,2021-03-30,157.57000732421875,8353200
GLD,2021-03-31,159.9600067138672,10623800
GLD,2021-04-01,161.97999572753906,7105200
GLD,2021-04-05,161.9199981689453,6163800
GLD,2021-04-06,163.22000122070312,6761200
GLD,2021-04-07,162.75999450683594,5436000
GLD,2021-04-08,164.50999450683594,6574500
GLD,2021-04-09,163.27000427246094,6657900
GLD,2021-04-12,162.27999877929688,4896700
GLD,2021-04-13,163.42999267578125,6995900
GLD,2021-04-14,162.72000122070312,6312300
GLD,2021-04-15,165.35000610351562,8250600
GLD,2021-04-16,166.35000610351562,10057600
GLD,2021-04-19,165.88999938964844,5721700
GLD,2021-04-20,166.47999572753906,6532000
GLD,2021-04-21,168.1300048828125,8380200
GLD,2021-04-22,167.0399932861328,7680100
GLD,2021-04-23,166.39999389648438,7106400
GLD,2021-04-26,166.83999633789062,4786600
GLD,2021-04-27,166.4199981689453,5363500
GLD,2021-04-28,166.91000366210938,6932200
GLD,2021-04-29,166.22000122070312,9067600
GLD,2021-04-30,165.66000366210938,6248700
GLD,2021-05-03,167.80999755859375,9014700
GLD,2021-05-04,166.5800018310547,10267400
GLD,2021-05-05,167.27000427246094,5950000
GLD,2021-05-06,170.05999755859375,13574100
GLD,2021-05-07,171.58999633789062,14748600
GLD,2021-05-10,172.11000061035156,8276600
GLD,2021-05-11,172.13999938964844,8348200
GLD,2021-05-12,170.42999267578125,12666300
GLD,2021-05-13,171.1300048828125,8078300
GLD,2021-05-14,172.69000244140625,9686800
GLD,2021-05-17,174.6999969482422,11956800
GLD,2021-05-18,175.0399932861328,7294000
GLD,2021-05-19,175.16000366210938,20741100
GLD,2021-05-20,175.9600067138672,9802800
GLD,2021-05-21,176.0399932861328,7677200
GLD,2021-05-24,176.35000610351562,5557300
GLD,2021-05-25,177.9499969482422,8986900
GLD,2021-05-26,177.63999938964844,8495400
GLD,2021-05-27,177.7100067138672,7993000
GLD,2021-05-28,178.3800048828125,9967000
GLD,2021-06-01,177.89999389648438,9143300
GLD,2021-06-02,178.77000427246094,6613100
GLD,2021-06-03,175.27000427246094,10153900
GLD,2021-06-04,177.16000366210938,8375300
GLD,2021-06-07,177.8699951171875,7709100
GLD,2021-06-08,177.32000732421875,5905800
GLD,2021-06-09,176.97999572753906,6346100
GLD,2021-06-10,177.74000549316406,9896600
GLD,2021-06-11,175.74000549316406,7836900
GLD,2021-06-14,174.7100067138672,7733600
GLD,2021-06-15,174.0500030517578,7550200
GLD,2021-06-16,171.11000061035156,16919700
GLD,2021-06-17,165.85000610351562,27232200
GLD,2021-06-18,164.92999267578125,15744300
GLD,2021-06-21,166.9499969482422,8371000
GLD,2021-06-22,166.25,7223900
GLD,2021-06-23,166.13999938964844,8474300
GLD,2021-06-24,166.0399932861328,6903400
GLD,2021-06-25,166.58999633789062,7473700
GLD,2021-06-28,166.5800018310547,6508900
GLD,2021-06-29,164.8300018310547,7451400
GLD,2021-06-30,165.6300048828125,7955800
GLD,2021-07-01,166.1999969482422,7430500
GLD,2021-07-02,167.2899932861328,7873600
GLD,2021-07-06,168.1199951171875,7932100
GLD,2021-07-07,168.75999450683594,7108900
GLD,2021-07-08,168.64999389648438,7244300
GLD,2021-07-09,169.2100067138672,4997400
GLD,2021-07-12,169.0,7315400
GLD,2021-07-13,169.22000122070312,7040300
GLD,2021-07-14,171.0399932861328,8830300
GLD,2021-07-15,171.07000732421875,6520100
GLD,2021-07-16,169.41000366210938,9460300
GLD,2021-07-19,169.61000061035156,6707400
GLD,2021-07-20,169.38999938964844,6540100
GLD,2021-07-21,168.75999450683594,4622600
GLD,2021-07-22,169.08999633789062,4793600
GLD,2021-07-23,168.55999755859375,5831500
GLD,2021-07-26,168.16000366210938,5229800
GLD,2021-07-27,168.44000244140625,6300200
GLD,2021-07-28,169.2899932861328,7905800
GLD,2021-07-29,171.1699981689453,8119600
GLD,2021-07-30,169.82000732421875,7391700
GLD,2021-08-02,169.61000061035156,10783200
GLD,2021-08-03,169.49000549316406,5402300
GLD,2021-08-04,169.52999877929688,9796300
GLD,2021-08-05,168.86000061035156,8015000
GLD,2021-08-06,164.63999938964844,13547600
GLD,2021-08-09,161.72000122070312,11547000
GLD,2021-08-10,161.77000427246094,6870800
GLD,2021-08-11,164.0,7382400
GLD,2021-08-12,164.0399932861328,5211700
GLD,2021-08-13,166.38999938964844,7466900
GLD,2021-08-16,167.22000122070312,7776500
GLD,2021-08-17,166.97000122070312,7107000
GLD,2021-08-18,167.10000610351562,7697900
GLD,2021-08-19,166.61000061035156,6934300
GLD,2021-08-20,166.6999969482422,7154000
GLD,2021-08-23,168.72999572753906,8190500
GLD,2021-08-24,168.64999389648438,4519200
GLD,2021-08-25,167.47999572753906,5588800
GLD,2021-08-26,167.6699981689453,4371900
GLD,2021-08-27,170.19000244140625,10036400
GLD,2021-08-30,169.35000610351562,3768600
GLD,2021-08-31,169.69000244140625,6336000
GLD,2021-09-01,169.6999969482422,4764900
GLD,2021-09-02,169.25,4599800
GLD,2021-09-03,171.05999755859375,8353300
GLD,2021-09-07,167.7100067138672,10004600
GLD,2021-09-08,167.2899932861328,6576000
GLD,2021-09-09,168.02999877929688,6641400
GLD,2021-09-10,167.17999267578125,7426300
GLD,2021-09-13,167.74000549316406,5474300
GLD,2021-09-14,168.82000732421875,7922900
GLD,2021-09-15,167.8300018310547,5624900
GLD,2021-09-16,164.02999877929688,11780400
GLD,2021-09-17,163.77000427246094,8369700
GLD,2021-09-20,164.94000244140625,7566600
GLD,2021-09-21,166.0399932861328,7181500
GLD,2021-09-22,165.4199981689453,9777800
GLD,2021-09-23,163.50999450683594,8451900
GLD,2021-09-24,163.3000030517578,6937500
GLD,2021-09-27,163.63999938964844,4943000
GLD,2021-09-28,162.0500030517578,9282800
GLD,2021-09-29,161.32000732421875,8360700
GLD,2021-09-30,164.22000122070312,10572900
GLD,2021-10-01,164.58999633789062,6654700
GLD,2021-10-04,165.36000061035156,7651700
GLD,2021-10-05,164.58999633789062,5617300
GLD,2021-10-06,165.02999877929688,6067200
GLD,2021-10-07,164.16000366210938,4791500
GLD,2021-10-08,164.22999572753906,8536100
GLD,2021-10-11,163.9199981689453,3820100
GLD,2021-10-12,164.66000366210938,5453000
GLD,2021-10-13,167.58999633789062,11113800
GLD,2021-10-14,168.0,5081400
GLD,2021-10-15,165.3300018310547,8699200
GLD,2021-10-18,164.9199981689453,4029600
GLD,2021-10-19,165.4499969482422,6588500
GLD,2021-10-20,166.89999389648438,5022000
GLD,2021-10-21,166.75,4412400
GLD,2021-10-22,167.77000427246094,10703900
GLD,2021-10-25,168.92999267578125,4881300
GLD,2021-10-26,167.67999267578125,6658900
GLD,2021-10-27,168.1199951171875,5823100
GLD,2021-10-28,168.0800018310547,7000700
GLD,2021-10-29,166.64999389648438,7531900
GLD,2021-11-01,167.52000427246094,4975600
GLD,2021-11-02,167.16000366210938,3760700
GLD,2021-11-03,165.77000427246094,9055200
GLD,2021-11-04,167.64999389648438,6656100
GLD,2021-11-05,169.83999633789062,9368900
GLD,2021-11-08,170.4499969482422,4966100
GLD,2021-11-09,171.2899932861328,5781200
GLD,2021-11-10,173.14999389648438,11461800
GLD,2021-11-11,174.1199951171875,5959600
GLD,2021-11-12,174.4499969482422,7894800
GLD,2021-11-15,174.17999267578125,5630800
GLD,2021-11-16,172.9199981689453,8667300
GLD,2021-11-17,174.5,6523100
GLD,2021-11-18,173.94000244140625,6252000
GLD,2021-11-19,172.61000061035156,8785600
GLD,2021-11-22,168.74000549316406,13091900
GLD,2021-11-23,167.27999877929688,8047800
GLD,2021-11-24,167.1199951171875,5359500
GLD,2021-11-26,166.85000610351562,9605200
GLD,2021-11-29,166.6199951171875,7394900
GLD,2021-11-30,165.5,12925300
GLD,2021-12-01,166.16000366210938,7808600
GLD,2021-12-02,165.24000549316406,9604100
GLD,2021-12-03,166.6300048828125,9507900
GLD,2021-12-06,166.22000122070312,4813600
GLD,2021-12-07,166.80999755859375,4900700
GLD,2021-12-08,166.89999389648438,4288900
GLD,2021-12-09,165.8800048828125,4913800
GLD,2021-12-10,166.5800018310547,6450600
GLD,2021-12-13,167.0,6610700
GLD,2021-12-14,165.44000244140625,8637900
GLD,2021-12-15,166.14999389648438,14231200
GLD,2021-12-16,168.16000366210938,11186200
GLD,2021-12-17,167.8000030517578,9856900
GLD,2021-12-20,167.08999633789062,6973000
GLD,2021-12-21,167.02000427246094,4548500
GLD,2021-12-22,168.58999633789062,4672900
GLD,2021-12-23,168.97000122070312,4551100
GLD,2021-12-27,169.3699951171875,4760300
GLD,2021-12-28,168.63999938964844,4541900
GLD,2021-12-29,168.58999633789062,5889700
GLD,2021-12-30,169.8000030517578,5426300
GLD,2021-12-31,170.9600067138672,7039300
GLD,2022-01-03,168.3300018310547,9014400
GLD,2022-01-04,169.57000732421875,6965600
GLD,2022-01-05,169.05999755859375,8715600
GLD,2022-01-06,166.99000549316406,10902700
GLD,2022-01-07,167.75,8191900
GLD,2022-01-10,168.25999450683594,7026500
GLD,2022-01-11,170.2899932861328,8369000
GLD,2022-01-12,170.74000549316406,6280700
GLD,2022-01-13,170.16000366210938,7034200
GLD,2022-01-14,169.6699981689453,7865900
GLD,2022-01-18,169.38999938964844,9322800
GLD,2022-01-19,172.0800018310547,15784500
GLD,2022-01-20,171.64999389648438,9570500
GLD,2022-01-21,171.08999633789062,10982500
GLD,2022-01-24,172.02999877929688,15727700
GLD,2022-01-25,172.5800018310547,17382100
GLD,2022-01-26,169.7899932861328,17799400
GLD,2022-01-27,167.60000610351562,15867300
GLD,2022-01-28,167.10000610351562,9782500
GLD,2022-01-31,168.08999633789062,8539300
GLD,2022-02-01,168.22999572753906,9763900
GLD,2022-02-02,168.83999633789062,9085300
GLD,2022-02-03,168.60000610351562,10650800
GLD,2022-02-04,168.86000061035156,9619600
GLD,2022-02-07,170.11000061035156,7796900
GLD,2022-02-08,170.6300048828125,5802000
GLD,2022-02-09,171.2100067138672,8002800
GLD,2022-02-10,170.55999755859375,10693500
GLD,2022-02-11,173.80999755859375,25741500
GLD,2022-02-14,174.74000549316406,13650700
GLD,2022-02-15,173.0800018310547,12603600
GLD,2022-02-16,174.86000061035156,12772100
GLD,2022-02-17,177.25,18612500
GLD,2022-02-18,177.1199951171875,12760700
GLD,2022-02-22,177.49000549316406,14960500
GLD,2022-02-23,178.2899932861328,11772200
GLD,2022-02-24,177.13999938964844,32726000
GLD,2022-02-25,176.5500030517578,11530900
GLD,2022-02-28,178.3800048828125,16055800
GLD,2022-03-01,181.6199951171875,21942100
GLD,2022-03-02,179.72999572753906,19727200
GLD,2022-03-03,180.8000030517578,15164400
GLD,2022-03-04,183.67999267578125,22390100
GLD,2022-03-07,186.41000366210938,27951800
GLD,2022-03-08,191.50999450683594,47347700
GLD,2022-03-09,185.82000732421875,26839700
GLD,2022-03-10,186.39999389648438,18455200
GLD,2022-03-11,185.08999633789062,14824700
GLD,2022-03-14,182.3000030517578,13186400
GLD,2022-03-15,178.88999938964844,16962300
GLD,2022-03-16,180.00999450683594,17548100
GLD,2022-03-17,180.88999938964844,10954100
GLD,2022-03-18,179.3000030517578,13996500
GLD,2022-03-21,180.6699981689453,10582200
GLD,2022-03-22,179.36000061035156,9621800
GLD,2022-03-23,181.80999755859375,12557300
GLD,2022-03-24,183.1300048828125,10970100
GLD,2022-03-25,182.3800048828125,7911100
GLD,2022-03-28,179.05999755859375,9489700
GLD,2022-03-29,179.13999938964844,10458900
GLD,2022-03-30,180.5800018310547,8361300
GLD,2022-03-31,180.64999389648438,9844400
GLD,2022-04-01,179.5,13034400
GLD,2022-04-04,180.3699951171875,7063100
GLD,2022-04-05,179.24000549316406,10828500
GLD,2022-04-06,179.66000366210938,8942100
GLD,2022-04-07,180.33999633789062,10140600
GLD,2022-04-08,181.47000122070312,10655700
GLD,2022-04-11,182.3699951171875,10071300
GLD,2022-04-12,183.77000427246094,12024600
GLD,2022-04-13,184.64999389648438,8651600
GLD,2022-04-14,184.0399932861328,11567200
GLD,2022-04-18,184.61000061035156,8886700
GLD,2022-04-19,181.82000732421875,12585600
GLD,2022-04-20,182.7100067138672,7038600
GLD,2022-04-21,182.05999755859375,9639800
GLD,2022-04-22,180.2899932861328,9147000
GLD,2022-04-25,177.0500030517578,13073700
GLD,2022-04-26,177.32000732421875,9042400
GLD,2022-04-27,175.97999572753906,8854700
GLD,2022-04-28,176.92999267578125,6381100
GLD,2022-04-29,176.91000366210938,7719700
GLD,2022-05-02,173.6300048828125,14318600
GLD,2022-05-03,174.08999633789062,7214300
GLD,2022-05-04,175.8000030517578,10491700
GLD,2022-05-05,175.1300048828125,12794200
GLD,2022-05-06,175.4199981689453,7643300
GLD,2022-05-09,172.8800048828125,10742400
GLD,2022-05-10,171.4199981689453,11010400
GLD,2022-05-11,172.82000732421875,9179600
GLD,2022-05-12,170.1699981689453,11626800
GLD,2022-05-13,168.7899932861328,13031100
GLD,2022-05-16,170.39999389648438,7319300
GLD,2022-05-17,169.3300018310547,6441100
GLD,2022-05-18,169.4199981689453,7472900
GLD,2022-05-19,171.91000366210938,10580300
GLD,2022-05-20,172.02999877929688,6578100
GLD,2022-05-23,172.8300018310547,5518500
GLD,2022-05-24,174.1300048828125,6794000
GLD,2022-05-25,173.0800018310547,4595900
GLD,2022-05-26,172.75999450683594,6467000
GLD,2022-05-27,172.85000610351562,3847900
GLD,2022-05-31,171.13999938964844,6244000
GLD,2022-06-01,172.22999572753906,6946500
GLD,2022-06-02,174.35000610351562,5623100
GLD,2022-06-03,172.5800018310547,5519400
GLD,2022-06-06,171.82000732421875,3766000
GLD,2022-06-07,172.94000244140625,3860000
GLD,2022-06-08,172.77999877929688,5140800
GLD,2022-06-09,172.22999572753906,4701100
GLD,2022-06-10,174.5399932861328,16856100
GLD,2022-06-13,169.92999267578125,13265200
GLD,2022-06-14,168.57000732421875,7347900
GLD,2022-06-15,170.77000427246094,9000300
GLD,2022-06-16,172.69000244140625,8823600
GLD,2022-06-17,171.27000427246094,7407200
GLD,2022-06-21,170.6300048828125,5608500
GLD,2022-06-22,171.30999755859375,6558700
GLD,2022-06-23,170.25999450683594,6535300
GLD,2022-06-24,170.08999633789062,6143100
GLD,2022-06-27,169.89999389648438,5719700
GLD,2022-06-28,169.6199951171875,2982700
GLD,2022-06-29,169.49000549316406,4785600
GLD,2022-06-30,168.4600067138672,9144400
GLD,2022-07-01,168.32000732421875,11380300
GLD,2022-07-05,164.75,14035400
GLD,2022-07-06,162.13999938964844,11861100
GLD,2022-07-07,162.22999572753906,4588400
GLD,2022-07-08,162.3000030517578,4584100
GLD,2022-07-11,161.42999267578125,4321700
GLD,2022-07-12,160.8300018310547,5375100
GLD,2022-07-13,161.60000610351562,8456600
GLD,2022-07-14,159.3300018310547,12213600
GLD,2022-07-15,159.00999450683594,6783800
GLD,2022-07-18,159.16000366210938,5791800
GLD,2022-07-19,159.5399932861328,3796200
GLD,2022-07-20,158.0399932861328,4795800
GLD,2022-07-21,160.27000427246094,5863300
GLD,2022-07-22,160.6699981689453,5733800
GLD,2022-07-25,160.22999572753906,3713400
GLD,2022-07-26,160.0399932861328,2672800
GLD,2022-07-27,161.6699981689453,5766100
GLD,2022-07-28,163.63999938964844,5606400
GLD,2022-07-29,164.10000610351562,7537300
GLD,2022-08-01,165.02999877929688,4666900
GLD,2022-08-02,164.0500030517578,5725400
GLD,2022-08-03,164.4499969482422,4417800
GLD,2022-08-04,167.1699981689453,5502000
GLD,2022-08-05,165.2899932861328,6023300
GLD,2022-08-08,166.69000244140625,3456300
GLD,2022-08-09,167.1999969482422,3205500
GLD,2022-08-10,166.77999877929688,4077300
GLD,2022-08-11,166.33999633789062,4446000
GLD,2022-08-12,167.8699951171875,5151700
GLD,2022-08-15,165.7100067138672,5236100
GLD,2022-08-16,165.4199981689453,4291500
GLD,2022-08-17,164.35000610351562,5569100
GLD,2022-08-18,163.9199981689453,3646100
GLD,2022-08-19,162.72000122070312,8173000
GLD,2022-08-22,161.63999938964844,4458100
GLD,2022-08-23,162.77000427246094,4425100
GLD,2022-08-24,163.25,3202400
GLD,2022-08-25,163.75,2857500
GLD,2022-08-26,161.75999450683594,6689300
GLD,2022-08-29,161.86000061035156,4702300
GLD,2022-08-30,160.50999450683594,4856600
GLD,2022-08-31,159.27000427246094,5438600
GLD,2022-09-01,157.8699951171875,7390800
GLD,2022-09-02,159.25999450683594,5196900
GLD,2022-09-06,158.3300018310547,4863800
GLD,2022-09-07,159.94000244140625,3981400
GLD,2022-09-08,158.97999572753906,4607100
GLD,2022-09-09,159.82000732421875,3927800
GLD,2022-09-12,160.6300048828125,4537500
GLD,2022-09-13,158.5399932861328,6526400
GLD,2022-09-14,157.92999267578125,6091100
GLD,2022-09-15,154.97999572753906,13181200
GLD,2022-09-16,155.83999633789062,7141200
GLD,2022-09-19,155.9600067138672,5582800
GLD,2022-09-20,155.07000732421875,5943700
GLD,2022-09-21,155.7899932861328,7816100
GLD,2022-09-22,155.6999969482422,5975200
GLD,2022-09-23,153.00999450683594,9598000
GLD,2022-09-26,151.22999572753906,8240500
GLD,2022-09-27,151.5399932861328,7151300
GLD,2022-09-28,154.69000244140625,8977200
GLD,2022-09-29,154.66000366210938,6317000
GLD,2022-09-30,154.6699981689453,6832400
GLD,2022-10-03,158.42999267578125,10362200
GLD,2022-10-04,160.6999969482422,8024500
GLD,2022-10-05,159.80999755859375,5296300
GLD,2022-10-06,159.6300048828125,5712600
GLD,2022-10-07,157.8800048828125,5030000
GLD,2022-10-10,155.47999572753906,6110800
GLD,2022-10-11,155.16000366210938,5306700
GLD,2022-10-12,155.99000549316406,3998500
GLD,2022-10-13,154.91000366210938,7083800
GLD,2022-10-14,152.97999572753906,5471900
GLD,2022-10-17,153.4199981689453,4348000
GLD,2022-10-18,153.75,4528400
GLD,2022-10-19,151.69000244140625,8257100
GLD,2022-10-20,151.4499969482422,5019800
GLD,2022-10-21,154.14999389648438,6898400
GLD,2022-10-24,153.64999389648438,4673300
GLD,2022-10-25,154.0,3434100
GLD,2022-10-26,154.97999572753906,4448200
GLD,2022-10-27,154.74000549316406,3654900
GLD,2022-10-28,153.16000366210938,4645400
GLD,2022-10-31,151.91000366210938,6097800
GLD,2022-11-01,153.4600067138672,4603600
GLD,2022-11-02,152.38999938964844,7210900
GLD,2022-11-03,151.80999755859375,5378800
GLD,2022-11-04,156.47000122070312,7692000
GLD,2022-11-07,155.85000610351562,4425700
GLD,2022-11-08,159.4499969482422,11299600
GLD,2022-11-09,158.64999389648438,6040600
GLD,2022-11-10,163.47999572753906,9939900
GLD,2022-11-11,164.55999755859375,4622400
GLD,2022-11-14,164.9199981689453,6187600
GLD,2022-11-15,165.5,9903500
GLD,2022-11-16,165.1199951171875,3645800
GLD,2022-11-17,163.9199981689453,4574400
GLD,2022-11-18,162.7899932861328,4321100
GLD,2022-11-21,161.8800048828125,4766500
GLD,2022-11-22,162.07000732421875,3203800
GLD,2022-11-23,163.0800018310547,4167000
GLD,2022-11-25,163.22000122070312,1436500
GLD,2022-11-28,161.92999267578125,4052900
GLD,2022-11-29,162.72999572753906,2620600
GLD,2022-11-30,164.80999755859375,4874700
GLD,2022-12-01,167.83999633789062,8625800
GLD,2022-12-02,167.25999450683594,5185900
GLD,2022-12-05,164.38999938964844,5436200
GLD,2022-12-06,164.83999633789062,3597800
GLD,2022-12-07,166.3300018310547,4610700
GLD,2022-12-08,166.47000122070312,3217900
GLD,2022-12-09,167.05999755859375,5431300
GLD,2022-12-12,165.67999267578125,3504400
GLD,2022-12-13,168.50999450683594,6750200
GLD,2022-12-14,168.10000610351562,5643000
GLD,2022-12-15,165.35000610351562,8363000
GLD,2022-12-16,166.7899932861328,5372000
GLD,2022-12-19,166.32000732421875,3940500
GLD,2022-12-20,169.0800018310547,7803100
GLD,2022-12-21,168.8000030517578,3990100
GLD,2022-12-22,166.75999450683594,5672700
GLD,2022-12-23,167.25999450683594,2912300
GLD,2022-12-27,168.6699981689453,6885700
GLD,2022-12-28,167.91000366210938,3662500
GLD,2022-12-29,168.85000610351562,3345900
GLD,2022-12-30,169.63999938964844,2864500
GLD,2023-01-03,171.05999755859375,7992900
GLD,2023-01-04,172.6699981689453,7574600
GLD,2023-01-05,170.52000427246094,4692600
GLD,2023-01-06,173.7100067138672,7889000
GLD,2023-01-09,174.10000610351562,5134500
GLD,2023-01-10,174.74000549316406,4398400
GLD,2023-01-11,174.6199951171875,3374200
GLD,2023-01-12,176.63999938964844,6936900
GLD,2023-01-13,178.75999450683594,7468800
GLD,2023-01-17,177.58999633789062,6610800
GLD,2023-01-18,177.0800018310547,5384700
GLD,2023-01-19,179.88999938964844,6678700
GLD,2023-01-20,179.2899932861328,5754800
GLD,2023-01-23,179.6300048828125,5265500
GLD,2023-01-24,180.27999877929688,4604600
GLD,2023-01-25,181.11000061035156,6925300
GLD,2023-01-26,179.47000122070312,5860100
GLD,2023-01-27,179.22000122070312,6052700
GLD,2023-01-30,178.75999450683594,4210700
GLD,2023-01-31,179.41000366210938,5976900
GLD,2023-02-01,181.6699981689453,7996000
GLD,2023-02-02,177.89999389648438,8842400
GLD,2023-02-03,173.4600067138672,13674400
GLD,2023-02-06,173.82000732421875,8957000
GLD,2023-02-07,173.97999572753906,6794200
GLD,2023-02-08,174.41000366210938,4075600
GLD,2023-02-09,173.02999877929688,5361300
GLD,2023-02-10,173.36000061035156,2971100
GLD,2023-02-13,172.47999572753906,3970800
GLD,2023-02-14,172.61000061035156,5403100
GLD,2023-02-15,170.88999938964844,5423800
GLD,2023-02-16,170.75,4540400
GLD,2023-02-17,171.25999450683594,4809800
GLD,2023-02-21,170.6199951171875,4035900
GLD,2023-02-22,169.66000366210938,4105700
GLD,2023-02-23,169.57000732421875,5073500
GLD,2023-02-24,168.35000610351562,6496500
GLD,2023-02-27,169.00999450683594,4509200
GLD,2023-02-28,169.77999877929688,6761600
GLD,2023-03-01,170.75999450683594,6590500
GLD,2023-03-02,170.66000366210938,3950700
GLD,2023-03-03,172.49000549316406,6894500
GLD,2023-03-06,171.6199951171875,4264100
GLD,2023-03-07,168.6199951171875,8713300
GLD,2023-03-08,168.5399932861328,5718600
GLD,2023-03-09,170.1999969482422,5583000
GLD,2023-03-10,173.8699951171875,13803400
GLD,2023-03-13,177.86000061035156,20554400
GLD,2023-03-14,176.8300018310547,10019000
GLD,2023-03-15,178.2100067138672,14546100
GLD,2023-03-16,178.57000732421875,10762200
GLD,2023-03-17,183.77000427246094,24156300
GLD,2023-03-20,183.83999633789062,11845700
GLD,2023-03-21,180.3699951171875,10734500
GLD,2023-03-22,183.44000244140625,11969600
GLD,2023-03-23,185.74000549316406,11347100
GLD,2023-03-24,183.64999389648438,9245900
GLD,2023-03-27,181.9499969482422,6925000
GLD,2023-03-28,183.44000244140625,6202600
GLD,2023-03-29,182.52999877929688,4996500
GLD,2023-03-30,184.17999267578125,6360300
GLD,2023-03-31,183.22000122070312,8003300
GLD,2023-04-03,184.5399932861328,9206600
GLD,2023-04-04,187.97999572753906,13765400
GLD,2023-04-05,187.8300018310547,11440800
GLD,2023-04-06,186.49000549316406,6648400
GLD,2023-04-10,185.11000061035156,6408100
GLD,2023-04-11,186.27999877929688,6031500
GLD,2023-04-12,187.19000244140625,10000900
GLD,2023-04-13,189.72000122070312,14060100
GLD,2023-04-14,186.36000061035156,13272500
GLD,2023-04-17,185.52999877929688,7468100
GLD,2023-04-18,186.25,8056900
GLD,2023-04-19,185.36000061035156,7373500
GLD,2023-04-20,186.08999633789062,5789900
GLD,2023-04-21,184.25,10698700
GLD,2023-04-24,184.80999755859375,8303400
GLD,2023-04-25,185.75,8451900
GLD,2023-04-26,184.74000549316406,8203600
GLD,2023-04-27,184.75,9107400
GLD,2023-04-28,184.8000030517578,6700400
GLD,2023-05-01,183.97000122070312,7997700
GLD,2023-05-02,187.52000427246094,14680600
GLD,2023-05-03,189.11000061035156,11133800
GLD,2023-05-04,190.44000244140625,14146800
GLD,2023-05-05,187.4600067138672,12508100
GLD,2023-05-08,187.69000244140625,6075400
GLD,2023-05-09,189.02000427246094,7098800
GLD,2023-05-10,188.75,9392100
GLD,2023-05-11,187.1300048828125,8245500
GLD,2023-05-12,186.80999755859375,7087500
GLD,2023-05-15,187.2100067138672,5518100
GLD,2023-05-16,184.8699951171875,9519500
GLD,2023-05-17,184.22999572753906,7474300
GLD,2023-05-18,181.83999633789062,8812600
GLD,2023-05-19,183.63999938964844,8435000
GLD,2023-05-22,183.2100067138672,4834300
GLD,2023-05-23,183.42999267578125,6345000
GLD,2023-05-24,181.9499969482422,6732900
GLD,2023-05-25,180.1999969482422,6919200
GLD,2023-05-26,180.9199981689453,5823700
GLD,2023-05-30,182.0399932861328,4906100
GLD,2023-05-31,182.32000732421875,8497900
GLD,2023-06-01,183.75999450683594,7300500
GLD,2023-06-02,181.0500030517578,8726100
GLD,2023-06-05,182.13999938964844,5748800
GLD,2023-06-06,182.33999633789062,4967200
GLD,2023-06-07,180.14999389648438,9066500
GLD,2023-06-08,182.52999877929688,6394100
GLD,2023-06-09,182.0399932861328,4379200
GLD,2023-06-12,181.8800048828125,4873600
GLD,2023-06-13,180.5399932861328,5126700
GLD,2023-06-14,180.63999938964844,6807000
GLD,2023-06-15,181.91000366210938,6739000
GLD,2023-06-16,181.6300048828125,8779100
GLD,2023-06-20,179.75,7584200
GLD,2023-06-21,179.49000549316406,6702300
GLD,2023-06-22,177.7100067138672,7945000
GLD,2023-06-23,178.1999969482422,5419800
GLD,2023-06-26,178.50999450683594,3222100
GLD,2023-06-27,177.69000244140625,5036900
GLD,2023-06-28,177.27999877929688,5866700
GLD,2023-06-29,177.08999633789062,6862500
GLD,2023-06-30,178.27000427246094,6420900
GLD,2023-07-03,178.47000122070312,4085700
GLD,2023-07-05,177.83999633789062,5650600
GLD,2023-07-06,177.30999755859375,5133000
GLD,2023-07-07,178.63999938964844,5201100
GLD,2023-07-10,178.77999877929688,3320500
GLD,2023-07-11,179.4499969482422,2818800
GLD,2023-07-12,181.8800048828125,7062000
GLD,2023-07-13,182.00999450683594,4527900
GLD,2023-07-14,181.42999267578125,5390000
GLD,2023-07-17,181.55999755859375,4152400
GLD,2023-07-18,183.63999938964844,8238000
GLD,2023-07-19,183.6699981689453,3911600
GLD,2023-07-20,182.74000549316406,4972900
GLD,2023-07-21,182.17999267578125,3845400
GLD,2023-07-24,181.39999389648438,4370000
GLD,2023-07-25,182.41000366210938,4090100
GLD,2023-07-26,183.3000030517578,6158400
GLD,2023-07-27,180.4199981689453,7592800
GLD,2023-07-28,181.86000061035156,3828800
GLD,2023-07-31,182.35000610351562,5494800
GLD,2023-08-01,180.4600067138672,6239700
GLD,2023-08-02,179.60000610351562,6339700
GLD,2023-08-03,179.5399932861328,4636300
GLD,2023-08-04,180.19000244140625,5326200
GLD,2023-08-07,179.77999877929688,4510400
GLD,2023-08-08,178.63999938964844,6162900
GLD,2023-08-09,177.7899932861328,4644000
GLD,2023-08-10,177.60000610351562,5934600
GLD,2023-08-11,177.60000610351562,5289700
GLD,2023-08-14,177.05999755859375,9554500
GLD,2023-08-15,176.58999633789062,7582700
GLD,2023-08-16,175.57000732421875,6559400
GLD,2023-08-17,175.3000030517578,7937700
GLD,2023-08-18,175.3300018310547,6253000
GLD,2023-08-21,175.80999755859375,4206400
GLD,2023-08-22,176.10000610351562,5892200
GLD,2023-08-23,177.88999938964844,7949100
GLD,2023-08-24,177.85000610351562,5526400
GLD,2023-08-25,177.6199951171875,6132800
GLD,2023-08-28,178.1300048828125,4740700
GLD,2023-08-29,179.8699951171875,7576600
GLD,2023-08-30,180.32000732421875,6593700
GLD,2023-08-31,180.02000427246094,4795600
GLD,2023-09-01,180.11000061035156,4970700
GLD,2023-09-05,178.63999938964844,7056800
GLD,2023-09-06,177.8300018310547,6427200
GLD,2023-09-07,178.02000427246094,3257200
GLD,2023-09-08,178.0800018310547,3292700
GLD,2023-09-11,178.41000366210938,3689100
GLD,2023-09-12,177.49000549316406,4445400
GLD,2023-09-13,177.0800018310547,3874800
GLD,2023-09-14,177.1699981689453,6184400
GLD,2023-09-15,178.33999633789062,5620900
GLD,2023-09-18,179.38999938964844,5049300
GLD,2023-09-19,179.22000122070312,4224700
GLD,2023-09-20,179.35000610351562,9328000
GLD,2023-09-21,178.0500030517578,7571900
GLD,2023-09-22,178.6199951171875,3634800
GLD,2023-09-25,177.6999969482422,5582100
GLD,2023-09-26,176.27999877929688,7181100
GLD,2023-09-27,174.10000610351562,10919600
GLD,2023-09-28,173.22999572753906,10061900
GLD,2023-09-29,171.4499969482422,10427400
GLD,2023-10-02,169.64999389648438,12706000
GLD,2023-10-03,169.16000366210938,11459800
GLD,2023-10-04,169.13999938964844,10034600
GLD,2023-10-05,168.8300018310547,6970200
GLD,2023-10-06,169.6999969482422,9948400
GLD,2023-10-09,172.82000732421875,10201500
GLD,2023-10-10,172.52999877929688,5844000
GLD,2023-10-11,173.7899932861328,7128000
GLD,2023-10-12,173.25999450683594,5912700
GLD,2023-10-13,178.8300018310547,18796500
GLD,2023-10-16,177.9600067138672,8385400
GLD,2023-10-17,178.2899932861328,8231900
GLD,2023-10-18,180.8699951171875,13920800
GLD,2023-10-19,183.08999633789062,13406600
GLD,2023-10-20,183.58999633789062,12785700
GLD,2023-10-23,182.97000122070312,9479800
GLD,2023-10-24,182.9499969482422,6594000
GLD,2023-10-25,183.72000122070312,10087000
GLD,2023-10-26,184.00999450683594,7671400
GLD,2023-10-27,186.14999389648438,14102800
GLD,2023-10-30,185.10000610351562,8756400
GLD,2023-10-31,184.08999633789062,10104600
GLD,2023-11-01,183.50999450683594,9048600
GLD,2023-11-02,184.1199951171875,7343700
GLD,2023-11-03,184.7899932861328,8530400
GLD,2023-11-06,183.35000610351562,8274700
GLD,2023-11-07,182.58999633789062,6795800
GLD,2023-11-08,180.77000427246094,6738300
GLD,2023-11-09,181.49000549316406,6486300
GLD,2023-11-10,179.50999450683594,7606600
GLD,2023-11-13,180.50999450683594,5385900
GLD,2023-11-14,182.1199951171875,6831600
GLD,2023-11-15,181.63999938964844,4909400
GLD,2023-11-16,183.69000244140625,8253300
GLD,2023-11-17,183.6699981689453,4871100
GLD,2023-11-20,183.3699951171875,5389300
GLD,2023-11-21,185.35000610351562,7322400
GLD,2023-11-22,184.55999755859375,4337700
GLD,2023-11-24,185.52000427246094,2445100
GLD,2023-11-27,186.77000427246094,6320400
GLD,2023-11-28,189.25999450683594,10901900
GLD,2023-11-29,189.5399932861328,8407300
GLD,2023-11-30,188.75,7558100
GLD,2023-12-01,192.00999450683594,16727600
GLD,2023-12-04,187.86000061035156,18460500
GLD,2023-12-05,187.14999389648438,7027700
GLD,2023-12-06,187.83999633789062,5778600
GLD,2023-12-07,188.14999389648438,5802000
GLD,2023-12-08,185.63999938964844,7883200
GLD,2023-12-11,183.58999633789062,8519500
GLD,2023-12-12,183.49000549316406,5056900
GLD,2023-12-13,187.6300048828125,10635500
GLD,2023-12-14,188.72999572753906,9107200
GLD,2023-12-15,187.0,8324800
GLD,2023-12-18,187.85000610351562,5358000
GLD,2023-12-19,189.1300048828125,6025600
GLD,2023-12-20,188.10000610351562,6002400
GLD,2023-12-21,189.42999267578125,4620000
GLD,2023-12-22,190.27000427246094,7176300
GLD,2023-12-26,191.72000122070312,4502700
GLD,2023-12-27,192.58999633789062,5813300
GLD,2023-12-28,191.47000122070312,6171500
GLD,2023-12-29,191.1699981689453,4612300
GLD,2024-01-02,190.72000122070312,6025600
GLD,2024-01-03,189.1300048828125,8661600
GLD,2024-01-04,189.32000732421875,4416700
GLD,2024-01-05,189.35000610351562,7481900
GLD,2024-01-08,187.8699951171875,6215000
GLD,2024-01-09,187.92999267578125,4437300
GLD,2024-01-10,187.5,4504700
GLD,2024-01-11,187.8699951171875,6831100
GLD,2024-01-12,189.7100067138672,6833700
GLD,2024-01-16,187.91000366210938,6548100
GLD,2024-01-17,185.83999633789062,8643200
GLD,2024-01-18,187.3699951171875,4685200
GLD,2024-01-19,187.92999267578125,5719700
GLD,2024-01-22,187.22000122070312,4397500
GLD,2024-01-23,187.9499969482422,5040800
GLD,2024-01-24,186.39999389648438,6085400
GLD,2024-01-25,187.13999938964844,4651000
GLD,2024-01-26,187.00999450683594,5064800
GLD,2024-01-29,188.3300018310547,5629700
GLD,2024-01-30,188.58999633789062,4976500
GLD,2024-01-31,188.4499969482422,7886100
GLD,2024-02-01,190.41000366210938,10278100
GLD,2024-02-02,188.61000061035156,7337600
GLD,2024-02-05,187.57000732421875,5436100
GLD,2024-02-06,188.5500030517578,4866100
GLD,2024-02-07,188.5,6276900
GLD,2024-02-08,188.3300018310547,3873300
GLD,2024-02-09,187.60000610351562,4412600
GLD,2024-02-12,187.11000061035156,4706300
GLD,2024-02-13,184.52999877929688,9525800
GLD,2024-02-14,184.4199981689453,7031600
GLD,2024-02-15,185.66000366210938,6228900
GLD,2024-02-16,186.33999633789062,6518500
GLD,2024-02-20,187.47000122070312,5531200
GLD,2024-02-21,187.47999572753906,5789200
GLD,2024-02-22,187.55999755859375,4550800
GLD,2024-02-23,188.6199951171875,6827300
GLD,2024-02-26,188.1999969482422,4491900
GLD,2024-02-27,188.0,5165400
GLD,2024-02-28,188.33999633789062,2824100
GLD,2024-02-29,189.30999755859375,6848600
GLD,2024-03-01,192.88999938964844,13411000
GLD,2024-03-04,196.00999450683594,12216300
GLD,2024-03-05,197.19000244140625,9672200
GLD,2024-03-06,198.80999755859375,10459300
GLD,2024-03-07,199.94000244140625,8403700
GLD,2024-03-08,201.6300048828125,13540100
GLD,2024-03-11,202.0,7329600
GLD,2024-03-12,199.7899932861328,9436600
GLD,2024-03-13,201.19000244140625,5930000
GLD,2024-03-14,200.35000610351562,6865000
GLD,2024-03-15,199.7100067138672,4556700
GLD,2024-03-18,200.02999877929688,7206800
GLD,2024-03-19,199.8000030517578,4657500
GLD,2024-03-20,202.17999267578125,9593800
GLD,2024-03-21,201.97000122070312,7396500
GLD,2024-03-22,200.35000610351562,6918500
GLD,2024-03-25,200.99000549316406,4034800
GLD,2024-03-26,201.63999938964844,5752700
GLD,2024-03-27,203.10000610351562,6041000
GLD,2024-03-28,205.72000122070312,9194500
GLD,2024-04-01,207.82000732421875,13677100
GLD,2024-04-02,210.88999938964844,13421100
GLD,2024-04-03,212.74000549316406,11416200
GLD,2024-04-04,211.52000427246094,12307300
GLD,2024-04-05,215.13999938964844,13382700
GLD,2024-04-08,216.47999572753906,10331400
GLD,2024-04-09,217.6699981689453,13069900
GLD,2024-04-10,215.61000061035156,13317500
GLD,2024-04-11,219.8000030517578,11415200
GLD,2024-04-12,216.88999938964844,30898800
GLD,2024-04-15,220.9499969482422,13239000
GLD,2024-04-16,221.22000122070312,10746100
GLD,2024-04-17,219.58999633789062,11521100
GLD,2024-04-18,220.33999633789062,6496900
GLD,2024-04-19,221.02999877929688,8689000
GLD,2024-04-22,215.57000732421875,13404300
GLD,2024-04-23,215.0399932861328,10730300
GLD,2024-04-24,214.63999938964844,5741100
GLD,2024-04-25,215.9199981689453,6606500
GLD,2024-04-26,216.6199951171875,6268500
GLD,2024-04-29,216.17999267578125,6409900
GLD,2024-04-30,211.8699951171875,11248600
GLD,2024-05-01,213.7899932861328,10373900
GLD,2024-05-02,213.1300048828125,6287000
GLD,2024-05-03,212.9600067138672,8679900
GLD,2024-05-06,215.1999969482422,6840500
GLD,2024-05-07,214.2100067138672,5660700
GLD,2024-05-08,213.5800018310547,4462700
GLD,2024-05-09,216.9499969482422,7732500
GLD,2024-05-10,218.7100067138672,8700900
GLD,2024-05-13,216.25999450683594,4896300
GLD,2024-05-14,218.08999633789062,4662700
GLD,2024-05-15,220.88999938964844,9297700
GLD,2024-05-16,220.02999877929688,4301700
GLD,2024-05-17,223.66000366210938,10481900
GLD,2024-05-20,224.55999755859375,5990900
GLD,2024-05-21,224.22999572753906,4002600
GLD,2024-05-22,220.11000061035156,8903100
GLD,2024-05-23,215.72000122070312,9537900
GLD,2024-05-24,215.9199981689453,4212400
GLD,2024-05-28,218.19000244140625,3809700
GLD,2024-05-29,216.16000366210938,4185000
GLD,2024-05-30,216.57000732421875,3068800
GLD,2024-05-31,215.3000030517578,5617200
GLD,2024-06-03,217.22000122070312,6172600
GLD,2024-06-04,215.27000427246094,5509400
GLD,2024-06-05,217.82000732421875,5479200
GLD,2024-06-06,219.42999267578125,5283900
GLD,2024-06-07,211.60000610351562,12195100
GLD,2024-06-10,213.5399932861328,4215300
GLD,2024-06-11,214.14999389648438,4004100
GLD,2024-06-12,214.72000122070312,5911900
GLD,2024-06-13,212.97000122070312,5861100
GLD,2024-06-14,215.72999572753906,7076500
GLD,2024-06-17,214.61000061035156,3877700
GLD,2024-06-18,215.47000122070312,4921400
GLD,2024-06-20,218.16000366210938,7290500
GLD,2024-06-21,214.77999877929688,8865600
GLD,2024-06-24,215.6300048828125,4626900
GLD,2024-06-25,214.55999755859375,3820900
GLD,2024-06-26,212.5800018310547,4690300
GLD,2024-06-27,214.99000549316406,4977800
GLD,2024-06-28,215.00999450683594,3955100
GLD,2024-07-01,215.57000732421875,3797900
GLD,2024-07-02,215.55999755859375,4921700
GLD,2024-07-03,217.99000549316406,5055300
GLD,2024-07-05,220.92999267578125,5950600
GLD,2024-07-08,218.19000244140625,5790800
GLD,2024-07-09,218.55999755859375,3901500
GLD,2024-07-10,219.36000061035156,5556200
GLD,2024-07-11,223.25,9322000
GLD,2024-07-12,223.11000061035156,5179300
GLD,2024-07-15,223.8300018310547,5719300
GLD,2024-07-16,228.2899932861328,11070700
GLD,2024-07-17,227.22999572753906,8620500
GLD,2024-07-18,225.77999877929688,5485500
GLD,2024-07-19,221.72999572753906,8666000
GLD,2024-07-22,221.8000030517578,5334100
GLD,2024-07-23,222.5800018310547,4435700
GLD,2024-07-24,221.8000030517578,6838800
GLD,2024-07-25,218.3300018310547,9777100
GLD,2024-07-26,220.6300048828125,6328800
GLD,2024-07-29,220.32000732421875,4665100
GLD,2024-07-30,222.52000427246094,4939500
GLD,2024-07-31,226.5500030517578,7316600
GLD,2024-08-01,225.77000427246094,7217200
GLD,2024-08-02,225.33999633789062,11109400
GLD,2024-08-05,222.47999572753906,8939000
GLD,2024-08-06,220.6999969482422,14362300
GLD,2024-08-07,220.5500030517578,5287800
GLD,2024-08-08,224.00999450683594,6327100
GLD,2024-08-09,224.55999755859375,4441000
GLD,2024-08-12,228.41000366210938,5561300
GLD,2024-08-13,228.05999755859375,6740200
GLD,2024-08-14,226.1999969482422,5462500
GLD,2024-08-15,226.91000366210938,5273300
GLD,2024-08-16,231.99000549316406,11924500
GLD,2024-08-19,231.61000061035156,5164800
GLD,2024-08-20,232.4600067138672,9073600
GLD,2024-08-21,232.14999389648438,5337400
GLD,2024-08-22,229.3699951171875,5765400
GLD,2024-08-23,232.02000427246094,5418200
GLD,2024-08-26,232.75999450683594,3151400
GLD,2024-08-27,233.38999938964844,4435600
GLD,2024-08-28,231.75,4961500
GLD,2024-08-29,232.9499969482422,5524200
GLD,2024-08-30,231.2899932861328,5743000
GLD,2024-09-03,230.2899932861328,6417900
GLD,2024-09-04,230.42999267578125,4696000
GLD,2024-09-05,232.35000610351562,4838100
GLD,2024-09-06,230.6300048828125,6315800
GLD,2024-09-09,231.60000610351562,3548800
GLD,2024-09-10,232.6199951171875,4378300
GLD,2024-09-11,232.25,4637300
GLD,2024-09-12,236.3300018310547,9930200
GLD,2024-09-13,238.67999267578125,7455100
GLD,2024-09-16,238.66000366210938,4713500
GLD,2024-09-17,237.33999633789062,5257100
GLD,2024-09-18,235.50999450683594,11081100
GLD,2024-09-19,239.1699981689453,6108200
GLD,2024-09-20,242.2100067138672,7737400
GLD,2024-09-23,242.67999267578125,5426200
GLD,2024-09-24,246.07000732421875,8386300
GLD,2024-09-25,245.72999572753906,7393400
GLD,2024-09-26,246.97999572753906,7041100
GLD,2024-09-27,245.02000427246094,8329600
GLD,2024-09-30,243.05999755859375,6916700
GLD,2024-10-01,245.61000061035156,10605500
GLD,2024-10-02,245.66000366210938,6798800
GLD,2024-10-03,245.49000549316406,5674500
GLD,2024-10-04,245.0,5947800
GLD,2024-10-07,244.1699981689453,3849000
GLD,2024-10-08,242.3699951171875,7669800
GLD,2024-10-09,241.0500030517578,4120500
GLD,2024-10-10,242.82000732421875,4792700
GLD,2024-10-11,245.47000122070312,5789500
GLD,2024-10-14,245.07000732421875,3922900
GLD,2024-10-15,245.9199981689453,5640800
GLD,2024-10-16,247.14999389648438,5431900
GLD,2024-10-17,248.6300048828125,5176200
GLD,2024-10-18,251.27000427246094,7833600
GLD,2024-10-21,251.22000122070312,9258600
GLD,2024-10-22,253.92999267578125,5756300
GLD,2024-10-23,250.8699951171875,8081000
GLD,2024-10-24,252.8000030517578,5962200
GLD,2024-10-25,253.32000732421875,4424500
GLD,2024-10-28,253.3300018310547,4029100
GLD,2024-10-29,256.0899963378906,8875500
GLD,2024-10-30,257.5,6386200
GLD,2024-10-31,253.50999450683594,9930800
GLD,2024-11-01,252.47000122070312,6473000
GLD,2024-11-04,252.8300018310547,4581400
GLD,2024-11-05,253.39999389648438,6029900
GLD,2024-11-06,245.6999969482422,14600200
GLD,2024-11-07,249.64999389648438,8821400
GLD,2024-11-08,247.9600067138672,6267900
GLD,2024-11-11,242.13999938964844,11653800
GLD,2024-11-12,240.0500030517578,10145500
GLD,2024-11-13,237.6300048828125,8431700
GLD,2024-11-14,237.00999450683594,8262400
GLD,2024-11-15,236.58999633789062,7299500
GLD,2024-11-18,241.08999633789062,6323400
GLD,2024-11-19,243.25,6579100
GLD,2024-11-20,244.6199951171875,6630700
GLD,2024-11-21,246.66000366210938,7646400
GLD,2024-11-22,249.83999633789062,7503000
GLD,2024-11-25,242.47999572753906,10733100
GLD,2024-11-26,242.9499969482422,4945900
GLD,2024-11-27,243.49000549316406,6930600
GLD,2024-11-29,245.58999633789062,2708500
GLD,2024-12-02,243.44000244140625,4765000
GLD,2024-12-03,243.92999267578125,3557800
GLD,2024-12-04,244.6699981689453,4608600
GLD,2024-12-05,242.86000061035156,4806200
GLD,2024-12-06,242.9499969482422,3540700
GLD,2024-12-09,245.36000061035156,4711500
GLD,2024-12-10,248.58999633789062,4642000
GLD,2024-12-11,250.9600067138672,11033800
GLD,2024-12-12,247.27999877929688,10149600
GLD,2024-12-13,244.2899932861328,6602600
GLD,2024-12-16,244.8800048828125,3310000
GLD,2024-12-17,243.94000244140625,4421300
GLD,2024-12-18,239.25999450683594,8015800
GLD,2024-12-19,239.60000610351562,8111400
GLD,2024-12-20,242.10000610351562,9527800
GLD,2024-12-23,240.9600067138672,5835500
GLD,2024-12-24,241.44000244140625,2421000
GLD,2024-12-26,243.07000732421875,4645100
GLD,2024-12-27,241.39999389648438,4728100
GLD,2024-12-30,240.6300048828125,3522500
GLD,2024-12-31,242.1300048828125,2522100
IWM,2020-01-02,153.0690460205078,18297500
IWM,2020-01-03,152.46888732910156,19295600
IWM,2020-01-06,152.6720733642578,17150900
IWM,2020-01-07,152.16421508789062,11817900
IWM,2020-01-08,152.6350860595703,13832400
IWM,2020-01-09,152.81979370117188,11895400
IWM,2020-01-10,152.247314453125,15353000
IWM,2020-01-13,153.2352752685547,17271100
IWM,2020-01-14,153.79849243164062,18323000
IWM,2020-01-15,154.53717041015625,15437200
IWM,2020-01-16,156.53158569335938,19976200
IWM,2020-01-17,156.10684204101562,18306400
IWM,2020-01-21,154.8141632080078,17935100
IWM,2020-01-22,154.7126007080078,14916300
IWM,2020-01-23,154.61105346679688,15954300
IWM,2020-01-24,152.708984375,20491400
IWM,2020-01-27,150.9730987548828,18539000
IWM,2020-01-28,152.22886657714844,16690400
IWM,2020-01-29,151.3609619140625,14944400
IWM,2020-01-30,151.3609619140625,21889700
IWM,2020-01-31,148.22161865234375,30439000
IWM,2020-02-03,149.8743438720703,17373200
IWM,2020-02-04,152.13650512695312,15994200
IWM,2020-02-05,154.48178100585938,17807000
IWM,2020-02-06,154.13092041015625,14768900
IWM,2020-02-07,152.2380828857422,18029600
IWM,2020-02-10,153.0968017578125,11428800
IWM,2020-02-11,154.15866088867188,15005600
IWM,2020-02-12,155.22042846679688,12123000
IWM,2020-02-13,155.626708984375,12649300
IWM,2020-02-14,155.0265655517578,16006200
IWM,2020-02-18,154.69410705566406,13412100
IWM,2020-02-19,155.48817443847656,11084600
IWM,2020-02-20,155.8667755126953,20383800
IWM,2020-02-21,154.28790283203125,18729900
IWM,2020-02-24,149.64352416992188,28239500
IWM,2020-02-25,144.32516479492188,45047000
IWM,2020-02-26,142.65396118164062,39465000
IWM,2020-02-27,137.63104248046875,50530300
IWM,2020-02-28,135.11033630371094,72036400
IWM,2020-03-02,139.4499969482422,33569300
IWM,2020-03-03,136.6061553955078,42941300
IWM,2020-03-04,140.4933624267578,36195800
IWM,2020-03-05,136.0244598388672,32729400
IWM,2020-03-06,133.32835388183594,39688300
IWM,2020-03-09,120.36486053466797,56320000
IWM,2020-03-10,124.12274169921875,54432700
IWM,2020-03-11,116.22836303710938,51354800
IWM,2020-03-12,103.38488006591797,70114300
IWM,2020-03-13,110.30982208251953,57915100
IWM,2020-03-16,95.67508697509766,59095700
IWM,2020-03-17,100.06089782714844,59344800
IWM,2020-03-18,92.30496215820312,62296700
IWM,2020-03-19,95.90592193603516,62654700
IWM,2020-03-20,93.62531280517578,76203700
IWM,2020-03-23,92.24032592773438,63534700
IWM,2020-03-24,100.67955017089844,73386700
IWM,2020-03-25,101.93082427978516,56043700
IWM,2020-03-26,108.27081298828125,51657600
IWM,2020-03-27,104.33148193359375,39931500
IWM,2020-03-30,106.63020324707031,41552100
IWM,2020-03-31,106.09260559082031,52948000
IWM,2020-04-01,98.86279296875,54224200
IWM,2020-04-02,99.79898071289062,43774200
IWM,2020-04-03,96.97196197509766,42189200
IWM,2020-04-06,104.39639282226562,48708100
IWM,2020-04-07,104.66517639160156,57546100
IWM,2020-04-08,109.4386978149414,52822300
IWM,2020-04-09,114.6756591796875,69528600
IWM,2020-04-13,111.57056427001953,40198200
IWM,2020-04-14,113.83219146728516,35089700
IWM,2020-04-15,109.18843841552734,34809900
IWM,2020-04-16,108.36348724365234,49501300
IWM,2020-04-17,113.13701629638672,46250200
IWM,2020-04-20,111.80228424072266,36700500
IWM,2020-04-21,109.13282012939453,31608900
IWM,2020-04-22,110.45829010009766,24333800
IWM,2020-04-23,111.54275512695312,38571200
IWM,2020-04-24,113.46144104003906,27147500
IWM,2020-04-27,117.9568862915039,39021300
IWM,2020-04-28,119.671630859375,47292700
IWM,2020-04-29,125.55744171142578,50390500
IWM,2020-04-30,120.78390502929688,43727500
IWM,2020-05-01,115.99187469482422,43352000
IWM,2020-05-04,116.49237823486328,28498200
IWM,2020-05-05,117.3914794921875,31209400
IWM,2020-05-06,116.52945709228516,29836800
IWM,2020-05-07,118.12372589111328,27493000
IWM,2020-05-08,122.68405151367188,32122900
IWM,2020-05-11,122.07231140136719,33983200
IWM,2020-05-12,117.68809509277344,44275300
IWM,2020-05-13,113.74877166748047,58719300
IWM,2020-05-14,114.11951446533203,55904300
IWM,2020-05-15,115.93624877929688,40236600
IWM,2020-05-18,122.98065948486328,46981100
IWM,2020-05-19,120.55218505859375,30270000
IWM,2020-05-20,124.20416259765625,35901300
IWM,2020-05-21,124.4266357421875,32716500
IWM,2020-05-22,125.02911376953125,24035200
IWM,2020-05-26,128.63473510742188,36971000
IWM,2020-05-27,132.62960815429688,42682000
IWM,2020-05-28,129.48748779296875,42105000
IWM,2020-05-29,128.74595642089844,41536400
IWM,2020-06-01,129.97872924804688,25567500
IWM,2020-06-02,131.0539093017578,24666200
IWM,2020-06-03,134.21461486816406,36111700
IWM,2020-06-04,134.02000427246094,28904700
IWM,2020-06-05,139.20135498046875,53513400
IWM,2020-06-08,141.89859008789062,33834300
IWM,2020-06-09,139.2755126953125,39646000
IWM,2020-06-10,135.49371337890625,51774500
IWM,2020-06-11,125.15885925292969,72041500
IWM,2020-06-12,128.16201782226562,63864900
IWM,2020-06-15,131.12509155273438,57354800
IWM,2020-06-16,134.2778778076172,48957000
IWM,2020-06-17,131.85052490234375,34811400
IWM,2020-06-18,131.8040313720703,26974100
IWM,2020-06-19,131.12509155273438,50293800
IWM,2020-06-22,132.43643188476562,28983200
IWM,2020-06-23,132.99444580078125,20344200
IWM,2020-06-24,128.67910766601562,42998700
IWM,2020-06-25,130.62283325195312,37191200
IWM,2020-06-26,127.10733795166016,39100100
IWM,2020-06-29,131.26458740234375,33935200
IWM,2020-06-30,133.16183471679688,32865900
IWM,2020-07-01,131.89703369140625,26457500
IWM,2020-07-02,132.43643188476562,24022400
IWM,2020-07-06,133.39437866210938,19858200
IWM,2020-07-07,131.03207397460938,22661000
IWM,2020-07-08,132.0086669921875,27358900
IWM,2020-07-09,129.3394317626953,34647800
IWM,2020-07-10,131.42266845703125,24008200
IWM,2020-07-13,129.75794982910156,34235500
IWM,2020-07-14,131.90631103515625,28114000
IWM,2020-07-15,136.74249267578125,40770100
IWM,2020-07-16,135.93336486816406,30530800
IWM,2020-07-17,136.33328247070312,20644100
IWM,2020-07-20,135.74732971191406,19663300
IWM,2020-07-21,137.67251586914062,24503800
IWM,2020-07-22,137.7469024658203,24424800
IWM,2020-07-23,137.8863983154297,21704900
IWM,2020-07-24,135.8589324951172,20015500
IWM,2020-07-27,137.27256774902344,13370700
IWM,2020-07-28,135.9054412841797,13268000
IWM,2020-07-29,138.90016174316406,19864400
IWM,2020-07-30,138.3513946533203,23618900
IWM,2020-07-31,137.0493927001953,29881500
IWM,2020-08-03,139.28140258789062,20777100
IWM,2020-08-04,140.2393798828125,20285000
IWM,2020-08-05,143.0294952392578,18190200
IWM,2020-08-06,142.9736785888672,18237700
IWM,2020-08-07,145.24295043945312,20475200
IWM,2020-08-10,146.7496337890625,24000500
IWM,2020-08-11,145.9032745361328,30359400
IWM,2020-08-12,146.4984893798828,23378300
IWM,2020-08-13,146.1916046142578,15799900
IWM,2020-08-14,146.09860229492188,13360900
IWM,2020-08-17,146.85191345214844,9744200
IWM,2020-08-18,145.44760131835938,14670400
IWM,2020-08-19,145.4568634033203,14337300
IWM,2020-08-20,144.8616485595703,15413000
IWM,2020-08-21,143.79212951660156,20685100
IWM,2020-08-24,145.29872131347656,13707100
IWM,2020-08-25,145.4568634033203,16269700
IWM,2020-08-26,144.5454559326172,13772700
IWM,2020-08-27,144.89886474609375,17508400
IWM,2020-08-28,146.12649536132812,12371400
IWM,2020-08-31,144.55471801757812,17051500
IWM,2020-09-01,146.21018981933594,15638800
IWM,2020-09-02,147.3727264404297,16763400
IWM,2020-09-03,143.0202178955078,32117600
IWM,2020-09-04,142.1087646484375,30618800
IWM,2020-09-08,139.37448120117188,26447800
IWM,2020-09-09,141.48562622070312,20160800
IWM,2020-09-10,139.6441650390625,23005500
IWM,2020-09-11,138.7141876220703,20851000
IWM,2020-09-14,142.36915588378906,21991300
IWM,2020-09-15,142.63885498046875,16175500
IWM,2020-09-16,143.98744201660156,22178400
IWM,2020-09-17,142.93650817871094,20002900
IWM,2020-09-18,142.56443786621094,38352800
IWM,2020-09-21,137.57017517089844,40652500
IWM,2020-09-22,138.6304473876953,19385800
IWM,2020-09-23,134.50027465820312,33403400
IWM,2020-09-24,134.50027465820312,31723700
IWM,2020-09-25,136.68487548828125,20689300
IWM,2020-09-28,140.05506896972656,17600900
IWM,2020-09-29,139.42025756835938,18683800
IWM,2020-09-30,139.84036254882812,29073700
IWM,2020-10-01,142.0716094970703,25872000
IWM,2020-10-02,142.69711303710938,29452000
IWM,2020-10-05,146.6367950439453,18553600
IWM,2020-10-06,146.2166748046875,36348000
IWM,2020-10-07,149.40953063964844,27049700
IWM,2020-10-08,151.108642578125,37278600
IWM,2020-10-09,151.89280700683594,25038100
IWM,2020-10-12,152.91041564941406,20336200
IWM,2020-10-13,151.89280700683594,20106500
IWM,2020-10-14,150.38978576660156,19024900
IWM,2020-10-15,151.9394989013672,22865100
IWM,2020-10-16,151.56607055664062,17637900
IWM,2020-10-19,149.75494384765625,18360600
IWM,2020-10-20,150.08168029785156,18927700
IWM,2020-10-21,148.79336547851562,17504100
IWM,2020-10-22,151.3606719970703,20673900
IWM,2020-10-23,152.23828125,20889800
IWM,2020-10-26,148.9520263671875,26509900
IWM,2020-10-27,147.67300415039062,20523000
IWM,2020-10-28,143.12657165527344,32338700
IWM,2020-10-29,144.8349609375,27203200
IWM,2020-10-30,142.92112731933594,31764500
IWM,2020-11-02,145.46981811523438,25252100
IWM,2020-11-03,149.5962371826172,30257400
IWM,2020-11-04,149.76429748535156,45226300
IWM,2020-11-05,153.95606994628906,31911000
IWM,2020-11-06,152.751708984375,24930400
IWM,2020-11-09,158.28787231445312,55052700
IWM,2020-11-10,161.22857666015625,35492200
IWM,2020-11-11,161.16322326660156,23972600
IWM,2020-11-12,158.6892547607422,33986800
IWM,2020-11-13,161.97544860839844,25440400
IWM,2020-11-16,165.83114624023438,31812300
IWM,2020-11-17,166.6060333251953,26154500
IWM,2020-11-18,164.27207946777344,24377800
IWM,2020-11-19,165.5323486328125,20187600
IWM,2020-11-20,165.7097625732422,24898800
IWM,2020-11-23,168.80923461914062,24816000
IWM,2020-11-24,171.98338317871094,34945400
IWM,2020-11-25,171.39527893066406,21082700
IWM,2020-11-27,172.12339782714844,10384400
IWM,2020-11-30,168.99595642089844,25481600
IWM,2020-12-01,170.5643310546875,30265000
IWM,2020-12-02,170.74176025390625,20142800
IWM,2020-12-03,171.7032928466797,19603600
IWM,2020-12-04,175.69898986816406,24415700
IWM,2020-12-07,175.86703491210938,14671500
IWM,2020-12-08,178.12631225585938,20165600
IWM,2020-12-09,176.8286590576172,29507600
IWM,2020-12-10,178.53707885742188,21245300
IWM,2020-12-11,177.65948486328125,30865000
IWM,2020-12-14,177.867431640625,32237700
IWM,2020-12-15,182.31573486328125,26807000
IWM,2020-12-16,181.6602020263672,25494600
IWM,2020-12-17,183.82347106933594,23834200
IWM,2020-12-18,182.933837890625,37033400
IWM,2020-12-21,182.84017944335938,30873000
IWM,2020-12-22,184.91920471191406,21919700
IWM,2020-12-23,186.4925079345703,18392000
IWM,2020-12-24,186.37074279785156,8904900
IWM,2020-12-28,185.67774963378906,27168400
IWM,2020-12-29,182.0816192626953,33901300
IWM,2020-12-30,183.9358673095703,20595700
IWM,2020-12-31,183.6080780029297,24747700
IWM,2021-01-04,181.210693359375,33664200
IWM,2021-01-05,184.0107879638672,27442900
IWM,2021-01-06,191.54017639160156,52952200
IWM,2021-01-07,194.94895935058594,24031400
IWM,2021-01-08,194.527587890625,29017000
IWM,2021-01-11,194.3590087890625,20945100
IWM,2021-01-12,197.84274291992188,24892200
IWM,2021-01-13,196.42864990234375,22782200
IWM,2021-01-14,200.3525390625,33913700
IWM,2021-01-15,197.36512756347656,41043500
IWM,2021-01-19,199.89366149902344,19744300
IWM,2021-01-20,200.7739715576172,25474200
IWM,2021-01-21,199.0321044921875,21180500
IWM,2021-01-22,201.34518432617188,24800200
IWM,2021-01-25,201.14852905273438,33985000
IWM,2021-01-26,199.75320434570312,23969800
IWM,2021-01-27,196.09153747558594,45830300
IWM,2021-01-28,195.4640655517578,32202500
IWM,2021-01-29,192.50473022460938,40591900
IWM,2021-02-01,197.23402404785156,26375100
IWM,2021-02-02,200.0435028076172,22773100
IWM,2021-02-03,200.64283752441406,23923200
IWM,2021-02-04,204.73529052734375,25400800
IWM,2021-02-05,207.57289123535156,23338800
IWM,2021-02-08,212.87339782714844,20831500
IWM,2021-02-09,213.87545776367188,19510900
IWM,2021-02-10,212.470703125,27955400
IWM,2021-02-11,212.2272186279297,25847600
IWM,2021-02-12,212.82656860351562,17440200
IWM,2021-02-16,211.4873809814453,22999500
IWM,2021-02-17,209.82980346679688,25042300
IWM,2021-02-18,206.58013916015625,24501500
IWM,2021-02-19,210.88804626464844,31238200
IWM,2021-02-22,209.52076721191406,23272100
IWM,2021-02-23,207.6758575439453,38646800
IWM,2021-02-24,212.5830841064453,27584900
IWM,2021-02-25,204.7259063720703,49961400
IWM,2021-02-26,204.4449920654297,47734200
IWM,2021-03-01,211.71214294433594,26161000
IWM,2021-03-02,207.638427734375,26895400
IWM,2021-03-03,205.3908233642578,33407600
IWM,2021-03-04,199.65013122558594,59126500
IWM,2021-03-05,203.8831024169922,53204300
IWM,2021-03-08,204.84768676757812,40619700
IWM,2021-03-09,209.15554809570312,32247300
IWM,2021-03-10,212.7891387939453,36812000
IWM,2021-03-11,217.47157287597656,25256700
IWM,2021-03-12,218.75457763671875,23732200
IWM,2021-03-15,219.53179931640625,21497400
IWM,2021-03-16,215.86077880859375,24675000
IWM,2021-03-17,217.5558624267578,29422600
IWM,2021-03-18,210.93490600585938,35637200
IWM,2021-03-19,212.52691650390625,40855600
IWM,2021-03-22,210.9254913330078,26128400
IWM,2021-03-23,203.27439880371094,43660700
IWM,2021-03-24,198.5731658935547,47270200
IWM,2021-03-25,203.28131103515625,59244600
IWM,2021-03-26,206.9874267578125,34452600
IWM,2021-03-29,201.16091918945312,38078800
IWM,2021-03-30,204.54798889160156,36205400
IWM,2021-03-31,207.29705810546875,34800100
IWM,2021-04-01,209.92416381835938,29799200
IWM,2021-04-05,211.0782012939453,27826600
IWM,2021-04-06,210.45895385742188,24907800
IWM,2021-04-07,207.06248474121094,26233700
IWM,2021-04-08,208.81703186035156,23989400
IWM,2021-04-09,208.84518432617188,23267400
IWM,2021-04-12,208.02890014648438,20533900
IWM,2021-04-13,207.48468017578125,24608400
IWM,2021-04-14,209.53009033203125,27362000
IWM,2021-04-15,210.440185546875,20587300
IWM,2021-04-16,210.77796936035156,23943000
IWM,2021-04-19,208.0382843017578,25285900
IWM,2021-04-20,203.7786102294922,35570800
IWM,2021-04-21,208.7607421875,31147800
IWM,2021-04-22,207.89756774902344,31943700
IWM,2021-04-23,211.8194122314453,27999500
IWM,2021-04-26,214.0242919921875,19069200
IWM,2021-04-27,214.34329223632812,19648100
IWM,2021-04-28,214.70928955078125,16222700
IWM,2021-04-29,213.9117431640625,25500300
IWM,2021-04-30,211.0031280517578,27006000
IWM,2021-05-03,212.0352325439453,18693400
IWM,2021-05-04,209.50193786621094,26892700
IWM,2021-05-05,208.66688537597656,25139500
IWM,2021-05-06,208.84518432617188,27647300
IWM,2021-05-07,211.47225952148438,26172700
IWM,2021-05-10,206.09609985351562,28109100
IWM,2021-05-11,205.43936157226562,39519500
IWM,2021-05-12,198.76837158203125,42113400
IWM,2021-05-13,202.42752075195312,37739900
IWM,2021-05-14,207.37210083007812,25070400
IWM,2021-05-17,207.65359497070312,20048500
IWM,2021-05-18,206.07736206054688,24564500
IWM,2021-05-19,204.49171447753906,31202800
IWM,2021-05-20,205.8521270751953,24932800
IWM,2021-05-21,206.386962890625,24213700
IWM,2021-05-24,207.7286376953125,18324200
IWM,2021-05-25,205.7207794189453,20514900
IWM,2021-05-26,209.55824279785156,20388200
IWM,2021-05-27,211.71621704101562,21225700
IWM,2021-05-28,211.57550048828125,20668400
IWM,2021-06-01,213.9774169921875,23081500
IWM,2021-06-02,214.2307586669922,18927500
IWM,2021-06-03,212.43869018554688,24811500
IWM,2021-06-04,213.358154296875,19395800
IWM,2021-06-07,216.2198028564453,24049900
IWM,2021-06-08,218.50914001464844,27770300
IWM,2021-06-09,217.05487060546875,18700600
IWM,2021-06-10,215.4452362060547,29069000
IWM,2021-06-11,217.71917724609375,16707200
IWM,2021-06-14,217.08023071289062,19182800
IWM,2021-06-15,216.4600830078125,17039900
IWM,2021-06-16,215.99961853027344,24527000
IWM,2021-06-17,213.57530212402344,48292500
IWM,2021-06-18,208.72665405273438,54023700
IWM,2021-06-21,213.19004821777344,26736400
IWM,2021-06-22,214.1579132080078,21188500
IWM,2021-06-23,214.86265563964844,22387500
IWM,2021-06-24,217.89772033691406,21732500
IWM,2021-06-25,218.2642059326172,27619000
IWM,2021-06-28,216.5352325439453,25006000
IWM,2021-06-29,215.50160217285156,18844300
IWM,2021-06-30,215.52976989746094,26039000
IWM,2021-07-01,217.4279022216797,18089100
IWM,2021-07-02,215.36062622070312,21029700
IWM,2021-07-06,212.23158264160156,27771300
IWM,2021-07-07,210.25831604003906,28521500
IWM,2021-07-08,208.3225860595703,42297900
IWM,2021-07-09,212.72021484375,23976400
IWM,2021-07-12,212.89874267578125,16831000
IWM,2021-07-13,208.88638305664062,25357500
IWM,2021-07-14,205.66336059570312,30594100
IWM,2021-07-15,204.4981689453125,45477000
IWM,2021-07-16,201.97988891601562,36620200
IWM,2021-07-19,198.95420837402344,58571000
IWM,2021-07-20,205.1277618408203,40794600
IWM,2021-07-21,208.66085815429688,28278700
IWM,2021-07-22,205.34384155273438,32879000
IWM,2021-07-23,206.3022918701172,23660300
IWM,2021-07-26,206.9036865234375,22194200
IWM,2021-07-27,204.48878479003906,35063600
IWM,2021-07-28,207.49571228027344,33043700
IWM,2021-07-29,209.09310913085938,22634800
IWM,2021-07-30,207.71182250976562,28473000
IWM,2021-08-02,206.67819213867188,24192600
IWM,2021-08-03,207.53330993652344,27798600
IWM,2021-08-04,204.94923400878906,25588500
IWM,2021-08-05,208.63267517089844,23915200
IWM,2021-08-06,209.91061401367188,24429200
IWM,2021-08-09,208.7548828125,17225600
IWM,2021-08-10,209.16830444335938,22681600
IWM,2021-08-11,210.19252014160156,25691300
IWM,2021-08-12,209.69447326660156,23269500
IWM,2021-08-13,207.7869873046875,20813700
IWM,2021-08-16,205.8513641357422,24074400
IWM,2021-08-17,203.3424072265625,35161500
IWM,2021-08-18,201.56643676757812,29102300
IWM,2021-08-19,199.15151977539062,38119900
IWM,2021-08-20,202.51548767089844,31759500
IWM,2021-08-23,206.36813354492188,25778800
IWM,2021-08-24,208.39779663085938,18677900
IWM,2021-08-25,209.13067626953125,21548000
IWM,2021-08-26,206.91310119628906,22380300
IWM,2021-08-27,212.7484130859375,33998500
IWM,2021-08-30,211.87451171875,20733300
IWM,2021-08-31,212.28802490234375,20839800
IWM,2021-09-01,213.71627807617188,20451500
IWM,2021-09-02,215.20091247558594,22810100
IWM,2021-09-03,214.2048797607422,18213100
IWM,2021-09-07,212.72959899902344,19153400
IWM,2021-09-08,210.40863037109375,25241500
IWM,2021-09-09,210.30528259277344,27180500
IWM,2021-09-10,208.24742126464844,24366100
IWM,2021-09-13,209.431396484375,34693100
IWM,2021-09-14,206.76275634765625,30312600
IWM,2021-09-15,208.63267517089844,27572000
IWM,2021-09-16,208.78302001953125,22369000
IWM,2021-09-17,209.05552673339844,39957600
IWM,2021-09-20,204.08474731445312,44958500
IWM,2021-09-21,204.3948211669922,26711200
IWM,2021-09-22,207.5708770751953,32100300
IWM,2021-09-23,211.2449188232422,31057800
IWM,2021-09-24,210.22610473632812,28866000
IWM,2021-09-27,213.4211883544922,29743200
IWM,2021-09-28,208.56727600097656,39938200
IWM,2021-09-29,208.12432861328125,23628900
IWM,2021-09-30,206.17332458496094,33153600
IWM,2021-10-01,209.50038146972656,32647000
IWM,2021-10-04,207.59649658203125,32580200
IWM,2021-10-05,208.31277465820312,20407600
IWM,2021-10-06,207.22891235351562,32893300
IWM,2021-10-07,210.4239959716797,24289300
IWM,2021-10-08,208.8406219482422,17989600
IWM,2021-10-11,207.64361572265625,15929800
IWM,2021-10-12,208.78407287597656,18800600
IWM,2021-10-13,209.77369689941406,19676200
IWM,2021-10-14,212.8839874267578,18160000
IWM,2021-10-15,212.2147979736328,27555300
IWM,2021-10-18,212.0922393798828,19082600
IWM,2021-10-19,212.8839874267578,15498400
IWM,2021-10-20,214.29776000976562,18130500
IWM,2021-10-21,214.84437561035156,17851600
IWM,2021-10-22,214.33544921875,16887000
IWM,2021-10-25,216.37124633789062,16387100
IWM,2021-10-26,214.74072265625,25290200
IWM,2021-10-27,210.7915802001953,27088500
IWM,2021-10-28,214.99520874023438,22890600
IWM,2021-10-29,214.93862915039062,20777700
IWM,2021-11-01,220.50888061523438,35500800
IWM,2021-11-02,220.97068786621094,24949700
IWM,2021-11-03,224.9197998046875,47648500
IWM,2021-11-04,224.8349609375,26514000
IWM,2021-11-05,227.90753173828125,42041700
IWM,2021-11-08,228.6143798828125,31324500
IWM,2021-11-09,227.28546142578125,29895900
IWM,2021-11-10,223.70396423339844,32471600
IWM,2021-11-11,225.50418090820312,17987500
IWM,2021-11-12,225.7303466796875,20526700
IWM,2021-11-15,224.8349609375,27390000
IWM,2021-11-16,225.2497100830078,21925200
IWM,2021-11-17,222.29962158203125,26527800
IWM,2021-11-18,221.35707092285156,30637300
IWM,2021-11-19,219.34014892578125,33994000
IWM,2021-11-22,218.4070281982422,31042100
IWM,2021-11-23,218.0300750732422,33843800
IWM,2021-11-24,218.2656707763672,24099300
IWM,2021-11-26,210.03756713867188,62595400
IWM,2021-11-29,209.90562438964844,45982400
IWM,2021-11-30,205.6266632080078,64908400
IWM,2021-12-01,200.9989471435547,69120100
IWM,2021-12-02,206.6068572998047,64315700
IWM,2021-12-03,202.36557006835938,64425200
IWM,2021-12-06,206.4278106689453,43878300
IWM,2021-12-07,211.21571350097656,44679200
IWM,2021-12-08,212.6577911376953,36546400
IWM,2021-12-09,207.841552734375,34830300
IWM,2021-12-10,207.26663208007812,32924600
IWM,2021-12-13,204.23765563964844,33478400
IWM,2021-12-14,202.47927856445312,36543500
IWM,2021-12-15,205.69354248046875,51261000
IWM,2021-12-16,201.53387451171875,52743800
IWM,2021-12-17,203.38681030273438,62620900
IWM,2021-12-20,200.5317840576172,49993000
IWM,2021-12-21,206.2607421875,38545300
IWM,2021-12-22,208.24603271484375,32442000
IWM,2021-12-23,209.90985107421875,22125400
IWM,2021-12-27,211.87625122070312,24196700
IWM,2021-12-28,210.58111572265625,23120300
IWM,2021-12-29,210.8079833984375,19444400
IWM,2021-12-30,210.75123596191406,23607700
IWM,2021-12-31,210.29750061035156,23997400
IWM,2022-01-03,213.01071166992188,30618800
IWM,2022-01-04,212.6892547607422,22013100
IWM,2022-01-05,205.4855194091797,40582100
IWM,2022-01-06,206.6578369140625,39105900
IWM,2022-01-07,204.26602172851562,31583900
IWM,2022-01-10,203.5570068359375,45778100
IWM,2022-01-11,205.72189331054688,35209900
IWM,2022-01-12,204.19039916992188,35284500
IWM,2022-01-13,202.31857299804688,34489600
IWM,2022-01-14,202.60218811035156,42020900
IWM,2022-01-18,196.47618103027344,49434400
IWM,2022-01-19,193.2808074951172,46209100
IWM,2022-01-20,189.78297424316406,50466000
IWM,2022-01-21,186.22837829589844,85821000
IWM,2022-01-24,190.5203094482422,85782000
IWM,2022-01-25,187.97727966308594,61088500
IWM,2022-01-26,185.2640838623047,71471700
IWM,2022-01-27,181.0571746826172,59829000
IWM,2022-01-28,184.58346557617188,65870000
IWM,2022-01-31,190.24618530273438,53393800
IWM,2022-02-01,192.25035095214844,43429400
IWM,2022-02-02,190.3406982421875,42777800
IWM,2022-02-03,186.73887634277344,39629400
IWM,2022-02-04,187.54244995117188,34291100
IWM,2022-02-07,188.46890258789062,33242600
IWM,2022-02-08,191.68313598632812,28341900
IWM,2022-02-09,195.32284545898438,27329300
IWM,2022-02-10,192.3260040283203,44788100
IWM,2022-02-11,190.37852478027344,41516600
IWM,2022-02-14,189.716796875,32262700
IWM,2022-02-15,194.80284118652344,25847500
IWM,2022-02-16,195.2094268798828,30104800
IWM,2022-02-17,190.2083740234375,27140200
IWM,2022-02-18,188.5728759765625,36255400
IWM,2022-02-22,185.91639709472656,31847100
IWM,2022-02-23,182.43739318847656,31491500
IWM,2022-02-24,187.22103881835938,52221100
IWM,2022-02-25,191.43736267089844,33656200
IWM,2022-02-28,192.21255493164062,34975900
IWM,2022-03-01,188.59181213378906,40638900
IWM,2022-03-02,193.0823211669922,29978600
IWM,2022-03-03,190.79452514648438,30142700
IWM,2022-03-04,187.8071746826172,31610400
IWM,2022-03-07,183.13702392578125,39279800
IWM,2022-03-08,184.14854431152344,45715800
IWM,2022-03-09,189.33863830566406,29048000
IWM,2022-03-10,188.99830627441406,25661000
IWM,2022-03-11,185.9825897216797,24990000
IWM,2022-03-14,182.18222045898438,34969500
IWM,2022-03-15,185.08448791503906,25464300
IWM,2022-03-16,190.907958984375,31869700
IWM,2022-03-17,193.90476989746094,25783100
IWM,2022-03-18,195.9468231201172,37092200
IWM,2022-03-21,194.21673583984375,26747500
IWM,2022-03-22,196.16421508789062,24699900
IWM,2022-03-23,192.76087951660156,19775000
IWM,2022-03-24,194.97740173339844,19781200
IWM,2022-03-25,195.24261474609375,19430400
IWM,2022-03-28,195.30892944335938,18999100
IWM,2022-03-29,200.53759765625,29550600
IWM,2022-03-30,196.5119171142578,26251500
IWM,2022-03-31,194.4374542236328,26771600
IWM,2022-04-01,196.61610412597656,25948500
IWM,2022-04-04,196.9381866455078,20333900
IWM,2022-04-05,192.2777557373047,26509800
IWM,2022-04-06,189.54977416992188,34903900
IWM,2022-04-07,188.93408203125,29291200
IWM,2022-04-08,187.427978515625,25249600
IWM,2022-04-11,186.16818237304688,33702300
IWM,2022-04-12,186.7554473876953,33699800
IWM,2022-04-13,190.30755615234375,22303600
IWM,2022-04-14,188.46043395996094,27107000
IWM,2022-04-18,187.19119262695312,22246400
IWM,2022-04-19,190.92327880859375,22786700
IWM,2022-04-20,191.6526336669922,20516200
IWM,2022-04-21,187.3616485595703,31547700
IWM,2022-04-22,182.51187133789062,35686900
IWM,2022-04-25,183.6201171875,35556500
IWM,2022-04-26,177.83258056640625,40513600
IWM,2022-04-27,177.09373474121094,37808000
IWM,2022-04-28,180.3995361328125,37405200
IWM,2022-04-29,175.1898193359375,41193400
IWM,2022-05-02,177.02740478515625,38002100
IWM,2022-05-03,178.54298400878906,30246300
IWM,2022-05-04,183.30755615234375,38834700
IWM,2022-05-05,175.871826171875,41468700
IWM,2022-05-06,172.9448699951172,45457900
IWM,2022-05-09,165.67015075683594,53682200
IWM,2022-05-10,165.71749877929688,53650800
IWM,2022-05-11,161.5970916748047,64377800
IWM,2022-05-12,163.4915313720703,52967400
IWM,2022-05-13,168.67288208007812,36517000
IWM,2022-05-16,167.86773681640625,28225500
IWM,2022-05-17,173.00169372558594,31833700
IWM,2022-05-18,166.93943786621094,36093800
IWM,2022-05-19,167.21414184570312,33627700
IWM,2022-05-20,166.78790283203125,42243700
IWM,2022-05-23,168.8054962158203,24644100
IWM,2022-05-24,166.30484008789062,26861800
IWM,2022-05-25,169.29806518554688,27950100
IWM,2022-05-26,173.07748413085938,25702700
IWM,2022-05-27,177.7378692626953,24952100
IWM,2022-05-31,175.5308074951172,29794500
IWM,2022-06-01,174.53619384765625,28352100
IWM,2022-06-02,178.79872131347656,24876000
IWM,2022-06-03,177.18844604492188,18972100
IWM,2022-06-06,177.95571899414062,24678700
IWM,2022-06-07,180.8258056640625,21661600
IWM,2022-06-08,178.03150939941406,21521700
IWM,2022-06-09,174.3408660888672,21697200
IWM,2022-06-10,169.61122131347656,37153600
IWM,2022-06-13,161.64306640625,39712700
IWM,2022-06-14,160.86428833007812,30282400
IWM,2022-06-15,163.21957397460938,32150500
IWM,2022-06-16,155.65980529785156,43810600
IWM,2022-06-17,156.87542724609375,40327300
IWM,2022-06-21,159.68661499023438,34665400
IWM,2022-06-22,159.38270568847656,29303500
IWM,2022-06-23,161.29165649414062,27089800
IWM,2022-06-24,166.28721618652344,37138500
IWM,2022-06-27,166.90451049804688,24745400
IWM,2022-06-28,163.7704315185547,25909200
IWM,2022-06-29,162.1083984375,21292500
IWM,2022-06-30,160.84527587890625,31466300
IWM,2022-07-01,162.79220581054688,24598600
IWM,2022-07-05,164.1407928466797,25151100
IWM,2022-07-06,162.9252166748047,25697600
IWM,2022-07-07,166.7810821533203,24822500
IWM,2022-07-08,166.76205444335938,20547000
IWM,2022-07-11,163.40951538085938,22031500
IWM,2022-07-12,162.84918212890625,23864200
IWM,2022-07-13,162.70675659179688,25535600
IWM,2022-07-14,161.0352325439453,25102200
IWM,2022-07-15,164.3877410888672,34935900
IWM,2022-07-18,163.9224090576172,23031500
IWM,2022-07-19,169.70619201660156,24234600
IWM,2022-07-20,172.36541748046875,26049300
IWM,2022-07-21,173.24868774414062,21709900
IWM,2022-07-22,170.4849853515625,25116100
IWM,2022-07-25,171.36822509765625,19267200
IWM,2022-07-26,170.3140106201172,19391200
IWM,2022-07-27,174.18890380859375,21670700
IWM,2022-07-28,176.58221435546875,22838500
IWM,2022-07-29,177.8358612060547,21760600
IWM,2022-08-01,177.76937866210938,23905600
IWM,2022-08-02,177.5984344482422,17492600
IWM,2022-08-03,180.21017456054688,19157700
IWM,2022-08-04,179.83026123046875,14838900
IWM,2022-08-05,181.2073516845703,18540300
IWM,2022-08-08,183.12582397460938,22188700
IWM,2022-08-09,180.62806701660156,18247300
IWM,2022-08-10,185.7849884033203,20796400
IWM,2022-08-11,186.4783477783203,23727600
IWM,2022-08-12,190.28672790527344,21726600
IWM,2022-08-15,190.9610595703125,17414800
IWM,2022-08-16,190.88507080078125,18833100
IWM,2022-08-17,187.67501831054688,22428000
IWM,2022-08-18,188.9191436767578,18368100
IWM,2022-08-19,184.8638153076172,27416400
IWM,2022-08-22,181.055419921875,22937000
IWM,2022-08-23,181.34982299804688,20069800
IWM,2022-08-24,182.7364044189453,16038300
IWM,2022-08-25,185.57611083984375,14795000
IWM,2022-08-26,179.47886657714844,24177200
IWM,2022-08-29,177.8263702392578,19753300
IWM,2022-08-30,175.33807373046875,22548900
IWM,2022-08-31,174.27438354492188,22412500
IWM,2022-09-01,172.3749237060547,30706600
IWM,2022-09-02,171.03582763671875,27468200
IWM,2022-09-06,169.3453369140625,23837100
IWM,2022-09-07,173.03021240234375,24781200
IWM,2022-09-08,174.4738311767578,25273200
IWM,2022-09-09,177.97830200195312,23208800
IWM,2022-09-12,180.1342010498047,23134600
IWM,2022-09-13,173.0872039794922,34144700
IWM,2022-09-14,173.76153564453125,25278300
IWM,2022-09-15,172.49842834472656,25378700
IWM,2022-09-16,169.99111938476562,41155900
IWM,2022-09-19,171.44419860839844,25412200
IWM,2022-09-20,169.10792541503906,22247500
IWM,2022-09-21,166.5246124267578,29357100
IWM,2022-09-22,162.77322387695312,33468600
IWM,2022-09-23,158.89834594726562,40336900
IWM,2022-09-26,156.72271728515625,30597800
IWM,2022-09-27,157.25732421875,42406600
IWM,2022-09-28,162.23101806640625,35186500
IWM,2022-09-29,158.5938262939453,31464000
IWM,2022-09-30,157.438720703125,40643800
IWM,2022-10-03,161.6104736328125,33611600
IWM,2022-10-04,168.01608276367188,37537300
IWM,2022-10-05,166.77503967285156,25281400
IWM,2022-10-06,165.83950805664062,22635900
IWM,2022-10-07,160.96133422851562,26536100
IWM,2022-10-10,160.06394958496094,23386400
IWM,2022-10-11,160.11167907714844,28009100
IWM,2022-10-12,159.67257690429688,26796700
IWM,2022-10-13,163.624755859375,45376500
IWM,2022-10-14,159.24293518066406,29608600
IWM,2022-10-17,164.32162475585938,28199200
IWM,2022-10-18,166.2690887451172,34523100
IWM,2022-10-19,163.44334411621094,27146900
IWM,2022-10-20,161.3622589111328,26710700
IWM,2022-10-21,164.86578369140625,45402700
IWM,2022-10-24,165.57220458984375,27284500
IWM,2022-10-25,170.08761596679688,33105700
IWM,2022-10-26,170.92774963378906,37084700
IWM,2022-10-27,170.96591186523438,28651800
IWM,2022-10-28,174.8512725830078,33221600
IWM,2022-10-31,175.01361083984375,25699400
IWM,2022-11-01,175.2522430419922,27446700
IWM,2022-11-02,169.43849182128906,38139600
IWM,2022-11-03,168.30247497558594,29093200
IWM,2022-11-04,170.5745086669922,25842400
IWM,2022-11-07,171.34779357910156,20689900
IWM,2022-11-08,171.4145965576172,20265200
IWM,2022-11-09,166.70822143554688,27277000
IWM,2022-11-10,176.97059631347656,38572800
IWM,2022-11-11,178.421630859375,28765400
IWM,2022-11-14,176.42642211914062,26499600
IWM,2022-11-15,179.04214477539062,26128800
IWM,2022-11-16,175.891845703125,24802000
IWM,2022-11-17,174.25941467285156,20835700
IWM,2022-11-18,175.38589477539062,27269100
IWM,2022-11-21,174.46946716308594,19038900
IWM,2022-11-22,176.3309783935547,16869700
IWM,2022-11-23,176.78919982910156,19758800
IWM,2022-11-25,177.16151428222656,13393400
IWM,2022-11-28,173.59115600585938,17465600
IWM,2022-11-29,174.09713745117188,14020600
IWM,2022-11-30,178.87030029296875,28030100
IWM,2022-12-01,178.47891235351562,21996400
IWM,2022-12-02,179.5194549560547,22574800
IWM,2022-12-05,174.57444763183594,25449300
IWM,2022-12-06,171.9014892578125,18502100
IWM,2022-12-07,171.3955078125,17177800
IWM,2022-12-08,172.6365203857422,20971400
IWM,2022-12-09,170.51722717285156,22046500
IWM,2022-12-12,172.52195739746094,22765400
IWM,2022-12-13,173.95095825195312,38445300
IWM,2022-12-14,172.80966186523438,32406900
IWM,2022-12-15,168.48439025878906,33546700
IWM,2022-12-16,167.22804260253906,38502400
IWM,2022-12-19,164.9647216796875,25614000
IWM,2022-12-20,165.8374481201172,18050800
IWM,2022-12-21,168.6953887939453,22997200
IWM,2022-12-22,166.48959350585938,21297600
IWM,2022-12-23,167.2472381591797,11647700
IWM,2022-12-27,166.1251678466797,13553800
IWM,2022-12-28,163.5453338623047,19648000
IWM,2022-12-29,167.6884002685547,22311300
IWM,2022-12-30,167.21847534179688,21275600
IWM,2023-01-03,166.29779052734375,22503800
IWM,2023-01-04,168.3693084716797,22973500
IWM,2023-01-05,166.5663299560547,17032600
IWM,2023-01-06,170.3065948486328,21986900
IWM,2023-01-09,170.5942840576172,18366500
IWM,2023-01-10,173.1165771484375,18751100
IWM,2023-01-11,175.27444458007812,18222700
IWM,2023-01-12,178.2186737060547,29650800
IWM,2023-01-13,179.38868713378906,22120000
IWM,2023-01-17,179.16815185546875,22422600
IWM,2023-01-18,176.2718048095703,23507800
IWM,2023-01-19,174.58392333984375,24624500
IWM,2023-01-20,177.46102905273438,36070300
IWM,2023-01-23,179.6572265625,20329900
IWM,2023-01-24,179.27359008789062,19263500
IWM,2023-01-25,179.77232360839844,18174600
IWM,2023-01-26,180.83682250976562,18369100
IWM,2023-01-27,181.81509399414062,20019900
IWM,2023-01-30,179.283203125,18395100
IWM,2023-01-31,183.6372528076172,21567900
IWM,2023-02-01,186.5239715576172,27007300
IWM,2023-02-02,190.19711303710938,31020400
IWM,2023-02-03,188.9215850830078,24981500
IWM,2023-02-06,186.18829345703125,18160100
IWM,2023-02-07,187.5693359375,27074100
IWM,2023-02-08,184.82647705078125,17933500
IWM,2023-02-09,182.15072631835938,20516600
IWM,2023-02-10,182.51516723632812,15248700
IWM,2023-02-13,184.71141052246094,15754400
IWM,2023-02-14,184.62506103515625,21889600
IWM,2023-02-15,186.4951934814453,18721200
IWM,2023-02-16,184.71141052246094,21366300
IWM,2023-02-17,185.21969604492188,23892200
IWM,2023-02-21,179.75315856933594,26004000
IWM,2023-02-22,180.2422637939453,24651700
IWM,2023-02-23,181.52734375,21311700
IWM,2023-02-24,179.82986450195312,24280700
IWM,2023-02-27,180.4628143310547,17562900
IWM,2023-02-28,180.47239685058594,19542600
IWM,2023-03-01,180.7025604248047,22532800
IWM,2023-03-02,181.13414001464844,18104400
IWM,2023-03-03,183.6564483642578,22774300
IWM,2023-03-06,180.97113037109375,23266700
IWM,2023-03-07,178.87083435058594,25865700
IWM,2023-03-08,178.95712280273438,22505900
IWM,2023-03-09,173.97970581054688,33546900
IWM,2023-03-10,168.96389770507812,69274200
IWM,2023-03-13,166.2114715576172,74171500
IWM,2023-03-14,169.2899932861328,48946200
IWM,2023-03-15,166.49920654296875,54405800
IWM,2023-03-16,168.77212524414062,52392300
IWM,2023-03-17,164.2166748046875,70239900
IWM,2023-03-20,166.34573364257812,46103200
IWM,2023-03-21,169.41465759277344,34465900
IWM,2023-03-22,164.60987854003906,56098200
IWM,2023-03-23,163.87928771972656,47720900
IWM,2023-03-24,165.36166381835938,47519700
IWM,2023-03-27,167.20016479492188,33880600
IWM,2023-03-28,166.9595489501953,28555100
IWM,2023-03-29,168.85580444335938,25564800
IWM,2023-03-30,168.62477111816406,26728600
IWM,2023-03-31,171.7243194580078,39602900
IWM,2023-04-03,171.8013153076172,27609000
IWM,2023-04-04,168.7884521484375,33487200
IWM,2023-04-05,167.13282775878906,28247300
IWM,2023-04-06,167.38307189941406,26366300
IWM,2023-04-10,169.1734619140625,22237800
IWM,2023-04-11,170.51145935058594,21876200
IWM,2023-04-12,169.26010131835938,27018100
IWM,2023-04-13,171.50291442871094,23259900
IWM,2023-04-14,169.90499877929688,29600400
IWM,2023-04-17,172.09007263183594,22177300
IWM,2023-04-18,171.3585205078125,22873100
IWM,2023-04-19,171.57992553710938,19306800
IWM,2023-04-20,170.69435119628906,20336300
IWM,2023-04-21,170.91574096679688,25972800
IWM,2023-04-24,170.80023193359375,17781000
IWM,2023-04-25,166.58413696289062,28857900
IWM,2023-04-26,164.9766387939453,30309800
IWM,2023-04-27,167.18093872070312,33424100
IWM,2023-04-28,168.64405822753906,31911900
IWM,2023-05-01,168.7403106689453,27420100
IWM,2023-05-02,165.27500915527344,40851100
IWM,2023-05-03,165.88143920898438,43261400
IWM,2023-05-04,164.02365112304688,42382100
IWM,2023-05-05,167.92213439941406,35456800
IWM,2023-05-08,167.537109375,22109900
IWM,2023-05-09,167.03652954101562,21465500
IWM,2023-05-10,167.8836212158203,27281900
IWM,2023-05-11,166.59376525878906,25884600
IWM,2023-05-12,166.2568817138672,20406400
IWM,2023-05-15,168.2878875732422,24310000
IWM,2023-05-16,165.8333282470703,24212900
IWM,2023-05-17,169.5296173095703,38231600
IWM,2023-05-18,170.5595703125,30446600
IWM,2023-05-19,169.52001953125,34316300
IWM,2023-05-22,171.5895233154297,28207200
IWM,2023-05-23,170.78097534179688,32708900
IWM,2023-05-24,168.9713134765625,28744200
IWM,2023-05-25,167.65260314941406,36202600
IWM,2023-05-26,169.5584716796875,29841300
IWM,2023-05-30,168.9328155517578,25572600
IWM,2023-05-31,167.267578125,34598800
IWM,2023-06-01,169.07717895507812,27800900
IWM,2023-06-02,175.20884704589844,50212400
IWM,2023-06-05,172.86016845703125,34465800
IWM,2023-06-06,177.41314697265625,58584500
IWM,2023-06-07,180.732666015625,60685600
IWM,2023-06-08,180.05694580078125,34185000
IWM,2023-06-09,178.5994415283203,30242200
IWM,2023-06-12,179.34266662597656,26580500
IWM,2023-06-13,181.3986358642578,35758200
IWM,2023-06-14,179.44886779785156,37114100
IWM,2023-06-15,180.92567443847656,36488400
IWM,2023-06-16,179.47781372070312,50684500
IWM,2023-06-20,178.6959686279297,33269300
IWM,2023-06-21,178.28091430664062,30730200
IWM,2023-06-22,176.9585418701172,27063700
IWM,2023-06-23,174.29446411132812,50610100
IWM,2023-06-26,174.4681854248047,31507900
IWM,2023-06-27,176.98748779296875,28818800
IWM,2023-06-28,177.85618591308594,23187600
IWM,2023-06-29,179.9025421142578,32084100
IWM,2023-06-30,180.76162719726562,30287300
IWM,2023-07-03,181.12840270996094,14011900
IWM,2023-07-05,179.32339477539062,24092100
IWM,2023-07-06,176.4276580810547,39080800
IWM,2023-07-07,178.29058837890625,31706700
IWM,2023-07-10,181.34071350097656,29725100
IWM,2023-07-11,183.20367431640625,26738800
IWM,2023-07-12,185.20172119140625,40127300
IWM,2023-07-13,186.69786071777344,23523000
IWM,2023-07-14,184.87351989746094,32198600
IWM,2023-07-17,186.85231018066406,23283700
IWM,2023-07-18,189.15924072265625,28489800
IWM,2023-07-19,189.9604034423828,23679000
IWM,2023-07-20,188.30018615722656,27278100
IWM,2023-07-21,187.7017364501953,28982400
IWM,2023-07-24,188.16505432128906,16929800
IWM,2023-07-25,188.14573669433594,18961100
IWM,2023-07-26,189.6322021484375,20377900
IWM,2023-07-27,187.1804962158203,31159300
IWM,2023-07-28,189.60324096679688,21612200
IWM,2023-07-31,191.8040008544922,24203900
IWM,2023-08-01,190.92562866210938,27444300
IWM,2023-08-02,188.3291473388672,28079700
IWM,2023-08-03,187.7982635498047,24279300
IWM,2023-08-04,187.42178344726562,24950400
IWM,2023-08-07,187.5472869873047,20185000
IWM,2023-08-08,186.3696746826172,25578200
IWM,2023-08-09,184.91217041015625,22293200
IWM,2023-08-10,184.09169006347656,29378800
IWM,2023-08-11,184.35227966308594,21789000
IWM,2023-08-14,184.03378295898438,20354900
IWM,2023-08-15,181.60134887695312,25491300
IWM,2023-08-16,179.3813018798828,27018400
IWM,2023-08-17,177.2674102783203,26715100
IWM,2023-08-18,178.23263549804688,33375200
IWM,2023-08-21,177.9720458984375,22678100
IWM,2023-08-22,177.44114685058594,21299200
IWM,2023-08-23,179.3330078125,21231100
IWM,2023-08-24,176.85235595703125,26582300
IWM,2023-08-25,177.60523986816406,29340400
IWM,2023-08-28,179.18824768066406,23002000
IWM,2023-08-29,181.68821716308594,22986000
IWM,2023-08-30,182.37356567382812,19869900
IWM,2023-08-31,182.05499267578125,17953400
IWM,2023-09-01,184.21717834472656,25094600
IWM,2023-09-05,180.3368682861328,27160100
IWM,2023-09-06,179.6612091064453,26406200
IWM,2023-09-07,177.92376708984375,23894800
IWM,2023-09-08,177.5280303955078,19399100
IWM,2023-09-11,177.95274353027344,17424700
IWM,2023-09-12,177.7789764404297,16826300
IWM,2023-09-13,176.61102294921875,24415700
IWM,2023-09-14,179.10137939453125,27952500
IWM,2023-09-15,177.22879028320312,39695500
IWM,2023-09-18,176.0511932373047,19287800
IWM,2023-09-19,175.36585998535156,24085900
IWM,2023-09-20,173.60910034179688,27642900
IWM,2023-09-21,170.9160919189453,31625600
IWM,2023-09-22,170.5299835205078,23164700
IWM,2023-09-25,171.29251098632812,22416200
IWM,2023-09-26,169.0901641845703,30476000
IWM,2023-09-27,170.6708984375,37293000
IWM,2023-09-28,172.21287536621094,31372400
IWM,2023-09-29,171.3982696533203,36689000
IWM,2023-10-02,168.80894470214844,42139300
IWM,2023-10-03,165.96749877929688,42733600
IWM,2023-10-04,166.04505920410156,42491900
IWM,2023-10-05,166.171142578125,33365100
IWM,2023-10-06,167.771240234375,42160900
IWM,2023-10-09,168.7410430908203,26658400
IWM,2023-10-10,170.65150451660156,31585000
IWM,2023-10-11,170.360595703125,27427200
IWM,2023-10-12,166.5105743408203,38693800
IWM,2023-10-13,165.123779296875,33955600
IWM,2023-10-16,167.79066467285156,31140300
IWM,2023-10-17,169.66233825683594,39823200
IWM,2023-10-18,166.171142578125,38501400
IWM,2023-10-19,163.52366638183594,51397300
IWM,2023-10-20,161.4095458984375,54421900
IWM,2023-10-23,160.0421600341797,45590900
IWM,2023-10-24,161.43861389160156,32666300
IWM,2023-10-25,158.77175903320312,36832900
IWM,2023-10-26,159.17904663085938,50525600
IWM,2023-10-27,157.30740356445312,46017100
IWM,2023-10-30,158.18016052246094,35156300
IWM,2023-10-31,159.54757690429688,31533200
IWM,2023-11-01,160.45913696289062,44367100
IWM,2023-11-02,164.7358856201172,50458100
IWM,2023-11-03,169.2162322998047,57060700
IWM,2023-11-06,167.1021270751953,35294400
IWM,2023-11-07,166.5105743408203,31168900
IWM,2023-11-08,164.7358856201172,44938600
IWM,2023-11-09,162.18536376953125,38577400
IWM,2023-11-10,163.99887084960938,36121300
IWM,2023-11-13,164.05703735351562,27610300
IWM,2023-11-14,173.06625366210938,77611000
IWM,2023-11-15,173.3668975830078,59641400
IWM,2023-11-16,170.56422424316406,46616700
IWM,2023-11-17,172.90139770507812,43418700
IWM,2023-11-20,173.90994262695312,26665100
IWM,2023-11-21,171.66978454589844,30457000
IWM,2023-11-22,172.7462158203125,28940900
IWM,2023-11-24,173.90994262695312,13846900
IWM,2023-11-27,173.32810974121094,30665800
IWM,2023-11-28,172.65895080566406,28350200
IWM,2023-11-29,173.57052612304688,31590200
IWM,2023-11-30,174.22998046875,32216800
IWM,2023-12-01,179.3213348388672,64221300
IWM,2023-12-04,181.24147033691406,44862600
IWM,2023-12-05,178.81704711914062,36873500
IWM,2023-12-06,178.49700927734375,43637900
IWM,2023-12-07,179.78680419921875,32662300
IWM,2023-12-08,181.15419006347656,36087100
IWM,2023-12-11,181.53240966796875,29302100
IWM,2023-12-12,181.34812927246094,32024000
IWM,2023-12-13,187.48684692382812,69484800
IWM,2023-12-14,192.70420837402344,83649300
IWM,2023-12-15,191.0846710205078,74160700
IWM,2023-12-18,191.15257263183594,44451100
IWM,2023-12-19,194.8571319580078,52156200
IWM,2023-12-20,191.0455322265625,62360300
IWM,2023-12-21,194.29647827148438,38613400
IWM,2023-12-22,196.1068572998047,39173800
IWM,2023-12-26,198.65701293945312,26879000
IWM,2023-12-27,199.35780334472656,35806400
IWM,2023-12-28,198.59860229492188,28930100
IWM,2023-12-29,195.35740661621094,41496800
IWM,2024-01-02,194.1991424560547,44341500
IWM,2024-01-03,189.02101135253906,57532500
IWM,2024-01-04,188.6511688232422,43114200
IWM,2024-01-05,188.09634399414062,40964900
IWM,2024-01-08,191.48353576660156,31545400
IWM,2024-01-09,189.77049255371094,28998700
IWM,2024-01-10,189.8775634765625,35075200
IWM,2024-01-11,188.38836669921875,48939200
IWM,2024-01-12,188.07687377929688,42992100
IWM,2024-01-16,185.7506103515625,42213000
IWM,2024-01-17,184.42689514160156,37787700
IWM,2024-01-18,185.51702880859375,41760000
IWM,2024-01-19,187.29820251464844,63338300
IWM,2024-01-22,191.29859924316406,42379500
IWM,2024-01-23,190.7438201904297,42471200
IWM,2024-01-24,189.1767578125,41120100
IWM,2024-01-25,190.7438201904297,37659500
IWM,2024-01-26,190.75352478027344,33478600
IWM,2024-01-29,194.0920867919922,29234400
IWM,2024-01-30,192.43739318847656,33121200
IWM,2024-01-31,187.7362518310547,68126700
IWM,2024-02-01,190.2279510498047,59479000
IWM,2024-02-02,189.2254180908203,52839300
IWM,2024-02-05,186.82130432128906,39751900
IWM,2024-02-06,188.50515747070312,34689100
IWM,2024-02-07,188.06715393066406,31713900
IWM,2024-02-08,190.91900634765625,35370800
IWM,2024-02-09,194.02392578125,46107100
IWM,2024-02-12,197.5474090576172,43291000
IWM,2024-02-13,189.4200897216797,86247400
IWM,2024-02-14,193.8195343017578,43808000
IWM,2024-02-15,198.98794555664062,44931900
IWM,2024-02-16,196.28207397460938,48346200
IWM,2024-02-20,193.5762176513672,30547500
IWM,2024-02-21,192.66127014160156,28669100
IWM,2024-02-22,194.1212921142578,38184700
IWM,2024-02-23,194.5592498779297,37667700
IWM,2024-02-26,195.78567504882812,29118200
IWM,2024-02-27,198.55967712402344,32268600
IWM,2024-02-28,196.92446899414062,30143900
IWM,2024-02-29,198.296875,40404100
IWM,2024-03-01,200.39927673339844,35156900
IWM,2024-03-04,200.21434020996094,24785400
IWM,2024-03-05,198.296875,34163500
IWM,2024-03-06,199.77633666992188,34255200
IWM,2024-03-07,201.44073486328125,28020200
IWM,2024-03-08,201.314208984375,41447800
IWM,2024-03-11,199.7179412841797,24435800
IWM,2024-03-12,199.44540405273438,34958900
IWM,2024-03-13,200.2240447998047,25140700
IWM,2024-03-14,196.64219665527344,47509100
IWM,2024-03-15,197.0120849609375,53217000
IWM,2024-03-18,195.8830108642578,32405100
IWM,2024-03-19,196.71034240722656,29864100
IWM,2024-03-20,200.60365295410156,49609600
IWM,2024-03-21,202.90850830078125,43067300
IWM,2024-03-22,200.1079559326172,28437300
IWM,2024-03-25,200.56658935546875,20107800
IWM,2024-03-26,200.20555114746094,23434800
IWM,2024-03-27,204.56741333007812,35028400
IWM,2024-03-28,205.21142578125,37675100
IWM,2024-04-01,203.27932739257812,25684200
IWM,2024-04-02,199.54202270507812,36632100
IWM,2024-04-03,200.8495635986328,27362800
IWM,2024-04-04,198.8394012451172,32265200
IWM,2024-04-05,199.50294494628906,27569400
IWM,2024-04-08,200.59588623046875,21331000
IWM,2024-04-09,201.38623046875,23289100
IWM,2024-04-10,196.06814575195312,57130500
IWM,2024-04-11,197.3952178955078,37184000
IWM,2024-04-12,193.88233947753906,35388700
IWM,2024-04-15,191.04273986816406,41119300
IWM,2024-04-16,190.34017944335938,43267500
IWM,2024-04-17,188.33001708984375,38589500
IWM,2024-04-18,188.1738739013672,40238200
IWM,2024-04-19,188.4666290283203,42666500
IWM,2024-04-22,190.5743408203125,31553000
IWM,2024-04-23,193.76524353027344,31838300
IWM,2024-04-24,192.89678955078125,28791700
IWM,2024-04-25,191.72579956054688,31915600
IWM,2024-04-26,193.56031799316406,24613600
IWM,2024-04-29,195.12161254882812,20494600
IWM,2024-04-30,191.1598358154297,30606800
IWM,2024-05-01,191.55992126464844,38782100
IWM,2024-05-02,195.08255004882812,27201000
IWM,2024-05-03,197.0146484375,30880600
IWM,2024-05-06,199.56150817871094,23129800
IWM,2024-05-07,200.01036071777344,20116900
IWM,2024-05-08,198.8491973876953,18349400
IWM,2024-05-09,200.87884521484375,22914300
IWM,2024-05-10,199.36634826660156,21520200
IWM,2024-05-13,199.7859649658203,18585300
IWM,2024-05-14,201.85464477539062,33169000
IWM,2024-05-15,204.37220764160156,33412300
IWM,2024-05-16,202.8987579345703,26731100
IWM,2024-05-17,203.0451202392578,35219800
IWM,2024-05-20,203.4939727783203,15695900
IWM,2024-05-21,203.29885864257812,13466800
IWM,2024-05-22,201.58143615722656,20853100
IWM,2024-05-23,198.27346801757812,34039800
IWM,2024-05-24,200.468994140625,19946100
IWM,2024-05-28,200.19577026367188,18475900
IWM,2024-05-29,197.23910522460938,25654800
IWM,2024-05-30,199.1126708984375,20428200
IWM,2024-05-31,200.791015625,25784900
IWM,2024-06-03,199.65908813476562,23902900
IWM,2024-06-04,197.08297729492188,27098900
IWM,2024-06-05,200.09823608398438,20707600
IWM,2024-06-06,198.6637725830078,17335500
IWM,2024-06-07,196.3315887451172,26036000
IWM,2024-06-10,197.0049285888672,25075300
IWM,2024-06-11,196.33168029785156,23768400
IWM,2024-06-12,199.34556579589844,43668700
IWM,2024-06-13,197.60377502441406,28021100
IWM,2024-06-14,194.4627227783203,33453700
IWM,2024-06-17,196.09683227539062,25538100
IWM,2024-06-18,196.43934631347656,25446900
IWM,2024-06-20,195.60757446289062,27999700
IWM,2024-06-21,196.0478973388672,37511300
IWM,2024-06-24,196.8992156982422,22289600
IWM,2024-06-25,196.25340270996094,15925400
IWM,2024-06-26,195.7347869873047,19313500
IWM,2024-06-27,197.72120666503906,17432600
IWM,2024-06-28,198.5333709716797,35026000
IWM,2024-07-01,196.86988830566406,21886200
IWM,2024-07-02,197.5450439453125,17219100
IWM,2024-07-03,197.49612426757812,15167200
IWM,2024-07-05,196.55674743652344,17282500
IWM,2024-07-08,197.93646240234375,20823800
IWM,2024-07-09,197.0753631591797,17864200
IWM,2024-07-10,199.00308227539062,19286100
IWM,2024-07-11,206.15609741210938,65443600
IWM,2024-07-12,208.5632781982422,50810700
IWM,2024-07-15,212.52630615234375,48925300
IWM,2024-07-16,219.77719116210938,67945700
IWM,2024-07-17,217.47767639160156,66092100
IWM,2024-07-18,213.2699737548828,53180000
IWM,2024-07-19,212.18380737304688,37933500
IWM,2024-07-22,215.5597381591797,36185900
IWM,2024-07-23,217.84950256347656,44884600
IWM,2024-07-24,213.17214965820312,42443000
IWM,2024-07-25,215.83375549316406,45053100
IWM,2024-07-26,219.4053497314453,40822600
IWM,2024-07-29,216.96881103515625,33869700
IWM,2024-07-30,217.79080200195312,26876800
IWM,2024-07-31,219.05308532714844,52387700
IWM,2024-08-01,211.92942810058594,71508100
IWM,2024-08-02,204.43389892578125,66850200
IWM,2024-08-05,197.85818481445312,65683100
IWM,2024-08-06,200.0109405517578,37072500
IWM,2024-08-07,197.64291381835938,30594500
IWM,2024-08-08,202.44747924804688,26550300
IWM,2024-08-09,202.02670288085938,20954500
IWM,2024-08-12,200.20664978027344,20357900
IWM,2024-08-13,203.50428771972656,25458300
IWM,2024-08-14,202.24200439453125,25345600
IWM,2024-08-15,207.48690795898438,42561600
IWM,2024-08-16,208.03488159179688,30427400
IWM,2024-08-19,210.5790252685547,17246200
IWM,2024-08-20,208.12294006347656,21703900
IWM,2024-08-21,210.83348083496094,19623100
IWM,2024-08-22,208.97422790527344,18084300
IWM,2024-08-23,215.64781188964844,40003100
IWM,2024-08-26,215.71630859375,24865500
IWM,2024-08-27,214.04302978515625,19577900
IWM,2024-08-28,212.59481811523438,19685000
IWM,2024-08-29,214.1115264892578,24599500
IWM,2024-08-30,215.35427856445312,23010500
IWM,2024-09-03,208.76878356933594,31338500
IWM,2024-09-04,208.41648864746094,23706300
IWM,2024-09-05,207.37924194335938,23910500
IWM,2024-09-06,203.435791015625,34561300
IWM,2024-09-09,204.00335693359375,23584100
IWM,2024-09-10,203.8369903564453,23025700
IWM,2024-09-11,204.43389892578125,27175600
IWM,2024-09-12,207.06613159179688,27611700
IWM,2024-09-13,212.17404174804688,37388100
IWM,2024-09-16,212.93728637695312,23289000
IWM,2024-09-17,214.69866943359375,35563500
IWM,2024-09-18,214.73779296875,54085200
IWM,2024-09-19,219.1607208251953,35369500
IWM,2024-09-20,216.81227111816406,34587500
IWM,2024-09-23,216.01966857910156,20157700
IWM,2024-09-24,216.38169860839844,20939800
IWM,2024-09-25,213.74244689941406,23242300
IWM,2024-09-26,214.88143920898438,24974700
IWM,2024-09-27,216.3345947265625,23959600
IWM,2024-09-30,216.88441467285156,21938200
IWM,2024-10-01,213.93881225585938,30016000
IWM,2024-10-02,213.644287109375,14455400
IWM,2024-10-03,212.2107696533203,21353000
IWM,2024-10-04,215.1759796142578,27901500
IWM,2024-10-07,213.48716735839844,14891800
IWM,2024-10-08,213.63446044921875,18118600
IWM,2024-10-09,214.1057586669922,18230700
IWM,2024-10-10,212.91770935058594,24571400
IWM,2024-10-11,217.2477264404297,19950900
IWM,2024-10-14,218.84814453125,19263300
IWM,2024-10-15,219.02490234375,25998800
IWM,2024-10-16,222.6283416748047,27656700
IWM,2024-10-17,222.01959228515625,18003600
IWM,2024-10-18,221.55812072753906,20047400
IWM,2024-10-21,218.0724639892578,24243800
IWM,2024-10-22,217.2477264404297,15813900
IWM,2024-10-23,215.2643585205078,23263500
IWM,2024-10-24,215.7356414794922,18381900
IWM,2024-10-25,214.92068481445312,23807800
IWM,2024-10-28,218.42596435546875,19877700
IWM,2024-10-29,217.71900939941406,20282200
IWM,2024-10-30,217.42445373535156,19754800
IWM,2024-10-31,213.81118774414062,24078400
IWM,2024-11-01,215.00906372070312,21222200
IWM,2024-11-04,216.0989532470703,20463700
IWM,2024-11-05,220.1638641357422,26404600
IWM,2024-11-06,232.9182891845703,75554600
IWM,2024-11-07,232.09353637695312,34970300
IWM,2024-11-08,233.80198669433594,26597800
IWM,2024-11-11,237.31704711914062,29207700
IWM,2024-11-12,233.15396118164062,35314300
IWM,2024-11-13,230.84657287597656,25947700
IWM,2024-11-14,227.73406982421875,29272100
IWM,2024-11-15,224.3367919921875,37930000
IWM,2024-11-18,224.77862548828125,29368500
IWM,2024-11-19,226.44781494140625,26009400
IWM,2024-11-20,226.7423553466797,24222700
IWM,2024-11-21,230.18873596191406,28679400
IWM,2024-11-22,234.440185546875,22693100
IWM,2024-11-25,238.00436401367188,33534000
IWM,2024-11-26,236.25665283203125,22581400
IWM,2024-11-27,236.58067321777344,19472800
IWM,2024-11-29,237.48399353027344,16782700
IWM,2024-12-02,237.3661651611328,25274800
IWM,2024-12-03,235.67733764648438,21376700
IWM,2024-12-04,236.521728515625,19903000
IWM,2024-12-05,233.76271057128906,20227000
IWM,2024-12-06,234.59730529785156,20760900
IWM,2024-12-09,233.41905212402344,16684300
IWM,2024-12-10,232.40773010253906,19946500
IWM,2024-12-11,233.45834350585938,23156900
IWM,2024-12-12,230.4243621826172,21454500
IWM,2024-12-13,228.8435821533203,23972900
IWM,2024-12-16,230.18873596191406,32293500
IWM,2024-12-17,227.55345153808594,33064300
IWM,2024-12-18,217.47914123535156,52267500
IWM,2024-12-19,216.51405334472656,51871700
IWM,2024-12-20,218.54269409179688,53882200
IWM,2024-12-23,218.0404510498047,29606800
IWM,2024-12-24,219.99032592773438,13399600
IWM,2024-12-26,222.24546813964844,20024800
IWM,2024-12-27,219.00552368164062,26956000
IWM,2024-12-30,217.32156372070312,25706100
IWM,2024-12-31,217.59730529785156,26208300
QQQ,2020-01-02,208.08889770507812,30969400
QQQ,2020-01-03,206.18280029296875,27518900
QQQ,2020-01-06,207.51132202148438,21655300
QQQ,2020-01-07,207.48240661621094,22139300
QQQ,2020-01-08,209.04190063476562,26397300
QQQ,2020-01-09,210.8131866455078,23547000
QQQ,2020-01-10,210.27410888671875,21898500
QQQ,2020-01-13,212.70005798339844,22756900
QQQ,2020-01-14,211.8624725341797,24418100
QQQ,2020-01-15,211.94912719726562,25742100
QQQ,2020-01-16,213.9803466796875,18805000
QQQ,2020-01-17,215.03927612304688,24325200
QQQ,2020-01-21,214.94302368164062,21146300
QQQ,2020-01-22,215.51097106933594,20736400
QQQ,2020-01-23,216.20407104492188,26496100
QQQ,2020-01-24,214.38470458984375,37436500
QQQ,2020-01-27,209.95643615722656,42264400
QQQ,2020-01-28,213.18136596679688,26731900
QQQ,2020-01-29,213.52789306640625,28924500
QQQ,2020-01-30,214.28843688964844,39568100
QQQ,2020-01-31,210.89022827148438,52015800
QQQ,2020-02-03,214.0766143798828,25408600
QQQ,2020-02-04,218.97654724121094,30691200
QQQ,2020-02-05,219.6985626220703,38534800
QQQ,2020-02-06,221.59500122070312,22467100
QQQ,2020-02-07,220.64199829101562,25884900
QQQ,2020-02-10,223.3085479736328,21478900
QQQ,2020-02-11,223.34706115722656,30198000
QQQ,2020-02-12,225.52261352539062,24471300
QQQ,2020-02-13,225.23387145996094,22773200
QQQ,2020-02-14,225.87887573242188,23438500
QQQ,2020-02-18,225.96551513671875,24394500
QQQ,2020-02-19,228.1314697265625,22230500
QQQ,2020-02-20,226.0135955810547,42604000
QQQ,2020-02-21,221.67201232910156,66017200
QQQ,2020-02-24,213.12359619140625,84522600
QQQ,2020-02-25,207.32835388183594,97743000
QQQ,2020-02-26,208.3968963623047,79537700
QQQ,2020-02-27,197.96168518066406,121822600
QQQ,2020-02-28,198.11569213867188,148173700
QQQ,2020-03-02,208.33917236328125,112933900
QQQ,2020-03-03,201.6583251953125,131953500
QQQ,2020-03-04,210.07192993164062,73086200
QQQ,2020-03-05,203.68954467773438,78705500
QQQ,2020-03-06,200.25279235839844,89828400
QQQ,2020-03-09,186.3423614501953,116424000
QQQ,2020-03-10,196.48878479003906,100599200
QQQ,2020-03-11,187.9307403564453,89168800
QQQ,2020-03-12,170.69906616210938,137820700
QQQ,2020-03-13,185.1582489013672,134882000
QQQ,2020-03-16,162.9785614013672,92054400
QQQ,2020-03-17,175.339111328125,121257100
QQQ,2020-03-18,170.00595092773438,114156300
QQQ,2020-03-19,171.02642822265625,120896500
QQQ,2020-03-20,164.32630920410156,118983900
QQQ,2020-03-23,164.4449920654297,124639800
QQQ,2020-03-24,177.1791534423828,94881800
QQQ,2020-03-25,175.86709594726562,88754900
QQQ,2020-03-26,185.12838745117188,79887600
QQQ,2020-03-27,178.76129150390625,58845000
QQQ,2020-03-30,185.263427734375,49356900
QQQ,2020-03-31,183.6813201904297,62659300
QQQ,2020-04-01,175.87677001953125,53715400
QQQ,2020-04-02,179.4462127685547,56465300
QQQ,2020-04-03,176.89935302734375,47487600
QQQ,2020-04-06,189.5467987060547,64763500
QQQ,2020-04-07,189.4696044921875,69904500
QQQ,2020-04-08,193.49241638183594,45940400
QQQ,2020-04-09,193.77220153808594,68252600
QQQ,2020-04-13,195.86563110351562,42853900
QQQ,2020-04-14,204.384033203125,63959600
QQQ,2020-04-15,202.03976440429688,47036000
QQQ,2020-04-16,205.7250213623047,64657400
QQQ,2020-04-17,207.69300842285156,62863200
QQQ,2020-04-20,205.23301696777344,38249100
QQQ,2020-04-21,197.66000366210938,72932800
QQQ,2020-04-22,203.52548217773438,40089100
QQQ,2020-04-23,203.0913543701172,43278500
QQQ,2020-04-24,206.294189453125,34231900
QQQ,2020-04-27,207.9534912109375,36451700
QQQ,2020-04-28,204.03675842285156,46862800
QQQ,2020-04-29,211.27206420898438,48716400
QQQ,2020-04-30,211.18527221679688,43359500
QQQ,2020-05-01,205.23301696777344,48795000
QQQ,2020-05-04,207.62547302246094,32841000
QQQ,2020-05-05,209.9793701171875,37783100
QQQ,2020-05-06,211.27206420898438,36455200
QQQ,2020-05-07,213.99261474609375,38624800
QQQ,2020-05-08,216.92529296875,31852300
QQQ,2020-05-11,218.8643341064453,35714100
QQQ,2020-05-12,214.2820281982422,41054100
QQQ,2020-05-13,211.60006713867188,65521200
QQQ,2020-05-14,214.0022430419922,51549300
QQQ,2020-05-15,215.39141845703125,55747200
QQQ,2020-05-18,219.40463256835938,42398100
QQQ,2020-05-19,218.85475158691406,36237300
QQQ,2020-05-20,223.22491455078125,37417000
QQQ,2020-05-21,220.79379272460938,43642900
QQQ,2020-05-22,221.55592346191406,28762400
QQQ,2020-05-26,220.95779418945312,33055300
QQQ,2020-05-27,222.16368103027344,55665600
QQQ,2020-05-28,221.87428283691406,42784300
QQQ,2020-05-29,225.12535095214844,50691800
QQQ,2020-06-01,225.8006591796875,25776000
QQQ,2020-06-02,227.31524658203125,33383400
QQQ,2020-06-03,228.337890625,37228700
QQQ,2020-06-04,226.73643493652344,38716100
QQQ,2020-06-05,231.23204040527344,47365600
QQQ,2020-06-08,233.02635192871094,32937300
QQQ,2020-06-09,234.71463012695312,35046300
QQQ,2020-06-10,237.5315399169922,58084400
QQQ,2020-06-11,225.7621307373047,72919400
QQQ,2020-06-12,227.55645751953125,72034800
QQQ,2020-06-15,230.32518005371094,45307400
QQQ,2020-06-16,234.2804718017578,48890100
QQQ,2020-06-17,235.02333068847656,34749300
QQQ,2020-06-18,235.6600341796875,30578600
QQQ,2020-06-19,235.62144470214844,49422100
QQQ,2020-06-22,238.4471893310547,24068700
QQQ,2020-06-23,240.47662353515625,32767400
QQQ,2020-06-24,235.51901245117188,46032400
QQQ,2020-06-25,237.7610626220703,36940800
QQQ,2020-06-26,232.1462860107422,52824600
QQQ,2020-06-29,234.67828369140625,34377800
QQQ,2020-06-30,239.27828979492188,38909200
QQQ,2020-07-01,242.07113647460938,34689200
QQQ,2020-07-02,243.71400451660156,31956500
QQQ,2020-07-06,249.7056427001953,34589000
QQQ,2020-07-07,247.98544311523438,36578200
QQQ,2020-07-08,251.25184631347656,30426300
QQQ,2020-07-09,253.3682098388672,40312900
QQQ,2020-07-10,255.0980682373047,32885300
QQQ,2020-07-13,249.85057067871094,64108100
QQQ,2020-07-14,251.61904907226562,72230500
QQQ,2020-07-15,252.13125610351562,54523900
QQQ,2020-07-16,250.4110870361328,47594100
QQQ,2020-07-17,250.7010040283203,35137900
QQQ,2020-07-20,257.8136291503906,40610100
QQQ,2020-07-21,255.1271209716797,43243800
QQQ,2020-07-22,256.0258483886719,29865500
QQQ,2020-07-23,249.3384552001953,51363500
QQQ,2020-07-24,246.97076416015625,54054500
QQQ,2020-07-27,251.37744140625,36445700
QQQ,2020-07-28,248.1787109375,31302400
QQQ,2020-07-29,251.0392303466797,27556900
QQQ,2020-07-30,252.3535614013672,41774500
QQQ,2020-07-31,256.8569030761719,53686300
QQQ,2020-08-03,260.3262023925781,32081600
QQQ,2020-08-04,261.2926330566406,24911300
QQQ,2020-08-05,261.94012451171875,21612100
QQQ,2020-08-06,265.409423828125,28048200
QQQ,2020-08-07,262.3459777832031,44969400
QQQ,2020-08-10,261.22503662109375,35088400
QQQ,2020-08-11,256.27703857421875,43104300
QQQ,2020-08-12,262.7229309082031,38773400
QQQ,2020-08-13,263.32208251953125,31895700
QQQ,2020-08-14,263.0128479003906,30799500
QQQ,2020-08-17,266.06658935546875,24803000
QQQ,2020-08-18,268.6275634765625,23529500
QQQ,2020-08-19,266.8204040527344,31999400
QQQ,2020-08-20,270.521728515625,27723400
QQQ,2020-08-21,272.3964538574219,34748900
QQQ,2020-08-24,274.0973205566406,36418500
QQQ,2020-08-25,276.25238037109375,34866600
QQQ,2020-08-26,282.1473388671875,42216700
QQQ,2020-08-27,281.2679443359375,49482700
QQQ,2020-08-28,282.6981506347656,28021000
QQQ,2020-08-31,284.96923828125,36321000
QQQ,2020-09-01,289.8398742675781,36216200
QQQ,2020-09-02,292.5843811035156,50836800
QQQ,2020-09-03,277.7502746582031,110083300
QQQ,2020-09-04,274.0489807128906,123959000
QQQ,2020-09-08,260.8770446777344,99568600
QQQ,2020-09-09,268.5406188964844,64837900
QQQ,2020-09-10,263.186767578125,69667500
QQQ,2020-09-11,261.3603820800781,71809000
QQQ,2020-09-14,265.911865234375,38525200
QQQ,2020-09-15,269.680908203125,41849900
QQQ,2020-09-16,265.3804931640625,42321000
QQQ,2020-09-17,261.2346496582031,81570800
QQQ,2020-09-18,257.9006652832031,86251100
QQQ,2020-09-21,258.51910400390625,57168600
QQQ,2020-09-22,263.32208251953125,41128900
QQQ,2020-09-23,255.2816619873047,48837300
QQQ,2020-09-24,256.4703063964844,70631700
QQQ,2020-09-25,262.4330139160156,55242400
QQQ,2020-09-28,267.8834228515625,58438300
QQQ,2020-09-29,266.67547607421875,27050000
QQQ,2020-09-30,268.5019226074219,49380800
QQQ,2020-10-01,272.7637023925781,50020200
QQQ,2020-10-02,265.0905456542969,75497400
QQQ,2020-10-05,270.74395751953125,28184600
QQQ,2020-10-06,265.911865234375,49704200
QQQ,2020-10-07,270.51202392578125,27539700
QQQ,2020-10-08,271.9519348144531,25443300
QQQ,2020-10-09,276.10748291015625,30201100
QQQ,2020-10-12,284.6309814453125,79370700
QQQ,2020-10-13,284.62127685546875,64240000
QQQ,2020-10-14,282.2439880371094,36949100
QQQ,2020-10-15,280.349853515625,42514200
QQQ,2020-10-16,278.8132629394531,40570700
QQQ,2020-10-19,274.26153564453125,36756800
QQQ,2020-10-20,274.8511657714844,32195400
QQQ,2020-10-21,274.63848876953125,29306100
QQQ,2020-10-22,274.6288757324219,32196200
QQQ,2020-10-23,275.1700744628906,24658500
QQQ,2020-10-26,271.0434875488281,38421100
QQQ,2020-10-27,273.1599426269531,30559100
QQQ,2020-10-28,262.5103454589844,53413500
QQQ,2020-10-29,267.1007385253906,43246300
QQQ,2020-10-30,260.3262023925781,65838300
QQQ,2020-11-02,260.9060974121094,39987400
QQQ,2020-11-03,265.4191589355469,43604100
QQQ,2020-11-04,277.2671203613281,75728200
QQQ,2020-11-05,284.4956970214844,52054200
QQQ,2020-11-06,284.70831298828125,40959800
QQQ,2020-11-09,278.890625,86537100
QQQ,2020-11-10,273.89447021484375,69024900
QQQ,2020-11-11,280.0213317871094,36102900
QQQ,2020-11-12,278.7070007324219,34414600
QQQ,2020-11-13,281.1518859863281,24806900
QQQ,2020-11-16,283.34564208984375,30168400
QQQ,2020-11-17,282.44683837890625,21843500
QQQ,2020-11-18,280.3595886230469,28069600
QQQ,2020-11-19,282.55328369140625,22718400
QQQ,2020-11-20,280.6204833984375,25907300
QQQ,2020-11-23,280.630126953125,26875600
QQQ,2020-11-24,284.5729675292969,24516800
QQQ,2020-11-25,286.3221435546875,23326800
QQQ,2020-11-27,288.96044921875,17163100
QQQ,2020-11-30,289.5498962402344,27836200
QQQ,2020-12-01,293.26080322265625,27521300
QQQ,2020-12-02,293.63775634765625,23620000
QQQ,2020-12-03,294.05328369140625,22828700
QQQ,2020-12-04,295.2516174316406,19332100
QQQ,2020-12-07,296.92340087890625,20851000
QQQ,2020-12-08,297.9285583496094,18341500
QQQ,2020-12-09,291.18304443359375,48839300
QQQ,2020-12-10,292.35235595703125,27519500
QQQ,2020-12-11,291.7049865722656,26760400
QQQ,2020-12-14,293.82135009765625,28804800
QQQ,2020-12-15,296.9621276855469,25709000
QQQ,2020-12-16,298.5953674316406,25461900
QQQ,2020-12-17,300.5474548339844,23730500
QQQ,2020-12-18,299.63897705078125,41173400
QQQ,2020-12-21,299.0783996582031,37095500
QQQ,2020-12-22,299.8917236328125,26176300
QQQ,2020-12-23,298.3814392089844,21201300
QQQ,2020-12-24,299.69805908203125,16785000
QQQ,2020-12-28,302.7186279296875,22497700
QQQ,2020-12-29,302.9897155761719,25871900
QQQ,2020-12-30,302.9994201660156,18138100
QQQ,2020-12-31,303.7449645996094,21611400
QQQ,2021-01-04,299.4560241699219,45305900
QQQ,2021-01-05,301.92474365234375,29323400
QQQ,2021-01-06,297.74237060546875,52809600
QQQ,2021-01-07,304.9454650878906,30394800
QQQ,2021-01-08,308.8663330078125,33955800
QQQ,2021-01-11,304.4032287597656,32746400
QQQ,2021-01-12,303.91912841796875,29266800
QQQ,2021-01-13,305.9715576171875,22898400
QQQ,2021-01-14,304.3354797363281,23500100
QQQ,2021-01-15,301.92474365234375,35118700
QQQ,2021-01-19,306.329833984375,24537000
QQQ,2021-01-20,313.4552917480469,30728100
QQQ,2021-01-21,315.96282958984375,25130600
QQQ,2021-01-22,315.0528259277344,21609400
QQQ,2021-01-25,317.6571044921875,39080600
QQQ,2021-01-26,318.12176513671875,25498100
QQQ,2021-01-27,309.2535705566406,55264000
QQQ,2021-01-28,311.0834655761719,42836300
QQQ,2021-01-29,304.5387878417969,55259000
QQQ,2021-02-01,312.1484069824219,35646000
QQQ,2021-02-02,317.24078369140625,33930800
QQQ,2021-02-03,315.982177734375,24824500
QQQ,2021-02-04,319.71917724609375,22350900
QQQ,2021-02-05,320.80352783203125,22732000
QQQ,2021-02-08,322.9527587890625,20462800
QQQ,2021-02-09,322.8851013183594,17597500
QQQ,2021-02-10,322.1492004394531,28068700
QQQ,2021-02-11,323.9209289550781,22046100
QQQ,2021-02-12,325.7313537597656,20346800
QQQ,2021-02-16,324.85040283203125,27080800
QQQ,2021-02-17,323.2916564941406,31360300
QQQ,2021-02-18,321.878173828125,32236200
QQQ,2021-02-19,320.4743957519531,39157700
QQQ,2021-02-22,312.1677551269531,47256900
QQQ,2021-02-23,311.2383117675781,97241900
QQQ,2021-02-24,313.80389404296875,58206300
QQQ,2021-02-25,302.8638916015625,110182600
QQQ,2021-02-26,304.132080078125,104739800
QQQ,2021-03-01,313.2810974121094,49164500
QQQ,2021-03-02,308.2563781738281,48370000
QQQ,2021-03-03,299.310791015625,86301100
QQQ,2021-03-04,294.4120178222656,139131600
QQQ,2021-03-05,298.8460693359375,121523700
QQQ,2021-03-08,290.384521484375,88409800
QQQ,2021-03-09,301.837646484375,80391100
QQQ,2021-03-10,300.97601318359375,76798100
QQQ,2021-03-11,307.9079895019531,53484800
QQQ,2021-03-12,305.4101257324219,69315600
QQQ,2021-03-15,308.6726989746094,42955700
QQQ,2021-03-16,310.3669738769531,54925900
QQQ,2021-03-17,311.64495849609375,78258700
QQQ,2021-03-18,302.0990905761719,82718100
QQQ,2021-03-19,303.1640625,78446200
QQQ,2021-03-22,308.8493957519531,56194800
QQQ,2021-03-23,307.5019226074219,53455400
QQQ,2021-03-24,302.3158264160156,64803700
QQQ,2021-03-25,301.7923583984375,78729000
QQQ,2021-03-26,306.3192138671875,63519600
QQQ,2021-03-29,306.2320556640625,54608000
QQQ,2021-03-30,304.6907958984375,44635700
QQQ,2021-03-31,309.3534240722656,55032500
QQQ,2021-04-01,314.62677001953125,55685600
QQQ,2021-04-05,320.9082336425781,42172500
QQQ,2021-04-06,320.68536376953125,33537200
QQQ,2021-04-07,321.4608154296875,32046400
QQQ,2021-04-08,324.8147277832031,29940800
QQQ,2021-04-09,326.7825927734375,36664900
QQQ,2021-04-12,326.35614013671875,25833000
QQQ,2021-04-13,330.16571044921875,30374000
QQQ,2021-04-14,326.20098876953125,42564300
QQQ,2021-04-15,331.1446838378906,36342800
QQQ,2021-04-16,331.5325012207031,40860100
QQQ,2021-04-19,328.49835205078125,34533100
QQQ,2021-04-20,326.10406494140625,38081800
QQQ,2021-04-21,328.8958435058594,36598100
QQQ,2021-04-22,324.93109130859375,45936100
QQQ,2021-04-23,329.0218811035156,36381900
QQQ,2021-04-26,331.1640625,30812000
QQQ,2021-04-27,329.72943115234375,33187200
QQQ,2021-04-28,328.6146240234375,33615700
QQQ,2021-04-29,329.7972717285156,37708900
QQQ,2021-04-30,327.6356506347656,38263400
QQQ,2021-05-03,325.8907470703125,29729700
QQQ,2021-05-04,320.0260925292969,65147000
QQQ,2021-05-05,318.95013427734375,46219300
QQQ,2021-05-06,321.3540954589844,46814300
QQQ,2021-05-07,323.9617919921875,53324500
QQQ,2021-05-10,315.7801818847656,60700500
QQQ,2021-05-11,315.3440246582031,71963600
QQQ,2021-05-12,307.1819763183594,91164900
QQQ,2021-05-13,309.5569152832031,69877800
QQQ,2021-05-14,316.3909912109375,44370000
QQQ,2021-05-17,314.4716796875,39395000
QQQ,2021-05-18,312.3487854003906,36528500
QQQ,2021-05-19,312.7073669433594,66319100
QQQ,2021-05-20,318.7562255859375,46466100
QQQ,2021-05-21,316.99200439453125,50330400
QQQ,2021-05-24,322.3235168457031,32475800
QQQ,2021-05-25,322.7694091796875,31280300
QQQ,2021-05-26,323.8938903808594,25444900
QQQ,2021-05-27,322.68212890625,27931700
QQQ,2021-05-28,323.699951171875,29927400
QQQ,2021-06-01,322.62408447265625,31145400
QQQ,2021-06-02,323.2541198730469,22047900
QQQ,2021-06-03,319.8903503417969,37057800
QQQ,2021-06-04,325.3188781738281,38736500
QQQ,2021-06-07,326.2882080078125,32611900
QQQ,2021-06-08,326.4433288574219,27282800
QQQ,2021-06-09,326.5209045410156,21485300
QQQ,2021-06-10,329.9233093261719,33702100
QQQ,2021-06-11,330.7860412597656,21222800
QQQ,2021-06-14,333.9559326171875,27827700
QQQ,2021-06-15,331.7748107910156,35963800
QQQ,2021-06-16,330.5631408691406,55399500
QQQ,2021-06-17,334.76043701171875,59722700
QQQ,2021-06-18,332.13348388671875,55414900
QQQ,2021-06-21,334.1976623535156,32992600
QQQ,2021-06-22,337.31298828125,28941600
QQQ,2021-06-23,337.47796630859375,27188500
QQQ,2021-06-24,339.5645446777344,32581600
QQQ,2021-06-25,339.1471252441406,28682800
QQQ,2021-06-28,343.271728515625,39130300
QQQ,2021-06-29,344.5140075683594,29426000
QQQ,2021-06-30,343.9705505371094,32724000
QQQ,2021-07-01,344.10638427734375,29290000
QQQ,2021-07-02,348.0562744140625,32727200
QQQ,2021-07-06,349.5605163574219,38842400
QQQ,2021-07-07,350.2980651855469,35265200
QQQ,2021-07-08,348.1824035644531,50890000
QQQ,2021-07-09,350.35638427734375,35184500
QQQ,2021-07-12,351.7247619628906,25717700
QQQ,2021-07-13,351.7247619628906,39723000
QQQ,2021-07-14,352.3555908203125,35336400
QQQ,2021-07-15,349.8808288574219,53391600
QQQ,2021-07-16,347.0469665527344,47262000
QQQ,2021-07-19,344.2033996582031,64404600
QQQ,2021-07-20,348.201904296875,42183700
QQQ,2021-07-21,350.8901062011719,30259900
QQQ,2021-07-22,353.2095947265625,30252200
QQQ,2021-07-23,357.3341979980469,31960800
QQQ,2021-07-26,357.61566162109375,28438100
QQQ,2021-07-27,353.6753845214844,57933100
QQQ,2021-07-28,355.0340881347656,42066200
QQQ,2021-07-29,355.6649169921875,25672500
QQQ,2021-07-30,353.8113708496094,36484600
QQQ,2021-08-02,353.84033203125,27334100
QQQ,2021-08-03,355.9851989746094,35558500
QQQ,2021-08-04,356.4994812011719,29602200
QQQ,2021-08-05,358.76080322265625,21443900
QQQ,2021-08-06,357.1885986328125,33332100
QQQ,2021-08-09,357.8485107421875,25960200
QQQ,2021-08-10,356.0143127441406,35130800
QQQ,2021-08-11,355.40289306640625,34249800
QQQ,2021-08-12,356.6839294433594,25969200
QQQ,2021-08-13,357.93585205078125,19336200
QQQ,2021-08-16,358.0911865234375,34856900
QQQ,2021-08-17,354.9371643066406,44793900
QQQ,2021-08-18,351.52093505859375,38541900
QQQ,2021-08-19,353.2192687988281,48499400
QQQ,2021-08-20,356.8780517578125,39486000
QQQ,2021-08-23,362.21575927734375,34034700
QQQ,2021-08-24,363.32208251953125,21732900
QQQ,2021-08-25,363.7394104003906,20441900
QQQ,2021-08-26,361.42962646484375,29133300
QQQ,2021-08-27,364.9427795410156,27104700
QQQ,2021-08-30,369.03826904296875,27295700
QQQ,2021-08-31,368.73736572265625,29628200
QQQ,2021-09-01,369.34881591796875,28138300
QQQ,2021-09-02,369.1741638183594,25453400
QQQ,2021-09-03,370.3096618652344,24605400
QQQ,2021-09-07,370.833740234375,23970200
QQQ,2021-09-08,369.5429382324219,32949200
QQQ,2021-09-09,368.2715148925781,29399000
QQQ,2021-09-10,365.4765930175781,40249400
QQQ,2021-09-13,365.2242126464844,48741800
QQQ,2021-09-14,364.1858825683594,41826600
QQQ,2021-09-15,366.8934326171875,34097900
QQQ,2021-09-16,367.1457824707031,35193100
QQQ,2021-09-17,362.7980041503906,60912300
QQQ,2021-09-20,355.3014221191406,76203200
QQQ,2021-09-21,355.7386474609375,41927500
QQQ,2021-09-22,359.0614013671875,46972900
QQQ,2021-09-23,362.3744201660156,44652000
QQQ,2021-09-24,362.7144470214844,36056800
QQQ,2021-09-27,359.81927490234375,43338100
QQQ,2021-09-28,349.6372985839844,97701600
QQQ,2021-09-29,349.06402587890625,58076600
QQQ,2021-09-30,347.781494140625,61384600
QQQ,2021-10-01,349.9383850097656,56375500
QQQ,2021-10-04,342.5933837890625,76766000
QQQ,2021-10-05,347.218017578125,47232900
QQQ,2021-10-06,349.4429016113281,56806500
QQQ,2021-10-07,352.6490783691406,39411200
QQQ,2021-10-08,350.8905029296875,41822300
QQQ,2021-10-11,348.1993103027344,34847200
QQQ,2021-10-12,346.98486328125,43905100
QQQ,2021-10-13,349.76348876953125,40120800
QQQ,2021-10-14,356.20501708984375,43433900
QQQ,2021-10-15,358.44927978515625,40419900
QQQ,2021-10-18,362.0538024902344,34513500
QQQ,2021-10-19,364.7936706542969,29091000
QQQ,2021-10-20,364.31744384765625,31390300
QQQ,2021-10-21,366.5425109863281,25469300
QQQ,2021-10-22,363.4625549316406,36275800
QQQ,2021-10-25,367.18365478515625,32597800
QQQ,2021-10-26,368.3398742675781,47191300
QQQ,2021-10-27,369.19482421875,45760500
QQQ,2021-10-28,373.2947692871094,38007000
QQQ,2021-10-29,375.13104248046875,37310100
QQQ,2021-11-01,376.4134521484375,30765300
QQQ,2021-11-02,377.98748779296875,25135300
QQQ,2021-11-03,382.00006103515625,33748900
QQQ,2021-11-04,386.89666748046875,40265300
QQQ,2021-11-05,387.2659912109375,43383800
QQQ,2021-11-08,386.74127197265625,29256300
QQQ,2021-11-09,384.0792236328125,50490700
QQQ,2021-11-10,378.4344177246094,54937400
QQQ,2021-11-11,379.483642578125,32243000
QQQ,2021-11-12,383.476806640625,34730600
QQQ,2021-11-15,383.3893737792969,33716900
QQQ,2021-11-16,386.1194763183594,27872900
QQQ,2021-11-17,386.323486328125,28703300
QQQ,2021-11-18,390.326416015625,45721500
QQQ,2021-11-19,392.5025939941406,45191700
QQQ,2021-11-22,387.94598388671875,61715400
QQQ,2021-11-23,386.17779541015625,70098700
QQQ,2021-11-24,387.4214172363281,46954400
QQQ,2021-11-26,380.0763244628906,51533300
QQQ,2021-11-29,388.324951171875,54447100
QQQ,2021-11-30,382.62188720703125,81332700
QQQ,2021-12-01,376.1123046875,77766500
QQQ,2021-12-02,378.822998046875,84416600
QQQ,2021-12-03,372.2358703613281,105349100
QQQ,2021-12-06,375.218505859375,67588800
QQQ,2021-12-07,386.517822265625,56005300
QQQ,2021-12-08,388.2471618652344,39204000
QQQ,2021-12-09,382.5343933105469,49973700
QQQ,2021-12-10,386.6927185058594,52545800
QQQ,2021-12-13,381.1062316894531,50166400
QQQ,2021-12-14,377.1616516113281,75199200
QQQ,2021-12-15,385.7600402832031,73858000
QQQ,2021-12-16,375.84033203125,82591400
QQQ,2021-12-17,373.9652404785156,80492500
QQQ,2021-12-20,370.3375549316406,65336800
QQQ,2021-12-21,378.6258850097656,48899500
QQQ,2021-12-22,383.23699951171875,37042200
QQQ,2021-12-23,386.126220703125,29595500
QQQ,2021-12-27,392.5079040527344,32820700
QQQ,2021-12-28,390.688720703125,33113700
QQQ,2021-12-29,390.6303405761719,32248500
QQQ,2021-12-30,389.4629821777344,23850100
QQQ,2021-12-31,387.0309143066406,34752900
QQQ,2022-01-03,390.75677490234375,40575900
QQQ,2022-01-04,385.6884460449219,58027200
QQQ,2022-01-05,373.8397216796875,75739800
QQQ,2022-01-06,373.5770568847656,70814300
QQQ,2022-01-07,369.5301818847656,72652300
QQQ,2022-01-10,369.7734069824219,91770500
QQQ,2022-01-11,375.328125,68295700
QQQ,2022-01-12,376.8165283203125,54576400
QQQ,2022-01-13,367.3900146484375,77994000
QQQ,2022-01-14,369.67608642578125,80121200
QQQ,2022-01-18,360.47332763671875,75450900
QQQ,2022-01-19,356.5140075683594,81791500
QQQ,2022-01-20,351.8834533691406,88610700
QQQ,2022-01-21,342.1261901855469,143388900
QQQ,2022-01-24,343.69232177734375,198685800
QQQ,2022-01-25,335.72515869140625,124398400
QQQ,2022-01-26,335.1997985839844,146559500
QQQ,2022-01-27,331.8241882324219,95255700
QQQ,2022-01-28,342.2331848144531,108167900
QQQ,2022-01-31,353.17724609375,94326400
QQQ,2022-02-01,355.580078125,74433000
QQQ,2022-02-02,358.4693603515625,78777100
QQQ,2022-02-03,343.93560791015625,95384800
QQQ,2022-02-04,348.27435302734375,86318300
QQQ,2022-02-07,345.47259521484375,58198100
QQQ,2022-02-08,349.3542175292969,64720900
QQQ,2022-02-09,356.7572326660156,55766400
QQQ,2022-02-10,348.6828918457031,112468500
QQQ,2022-02-11,337.6221618652344,101569100
QQQ,2022-02-14,338.0404357910156,80254400
QQQ,2022-02-15,346.4454650878906,55128800
QQQ,2022-02-16,346.3579406738281,58947100
QQQ,2022-02-17,336.0559997558594,61801400
QQQ,2022-02-18,332.2230529785156,80001500
QQQ,2022-02-22,328.88629150390625,85967100
QQQ,2022-02-23,320.4618225097656,86215400
QQQ,2022-02-24,331.2307434082031,130614100
QQQ,2022-02-25,336.36712646484375,78842100
QQQ,2022-02-28,337.36920166015625,77515500
QQQ,2022-03-01,332.2036437988281,67407000
QQQ,2022-03-02,337.7777099609375,70609000
QQQ,2022-03-03,332.95257568359375,71089400
QQQ,2022-03-04,328.12750244140625,76936300
QQQ,2022-03-07,316.0257568359375,89933800
QQQ,2022-03-08,314.55682373046875,116153900
QQQ,2022-03-09,325.8803405761719,64723400
QQQ,2022-03-10,322.261474609375,69362700
QQQ,2022-03-11,315.578369140625,66228400
QQQ,2022-03-14,309.5177917480469,79802600
QQQ,2022-03-15,319.226318359375,76471000
QQQ,2022-03-16,331.0654296875,105243000
QQQ,2022-03-17,335.0733947753906,67810000
QQQ,2022-03-18,341.9316101074219,85446300
QQQ,2022-03-21,340.9809875488281,73799100
QQQ,2022-03-22,347.6822204589844,63345900
QQQ,2022-03-23,342.6855773925781,70615500
QQQ,2022-03-24,350.30224609375,53555300
QQQ,2022-03-25,350.0101013183594,57584200
QQQ,2022-03-28,355.42559814453125,56833900
QQQ,2022-03-29,361.5423278808594,68073000
QQQ,2022-03-30,357.5489501953125,68757700
QQQ,2022-03-31,353.1171569824219,67011400
QQQ,2022-04-01,352.4450988769531,54527800
QQQ,2022-04-04,359.7014465332031,45950200
QQQ,2022-04-05,351.714599609375,62738700
QQQ,2022-04-06,344.07843017578125,90077100
QQQ,2022-04-07,344.8966064453125,63777400
QQQ,2022-04-08,340.0751647949219,61956100
QQQ,2022-04-11,332.0298767089844,66107400
QQQ,2022-04-12,330.6274108886719,72790200
QQQ,2022-04-13,337.34796142578125,61367800
QQQ,2022-04-14,329.6338195800781,73519400
QQQ,2022-04-18,329.8871154785156,58560600
QQQ,2022-04-19,337.26031494140625,56515700
QQQ,2022-04-20,332.3415832519531,65500000
QQQ,2022-04-21,325.4650573730469,75801000
QQQ,2022-04-22,316.9425048828125,82562100
QQQ,2022-04-25,321.0137939453125,101755900
QQQ,2022-04-26,308.897216796875,105819600
QQQ,2022-04-27,308.5271301269531,111204200
QQQ,2022-04-28,319.484619140625,99450000
QQQ,2022-04-29,305.1082763671875,91977900
QQQ,2022-05-02,310.202392578125,115511800
QQQ,2022-05-03,310.5335388183594,78185500
QQQ,2022-05-04,321.0333251953125,116083400
QQQ,2022-05-05,304.8648986816406,154607400
QQQ,2022-05-06,301.2122497558594,139572800
QQQ,2022-05-09,289.4267578125,113387300
QQQ,2022-05-10,292.9429016113281,124124600
QQQ,2022-05-11,284.2547607421875,140326100
QQQ,2022-05-12,283.5826416015625,120910900
QQQ,2022-05-13,294.09222412109375,83684900
QQQ,2022-05-16,290.6831970214844,59190400
QQQ,2022-05-17,298.2123107910156,62715300
QQQ,2022-05-18,283.57293701171875,79477100
QQQ,2022-05-19,282.05340576171875,79920700
QQQ,2022-05-20,281.1769104003906,91764200
QQQ,2022-05-23,285.8522033691406,63648400
QQQ,2022-05-24,279.7742919921875,73491100
QQQ,2022-05-25,283.6897888183594,67144500
QQQ,2022-05-26,291.5500793457031,59462200
QQQ,2022-05-27,301.066162109375,66985600
QQQ,2022-05-31,300.2674560546875,60968300
QQQ,2022-06-01,298.0467224121094,65341700
QQQ,2022-06-02,306.2088928222656,59291300
QQQ,2022-06-03,298.24151611328125,60914700
QQQ,2022-06-06,299.2350158691406,51785000
QQQ,2022-06-07,301.8161315917969,44900300
QQQ,2022-06-08,299.64410400390625,38342100
QQQ,2022-06-09,291.6182556152344,55900500
QQQ,2022-06-10,281.33270263671875,85963500
QQQ,2022-06-13,268.2518310546875,94442000
QQQ,2022-06-14,268.7387390136719,64697500
QQQ,2022-06-15,275.44970703125,86051400
QQQ,2022-06-16,264.3363037109375,81910300
QQQ,2022-06-17,267.55047607421875,82703400
QQQ,2022-06-21,274.3006286621094,51633700
QQQ,2022-06-22,273.9005432128906,67472900
QQQ,2022-06-23,277.9797668457031,57457800
QQQ,2022-06-24,287.50439453125,58422300
QQQ,2022-06-27,285.3963928222656,54151500
QQQ,2022-06-28,276.701416015625,61609800
QQQ,2022-06-29,276.9550476074219,57302700
QQQ,2022-06-30,273.52001953125,79313600
QQQ,2022-07-01,275.3253173828125,56675100
QQQ,2022-07-05,280.038818359375,61829300
QQQ,2022-07-06,281.83453369140625,63194700
QQQ,2022-07-07,287.8654479980469,56620100
QQQ,2022-07-08,288.2265319824219,59895500
QQQ,2022-07-11,282.06866455078125,55273900
QQQ,2022-07-12,279.336181640625,55797100
QQQ,2022-07-13,278.7603454589844,73939400
QQQ,2022-07-14,279.755859375,63741800
QQQ,2022-07-15,284.8303527832031,63818100
QQQ,2022-07-18,282.4200134277344,59519600
QQQ,2022-07-19,291.1053161621094,55172600
QQQ,2022-07-20,295.72125244140625,67769400
QQQ,2022-07-21,299.9663391113281,55049400
QQQ,2022-07-22,294.7063903808594,57127700
QQQ,2022-07-25,293.02789306640625,40582400
QQQ,2022-07-26,287.2701110839844,50074100
QQQ,2022-07-27,299.4100036621094,69304400
QQQ,2022-07-28,302.3377990722656,55139900
QQQ,2022-07-29,307.8514404296875,57501000
QQQ,2022-08-01,307.6660461425781,46358800
QQQ,2022-08-02,306.7486877441406,48676500
QQQ,2022-08-03,315.10223388671875,53735700
QQQ,2022-08-04,316.5758361816406,38973700
QQQ,2022-08-05,313.9897766113281,53894000
QQQ,2022-08-08,312.974853515625,43878500
QQQ,2022-08-09,309.432373046875,39764200
QQQ,2022-08-10,318.0689392089844,51459600
QQQ,2022-08-11,316.2635192871094,45897700
QQQ,2022-08-12,322.42144775390625,40928400
QQQ,2022-08-15,325.0269775390625,38266600
QQQ,2022-08-16,324.26580810546875,41186900
QQQ,2022-08-17,320.5671691894531,47842200
QQQ,2022-08-18,321.3381652832031,41937200
QQQ,2022-08-19,315.07305908203125,51770600
QQQ,2022-08-22,306.77801513671875,51098900
QQQ,2022-08-23,306.5242614746094,39497100
QQQ,2022-08-24,307.412353515625,38057100
QQQ,2022-08-25,312.8479309082031,38098300
QQQ,2022-08-26,300.02496337890625,69047700
QQQ,2022-08-29,297.06805419921875,48321900
QQQ,2022-08-30,293.7596740722656,51184500
QQQ,2022-08-31,292.052001953125,50044000
QQQ,2022-09-01,292.1788024902344,57990700
QQQ,2022-09-02,288.05084228515625,64666800
QQQ,2022-09-06,285.98193359375,57005400
QQQ,2022-09-07,291.75921630859375,49260400
QQQ,2022-09-08,293.2717590332031,55649800
QQQ,2022-09-09,299.6833801269531,56125200
QQQ,2022-09-12,303.24530029296875,45905700
QQQ,2022-09-13,286.6163024902344,79562200
QQQ,2022-09-14,288.89007568359375,54907200
QQQ,2022-09-15,284.07904052734375,65299400
QQQ,2022-09-16,282.3418884277344,79920400
QQQ,2022-09-19,284.5406188964844,52613800
QQQ,2022-09-20,282.2725830078125,51271100
QQQ,2022-09-21,277.21820068359375,82931000
QQQ,2022-09-22,273.8062438964844,62757100
QQQ,2022-09-23,269.34820556640625,74815200
QQQ,2022-09-26,268.2336730957031,71176700
QQQ,2022-09-27,268.3412170410156,69780100
QQQ,2022-09-28,273.6791076660156,79652100
QQQ,2022-09-29,265.7895812988281,81216000
QQQ,2022-09-30,261.28271484375,78482400
QQQ,2022-10-03,267.4124755859375,61267400
QQQ,2022-10-04,275.8201599121094,66696900
QQQ,2022-10-05,275.6734619140625,55766300
QQQ,2022-10-06,273.50311279296875,53489400
QQQ,2022-10-07,263.0814514160156,71354700
QQQ,2022-10-10,260.4517517089844,60393000
QQQ,2022-10-11,256.8735656738281,66522500
QQQ,2022-10-12,256.7855529785156,50580200
QQQ,2022-10-13,262.807861328125,112894100
QQQ,2022-10-14,254.90843200683594,77244300
QQQ,2022-10-17,263.3259582519531,64576500
QQQ,2022-10-18,265.4083251953125,69781000
QQQ,2022-10-19,264.4405517578125,53115400
QQQ,2022-10-20,263.0913391113281,60605500
QQQ,2022-10-21,269.26019287109375,77897700
QQQ,2022-10-24,272.2223815917969,63963600
QQQ,2022-10-25,277.85357666015625,59014500
QQQ,2022-10-26,271.7140197753906,63492400
QQQ,2022-10-27,266.7672424316406,57760300
QQQ,2022-10-28,274.93048095703125,62651300
QQQ,2022-10-31,271.733642578125,47742000
QQQ,2022-11-01,268.9571228027344,45895900
QQQ,2022-11-02,259.7380065917969,79803100
QQQ,2022-11-03,254.66407775878906,70038900
QQQ,2022-11-04,258.7603759765625,78313200
QQQ,2022-11-07,261.6053771972656,47333800
QQQ,2022-11-08,263.5117492675781,63213800
QQQ,2022-11-09,257.4308166503906,64862100
QQQ,2022-11-10,276.4263000488281,99256700
QQQ,2022-11-11,281.5197448730469,66961800
QQQ,2022-11-14,279.0561828613281,55290700
QQQ,2022-11-15,282.91778564453125,73985400
QQQ,2022-11-16,279.0561828613281,48859800
QQQ,2022-11-17,278.4402160644531,55462100
QQQ,2022-11-18,278.4499816894531,53588600
QQQ,2022-11-21,275.58544921875,40083500
QQQ,2022-11-22,279.5546875,41873400
QQQ,2022-11-23,282.3605041503906,46390000
QQQ,2022-11-25,280.5030212402344,15498800
QQQ,2022-11-28,276.3871765136719,38714200
QQQ,2022-11-29,274.2950134277344,35618900
QQQ,2022-11-30,286.7989807128906,74718100
QQQ,2022-12-01,287.15087890625,51547300
QQQ,2022-12-02,286.0070495605469,53583200
QQQ,2022-12-05,281.2068786621094,41482100
QQQ,2022-12-06,275.38018798828125,53937600
QQQ,2022-12-07,274.25592041015625,45614300
QQQ,2022-12-08,277.501708984375,42594900
QQQ,2022-12-09,275.7321472167969,47860500
QQQ,2022-12-12,279.19293212890625,35732500
QQQ,2022-12-13,282.1943359375,80667700
QQQ,2022-12-14,280.1022033691406,64984400
QQQ,2022-12-15,270.6973876953125,60554100
QQQ,2022-12-16,268.1163635253906,68300400
QQQ,2022-12-19,264.348388671875,44167900
QQQ,2022-12-20,264.142578125,51064200
QQQ,2022-12-21,267.97430419921875,46394700
QQQ,2022-12-22,261.41827392578125,60278400
QQQ,2022-12-23,262.0062561035156,39373600
QQQ,2022-12-27,258.3019104003906,38009000
QQQ,2022-12-28,254.89163208007812,47139000
QQQ,2022-12-29,261.1046142578125,45893600
QQQ,2022-12-30,260.9478454589844,37858300
QQQ,2023-01-03,259.1839904785156,42335300
QQQ,2023-01-04,260.41864013671875,47754900
QQQ,2023-01-05,256.3420104980469,45396700
QQQ,2023-01-06,263.4173278808594,54659700
QQQ,2023-01-09,265.12255859375,45568700
QQQ,2023-01-10,267.36663818359375,35247800
QQQ,2023-01-11,271.9922180175781,44077000
QQQ,2023-01-12,273.4620666503906,60600000
QQQ,2023-01-13,275.3436279296875,44802900
QQQ,2023-01-17,275.9023132324219,36269700
QQQ,2023-01-18,272.31561279296875,47754500
QQQ,2023-01-19,269.6402587890625,44150400
QQQ,2023-01-20,277.0194396972656,60613600
QQQ,2023-01-23,283.1737060546875,52799900
QQQ,2023-01-24,282.5954895019531,44875100
QQQ,2023-01-25,281.96832275390625,50872000
QQQ,2023-01-26,287.46600341796875,51596300
QQQ,2023-01-27,290.3275451660156,56441900
QQQ,2023-01-30,284.45745849609375,49405800
QQQ,2023-01-31,288.72027587890625,46705100
QQQ,2023-02-01,294.8941650390625,67562200
QQQ,2023-02-02,305.4778747558594,83070600
QQQ,2023-02-03,300.048828125,76170800
QQQ,2023-02-06,297.5107421875,40802300
QQQ,2023-02-07,303.6748046875,67584000
QQQ,2023-02-08,298.275146484375,56720900
QQQ,2023-02-09,295.63897705078125,49137800
QQQ,2023-02-10,293.6986389160156,50050100
QQQ,2023-02-13,298.4025573730469,39636700
QQQ,2023-02-14,300.6075134277344,64079100
QQQ,2023-02-15,302.910400390625,43100600
QQQ,2023-02-16,297.2265625,59498600
QQQ,2023-02-17,295.1293640136719,58230700
QQQ,2023-02-21,288.1421813964844,46526700
QQQ,2023-02-22,288.3577575683594,51389200
QQQ,2023-02-23,290.8763732910156,69294400
QQQ,2023-02-24,286.00579833984375,74332000
QQQ,2023-02-27,288.05401611328125,48995000
QQQ,2023-02-28,287.6815490722656,48243100
QQQ,2023-03-01,285.36883544921875,58287000
QQQ,2023-03-02,287.73052978515625,53565900
QQQ,2023-03-03,293.6789855957031,60511500
QQQ,2023-03-06,294.01220703125,56736300
QQQ,2023-03-07,290.4059143066406,65955800
QQQ,2023-03-08,291.85626220703125,50876300
QQQ,2023-03-09,286.79962158203125,71456700
QQQ,2023-03-10,282.77191162109375,98593600
QQQ,2023-03-13,284.8690490722656,97123600
QQQ,2023-03-14,291.4153137207031,73602500
QQQ,2023-03-15,292.94403076171875,83631500
QQQ,2023-03-16,300.6662292480469,98198100
QQQ,2023-03-17,299.2452697753906,89923700
QQQ,2023-03-20,300.3072814941406,56359500
QQQ,2023-03-21,304.59637451171875,49757000
QQQ,2023-03-22,300.4544677734375,75791900
QQQ,2023-03-23,304.01727294921875,74576000
QQQ,2023-03-24,305.13623046875,57195200
QQQ,2023-03-27,303.0456237792969,50287400
QQQ,2023-03-28,301.4359130859375,48585900
QQQ,2023-03-29,306.9323425292969,53274300
QQQ,2023-03-30,309.8374938964844,58354800
QQQ,2023-03-31,314.9904479980469,62138100
QQQ,2023-04-03,314.2248229980469,47126800
QQQ,2023-04-04,313.1648254394531,45875400
QQQ,2023-04-05,310.07318115234375,62795700
QQQ,2023-04-06,312.1636657714844,46916500
QQQ,2023-04-10,311.987060546875,45134700
QQQ,2023-04-11,309.9847717285156,40113600
QQQ,2023-04-12,307.2463684082031,62813300
QQQ,2023-04-13,313.2630615234375,54613800
QQQ,2023-04-14,312.674072265625,56278300
QQQ,2023-04-17,312.93902587890625,43007000
QQQ,2023-04-18,312.9586486816406,46746900
QQQ,2023-04-19,312.8114929199219,38960100
QQQ,2023-04-20,310.42645263671875,62462100
QQQ,2023-04-21,310.7503356933594,59002300
QQQ,2023-04-24,310.10260009765625,44043100
QQQ,2023-04-25,304.2528381347656,57121600
QQQ,2023-04-26,306.09808349609375,55400500
QQQ,2023-04-27,314.4211730957031,65430400
QQQ,2023-04-28,316.5902099609375,59712600
QQQ,2023-05-01,316.22711181640625,41013400
QQQ,2023-05-02,313.46905517578125,56519400
QQQ,2023-05-03,311.41778564453125,59882100
QQQ,2023-05-04,310.3185729980469,50224500
QQQ,2023-05-05,316.9141540527344,51806100
QQQ,2023-05-08,317.6993103027344,36465800
QQQ,2023-05-09,315.687255859375,31768800
QQQ,2023-05-10,319.1225280761719,60446600
QQQ,2023-05-11,320.1629333496094,44278500
QQQ,2023-05-12,319.01446533203125,48432800
QQQ,2023-05-15,320.7419738769531,33375600
QQQ,2023-05-16,321.1051025390625,40019200
QQQ,2023-05-17,324.9917907714844,47486100
QQQ,2023-05-18,331.0279846191406,64213500
QQQ,2023-05-19,330.2820739746094,61554900
QQQ,2023-05-22,331.3911437988281,43015900
QQQ,2023-05-23,327.1903381347656,48216700
QQQ,2023-05-24,325.5120544433594,62891200
QQQ,2023-05-25,333.4326477050781,66862800
QQQ,2023-05-26,341.9520263671875,63007000
QQQ,2023-05-30,343.5027770996094,72652200
QQQ,2023-05-31,341.5495300292969,65105400
QQQ,2023-06-01,345.4952087402344,50488600
QQQ,2023-06-02,348.0863037109375,53372100
QQQ,2023-06-05,348.33172607421875,47266200
QQQ,2023-06-06,348.2727355957031,41390400
QQQ,2023-06-07,342.3642578125,69225900
QQQ,2023-06-08,346.61407470703125,47153900
QQQ,2023-06-09,347.9391174316406,53196900
QQQ,2023-06-12,353.8182067871094,44606500
QQQ,2023-06-13,356.5369873046875,57097800
QQQ,2023-06-14,359.1281433105469,69525600
QQQ,2023-06-15,363.4074401855469,71138800
QQQ,2023-06-16,361.1205749511719,80932000
QQQ,2023-06-20,360.60357666015625,49204700
QQQ,2023-06-21,355.6893615722656,53378300
QQQ,2023-06-22,359.8861083984375,47603000
QQQ,2023-06-23,356.31842041015625,48922900
QQQ,2023-06-26,351.54180908203125,52685500
QQQ,2023-06-27,357.5862731933594,49428100
QQQ,2023-06-28,358.2840881347656,46498000
QQQ,2023-06-29,357.5666809082031,46151000
QQQ,2023-06-30,363.08038330078125,58712500
QQQ,2023-07-03,363.9353942871094,19432900
QQQ,2023-07-05,363.9255676269531,34460900
QQQ,2023-07-06,361.1539611816406,49374700
QQQ,2023-07-07,359.9549255371094,47133700
QQQ,2023-07-10,360.0728454589844,48498800
QQQ,2023-07-11,361.8517761230469,38214100
QQQ,2023-07-12,366.42205810546875,61975400
QQQ,2023-07-13,372.6433410644531,46960000
QQQ,2023-07-14,372.564697265625,55148500
QQQ,2023-07-17,376.0439758300781,40868900
QQQ,2023-07-18,379.1202697753906,55262000
QQQ,2023-07-19,379.0317687988281,54093000
QQQ,2023-07-20,370.29437255859375,71941700
QQQ,2023-07-21,369.18377685546875,60499600
QQQ,2023-07-24,369.7735290527344,40380100
QQQ,2023-07-25,372.2797546386719,38894400
QQQ,2023-07-26,371.04132080078125,47075700
QQQ,2023-07-27,370.1567687988281,63940200
QQQ,2023-07-28,376.8990783691406,56902900
QQQ,2023-07-31,377.0955810546875,44019900
QQQ,2023-08-01,376.2209167480469,41060600
QQQ,2023-08-02,367.9650573730469,72687100
QQQ,2023-08-03,367.37530517578125,47666400
QQQ,2023-08-04,365.6554260253906,61702800
QQQ,2023-08-07,368.7513427734375,37230400
QQQ,2023-08-08,365.6160583496094,44726500
QQQ,2023-08-09,361.59625244140625,51150900
QQQ,2023-08-10,362.2645568847656,72035300
QQQ,2023-08-11,359.9549255371094,48707200
QQQ,2023-08-14,363.994384765625,42130800
QQQ,2023-08-15,360.13189697265625,45539900
QQQ,2023-08-16,356.31842041015625,53190500
QQQ,2023-08-17,352.4263610839844,62604300
QQQ,2023-08-18,351.9840087890625,61191400
QQQ,2023-08-21,357.655029296875,50696500
QQQ,2023-08-22,357.14398193359375,44530200
QQQ,2023-08-23,362.77569580078125,51770600
QQQ,2023-08-24,355.0210266113281,66842500
QQQ,2023-08-25,357.7729797363281,69960500
QQQ,2023-08-28,360.46600341796875,40910000
QQQ,2023-08-29,368.3385314941406,58492400
QQQ,2023-08-30,370.39263916015625,41731500
QQQ,2023-08-31,371.50323486328125,35730700
QQQ,2023-09-01,371.1101379394531,39801200
QQQ,2023-09-05,371.58197021484375,32344200
QQQ,2023-09-06,368.30908203125,42998700
QQQ,2023-09-07,365.67510986328125,52060700
QQQ,2023-09-08,366.18609619140625,35800100
QQQ,2023-09-11,370.5007629394531,39936600
QQQ,2023-09-12,366.3924865722656,41391000
QQQ,2023-09-13,367.7880859375,46300700
QQQ,2023-09-14,370.79559326171875,48039400
QQQ,2023-09-15,364.4465026855469,69811200
QQQ,2023-09-18,364.826416015625,36903500
QQQ,2023-09-19,364.048828125,37621700
QQQ,2023-09-20,358.802734375,45514200
QQQ,2023-09-21,352.22784423828125,69734800
QQQ,2023-09-22,352.2770690917969,51589700
QQQ,2023-09-25,353.95025634765625,39168000
QQQ,2023-09-26,348.6352844238281,53657700
QQQ,2023-09-27,349.4522399902344,56066000
QQQ,2023-09-28,352.3755187988281,56453300
QQQ,2023-09-29,352.63140869140625,64829600
QQQ,2023-10-02,355.57440185546875,51625100
QQQ,2023-10-03,349.3341369628906,60478500
QQQ,2023-10-04,354.0881042480469,54786700
QQQ,2023-10-05,353.0447998046875,45897400
QQQ,2023-10-06,358.9602355957031,75049100
QQQ,2023-10-09,360.7909240722656,45304800
QQQ,2023-10-10,362.7889404296875,46968800
QQQ,2023-10-11,365.3776550292969,38215100
QQQ,2023-10-12,364.1079406738281,49587900
QQQ,2023-10-13,359.5310363769531,52469900
QQQ,2023-10-16,363.5960693359375,44201100
QQQ,2023-10-17,362.4051513671875,50999100
QQQ,2023-10-18,357.651123046875,54280500
QQQ,2023-10-19,354.3046569824219,72274200
QQQ,2023-10-20,349.0191955566406,72559700
QQQ,2023-10-23,350.07232666015625,60665200
QQQ,2023-10-24,353.4778747558594,47082100
QQQ,2023-10-25,344.8262023925781,71190500
QQQ,2023-10-26,338.25128173828125,78621400
QQQ,2023-10-27,339.8753662109375,63476700
QQQ,2023-10-30,343.7041931152344,55298500
QQQ,2023-10-31,345.3478698730469,47671900
QQQ,2023-11-01,351.3420104980469,58992700
QQQ,2023-11-02,357.7200012207031,58162400
QQQ,2023-11-03,361.9228210449219,53280500
QQQ,2023-11-06,363.39923095703125,38848700
QQQ,2023-11-07,366.8343200683594,50777400
QQQ,2023-11-08,367.0705261230469,35663400
QQQ,2023-11-09,364.2457580566406,53859400
QQQ,2023-11-10,372.4347839355469,58309800
QQQ,2023-11-13,371.2733154296875,40733500
QQQ,2023-11-14,379.2654724121094,67792600
QQQ,2023-11-15,379.5509338378906,54141400
QQQ,2023-11-16,379.8758239746094,45343500
QQQ,2023-11-17,379.96435546875,46571900
QQQ,2023-11-20,384.59039306640625,44429600
QQQ,2023-11-21,382.3560791015625,43337000
QQQ,2023-11-22,383.9210205078125,44121000
QQQ,2023-11-24,383.3797607421875,15718800
QQQ,2023-11-27,383.0450744628906,34139700
QQQ,2023-11-28,384.0490417480469,35491100
QQQ,2023-11-29,383.6749572753906,38811700
QQQ,2023-11-30,382.7104187011719,52834400
QQQ,2023-12-01,383.8028869628906,40490100
QQQ,2023-12-04,380.239990234375,51186900
QQQ,2023-12-05,381.1947021484375,42933000
QQQ,2023-12-06,378.9898681640625,41994100
QQQ,2023-12-07,384.2852478027344,49593500
QQQ,2023-12-08,385.9978942871094,46687500
QQQ,2023-12-11,389.295166015625,41198000
QQQ,2023-12-12,392.3955078125,39221200
QQQ,2023-12-13,397.3857727050781,55408100
QQQ,2023-12-14,397.0413513183594,55447800
QQQ,2023-12-15,398.9605712890625,62896600
QQQ,2023-12-18,401.4735412597656,46610000
QQQ,2023-12-19,403.5248718261719,35711900
QQQ,2023-12-20,397.528564453125,54042400
QQQ,2023-12-21,402.1539306640625,45568900
QQQ,2023-12-22,402.755615234375,34314000
QQQ,2023-12-26,405.2212219238281,22722500
QQQ,2023-12-27,406.04608154296875,31980500
QQQ,2023-12-28,405.8487548828125,27029200
QQQ,2023-12-29,404.0923156738281,42662100
QQQ,2024-01-02,397.2541809082031,58026900
QQQ,2024-01-03,393.0506286621094,47002800
QQQ,2024-01-04,391.02783203125,39432800
QQQ,2024-01-05,391.4915771484375,44922800
QQQ,2024-01-08,399.58294677734375,42473800
QQQ,2024-01-09,400.3722839355469,39132900
QQQ,2024-01-10,403.0858459472656,33962800
QQQ,2024-01-11,403.9245910644531,54536200
QQQ,2024-01-12,404.13177490234375,39595000
QQQ,2024-01-16,404.0923156738281,43903000
QQQ,2024-01-17,401.8128967285156,54386000
QQQ,2024-01-18,407.5163269042969,59562500
QQQ,2024-01-19,415.5978698730469,70325100
QQQ,2024-01-22,416.1405029296875,44880600
QQQ,2024-01-23,417.8673400878906,33003800
QQQ,2024-01-24,420.18621826171875,46948000
QQQ,2024-01-25,420.6993103027344,44367200
QQQ,2024-01-26,418.19293212890625,37137000
QQQ,2024-01-29,422.4754333496094,38694700
QQQ,2024-01-30,419.6632385253906,36739000
QQQ,2024-01-31,411.44366455078125,64010600
QQQ,2024-02-01,416.2885437011719,51008600
QQQ,2024-02-02,423.32403564453125,59602400
QQQ,2024-02-05,422.771484375,39889200
QQQ,2024-02-06,421.9228210449219,35846100
QQQ,2024-02-07,426.26446533203125,37712700
QQQ,2024-02-08,427.053955078125,29889900
QQQ,2024-02-09,431.2574768066406,36943900
QQQ,2024-02-12,429.57012939453125,33203300
QQQ,2024-02-13,422.8701171875,64491700
QQQ,2024-02-14,427.47821044921875,45092700
QQQ,2024-02-15,428.75115966796875,38796100
QQQ,2024-02-16,424.8633728027344,53716500
QQQ,2024-02-20,421.65643310546875,53999500
QQQ,2024-02-21,419.9690856933594,49779000
QQQ,2024-02-22,432.2639465332031,53887800
QQQ,2024-02-23,430.9910583496094,39853900
QQQ,2024-02-26,430.7641296386719,33043200
QQQ,2024-02-27,431.8001708984375,33713200
QQQ,2024-02-28,429.50103759765625,32938800
QQQ,2024-02-29,433.18157958984375,42495200
QQQ,2024-03-01,439.7039794921875,43853000
QQQ,2024-03-04,438.13507080078125,34325700
QQQ,2024-03-05,430.270751953125,57917100
QQQ,2024-03-06,432.9744567871094,46234500
QQQ,2024-03-07,439.546142578125,44526700
QQQ,2024-03-08,433.2013244628906,72096000
QQQ,2024-03-11,431.593017578125,45860000
QQQ,2024-03-12,437.7799072265625,55300900
QQQ,2024-03-13,434.4150390625,37928700
QQQ,2024-03-14,433.31982421875,52195200
QQQ,2024-03-15,428.1689758300781,73069800
QQQ,2024-03-18,432.2526550292969,47323800
QQQ,2024-03-19,433.32958984375,43004100
QQQ,2024-03-20,438.4674377441406,43653500
QQQ,2024-03-21,440.5423583984375,39345700
QQQ,2024-03-22,441.0462341308594,28253900
QQQ,2024-03-25,439.4455871582031,27789200
QQQ,2024-03-26,438.0228271484375,34142000
QQQ,2024-03-27,439.5147399902344,41359200
QQQ,2024-03-28,438.7046203613281,36839600
QQQ,2024-04-01,439.63330078125,38729000
QQQ,2024-04-02,435.8392028808594,44259700
QQQ,2024-04-03,436.8174133300781,39949800
QQQ,2024-04-04,430.13812255859375,57267700
QQQ,2024-04-05,435.20684814453125,54744600
QQQ,2024-04-08,435.33526611328125,28144900
QQQ,2024-04-09,436.9458312988281,39443600
QQQ,2024-04-10,433.1319580078125,61502200
QQQ,2024-04-11,440.0483093261719,45474600
QQQ,2024-04-12,433.03314208984375,53665000
QQQ,2024-04-15,425.9092712402344,63453600
QQQ,2024-04-16,425.9488525390625,47619000
QQQ,2024-04-17,420.751708984375,56880500
QQQ,2024-04-18,418.3506774902344,46549400
QQQ,2024-04-19,409.69537353515625,75231000
QQQ,2024-04-22,413.8155822753906,47807700
QQQ,2024-04-23,419.9908447265625,44384700
QQQ,2024-04-24,421.4136962890625,48440300
QQQ,2024-04-25,419.3782653808594,57392200
QQQ,2024-04-26,425.8500061035156,41874900
QQQ,2024-04-29,427.5791015625,30022200
QQQ,2024-04-30,419.5166015625,43665900
QQQ,2024-05-01,416.48321533203125,52251700
QQQ,2024-05-02,421.7989501953125,36559000
QQQ,2024-05-03,430.2764587402344,48515300
QQQ,2024-05-06,434.9894714355469,30227200
QQQ,2024-05-07,435.0586853027344,30996100
QQQ,2024-05-08,434.8017272949219,24896700
QQQ,2024-05-09,435.7502746582031,24580100
QQQ,2024-05-10,436.77789306640625,27116600
QQQ,2024-05-13,437.78564453125,22994200
QQQ,2024-05-14,440.60162353515625,34478300
QQQ,2024-05-15,447.4883117675781,41464700
QQQ,2024-05-16,446.5793151855469,34780400
QQQ,2024-05-17,446.3619384765625,35803700
QQQ,2024-05-20,449.4742736816406,24474200
QQQ,2024-05-21,450.3536071777344,23167700
QQQ,2024-05-22,450.2647399902344,25120000
QQQ,2024-05-23,448.2392578125,40899200
QQQ,2024-05-24,452.4779968261719,29669500
QQQ,2024-05-28,454.1872863769531,26216800
QQQ,2024-05-29,450.9860534667969,29739200
QQQ,2024-05-30,446.1544494628906,30536800
QQQ,2024-05-31,445.3244934082031,55941300
QQQ,2024-06-03,447.715576171875,32997500
QQQ,2024-06-04,448.94073486328125,23767400
QQQ,2024-06-05,457.9913024902344,33817400
QQQ,2024-06-06,457.8332214355469,21966800
QQQ,2024-06-07,457.4281311035156,25829700
QQQ,2024-06-10,459.2757873535156,20660800
QQQ,2024-06-11,462.4276428222656,22053300
QQQ,2024-06-12,468.4844055175781,34532600
QQQ,2024-06-13,471.0237121582031,25859000
QQQ,2024-06-14,473.46417236328125,23372600
QQQ,2024-06-17,479.2640380859375,37054500
QQQ,2024-06-18,479.4122619628906,24438600
QQQ,2024-06-20,475.7169494628906,33918700
QQQ,2024-06-21,474.4423828125,37456800
QQQ,2024-06-24,469.04095458984375,37751000
QQQ,2024-06-25,474.40478515625,29014700
QQQ,2024-06-26,475.3844909667969,22737100
QQQ,2024-06-27,476.611572265625,26222100
QQQ,2024-06-28,474.1375732421875,34881600
QQQ,2024-07-01,476.9183654785156,24898300
QQQ,2024-07-02,481.9258728027344,26723600
QQQ,2024-07-03,485.9437255859375,18064900
QQQ,2024-07-05,491.0105895996094,28495900
QQQ,2024-07-08,492.1783752441406,22109400
QQQ,2024-07-09,492.6039123535156,25614500
QQQ,2024-07-10,497.7400207519531,28046900
QQQ,2024-07-11,486.82452392578125,49966600
QQQ,2024-07-12,489.68450927734375,37109400
QQQ,2024-07-15,491.0007019042969,31151400
QQQ,2024-07-16,491.1887512207031,25950600
QQQ,2024-07-17,476.76995849609375,56268800
QQQ,2024-07-18,474.5136413574219,49347400
QQQ,2024-07-19,470.3077392578125,42042900
QQQ,2024-07-22,477.3142395019531,40300000
QQQ,2024-07-23,475.63189697265625,23282500
QQQ,2024-07-24,458.5708923339844,58818600
QQQ,2024-07-25,453.5138854980469,59256800
QQQ,2024-07-26,458.1650390625,39992100
QQQ,2024-07-29,459.0853576660156,28218500
QQQ,2024-07-30,452.7815246582031,41317200
QQQ,2024-07-31,466.1810302734375,44552100
QQQ,2024-08-01,454.889404296875,56653900
QQQ,2024-08-02,444.0926208496094,66323200
QQQ,2024-08-05,430.8515319824219,87483500
QQQ,2024-08-06,434.9683532714844,63164400
QQQ,2024-08-07,430.2576904296875,54929200
QQQ,2024-08-08,443.41973876953125,47890100
QQQ,2024-08-09,445.7354736328125,33574000
QQQ,2024-08-12,446.6953430175781,27795000
QQQ,2024-08-13,457.7790832519531,40084500
QQQ,2024-08-14,457.92755126953125,34733700
QQQ,2024-08-15,469.4962463378906,38280600
QQQ,2024-08-16,470.09991455078125,38383600
QQQ,2024-08-19,476.2751159667969,23737700
QQQ,2024-08-20,475.27557373046875,29209300
QQQ,2024-08-21,477.4924011230469,25658800
QQQ,2024-08-22,469.9217834472656,37739600
QQQ,2024-08-23,475.018310546875,36061500
QQQ,2024-08-26,470.4066467285156,27452600
QQQ,2024-08-27,471.8119812011719,27510000
QQQ,2024-08-28,466.4580993652344,37372400
QQQ,2024-08-29,465.7752990722656,41081500
QQQ,2024-08-30,471.3270263671875,33466500
QQQ,2024-09-03,457.01708984375,44985200
QQQ,2024-09-04,455.82958984375,32505100
QQQ,2024-09-05,456.255126953125,34452400
QQQ,2024-09-06,444.0332946777344,50624400
QQQ,2024-09-09,449.7433776855469,32981200
QQQ,2024-09-10,453.8997802734375,29680300
QQQ,2024-09-11,463.7564392089844,57843000
QQQ,2024-09-12,468.3086853027344,40067800
QQQ,2024-09-13,470.4066467285156,29111800
QQQ,2024-09-16,468.3284606933594,22585600
QQQ,2024-09-17,468.5758972167969,30084400
QQQ,2024-09-18,466.5471496582031,39909200
QQQ,2024-09-19,478.34344482421875,52782500
QQQ,2024-09-20,477.4330139160156,34577700
QQQ,2024-09-23,478.69854736328125,24843000
QQQ,2024-09-24,481.0075378417969,25952600
QQQ,2024-09-25,481.45355224609375,26549900
QQQ,2024-09-26,485.0707702636719,32020200
QQQ,2024-09-27,482.3752136230469,22851100
QQQ,2024-09-30,483.68328857421875,30281100
QQQ,2024-10-01,476.9444274902344,42735400
QQQ,2024-10-02,477.61834716796875,23744000
QQQ,2024-10-03,477.26153564453125,25337200
QQQ,2024-10-04,482.9400634765625,30686600
QQQ,2024-10-07,477.7669982910156,24975100
QQQ,2024-10-08,484.9022521972656,28272000
QQQ,2024-10-09,488.7176208496094,24995000
QQQ,2024-10-10,488.1626892089844,25750400
QQQ,2024-10-11,488.92572021484375,20644500
QQQ,2024-10-14,493.0285339355469,26060100
QQQ,2024-10-15,486.4383544921875,34784500
QQQ,2024-10-16,486.4977722167969,22996800
QQQ,2024-10-17,486.8346862792969,27210700
QQQ,2024-10-18,490.0257873535156,25335000
QQQ,2024-10-21,490.96728515625,30336500
QQQ,2024-10-22,491.50238037109375,26685800
QQQ,2024-10-23,483.9706726074219,39346600
QQQ,2024-10-24,487.8951110839844,22024900
QQQ,2024-10-25,490.8681335449219,38762100
QQQ,2024-10-28,490.9474182128906,20477800
QQQ,2024-10-29,495.6646728515625,28014100
QQQ,2024-10-30,491.91864013671875,29756000
QQQ,2024-10-31,479.5012512207031,41245200
QQQ,2024-11-01,483.0490417480469,33655800
QQQ,2024-11-04,481.641845703125,23291600
QQQ,2024-11-05,487.7861022949219,24353600
QQQ,2024-11-06,501.03594970703125,43082200
QQQ,2024-11-07,508.92431640625,32853100
QQQ,2024-11-08,509.5190124511719,22924500
QQQ,2024-11-11,509.22174072265625,24167500
QQQ,2024-11-12,508.3000183105469,25835300
QQQ,2024-11-13,507.64599609375,24567400
QQQ,2024-11-14,504.11798095703125,28679500
QQQ,2024-11-15,492.1069030761719,51461100
QQQ,2024-11-18,495.5259094238281,27080800
QQQ,2024-11-19,498.9349670410156,24523000
QQQ,2024-11-20,498.6475830078125,29565500
QQQ,2024-11-21,500.44134521484375,34526700
QQQ,2024-11-22,501.2440490722656,23826600
QQQ,2024-11-25,502.036865234375,26375200
QQQ,2024-11-26,504.732421875,26557100
QQQ,2024-11-27,500.7584228515625,24957400
QQQ,2024-11-29,505.1585388183594,15334000
QQQ,2024-12-02,510.6585998535156,25147200
QQQ,2024-12-03,512.2244873046875,18597900
QQQ,2024-12-04,518.5570678710938,26086200
QQQ,2024-12-05,517.1200561523438,18169600
QQQ,2024-12-06,521.748046875,23762600
QQQ,2024-12-09,517.6849365234375,20674400
QQQ,2024-12-10,515.9208984375,24350000
QQQ,2024-12-11,525.1571655273438,32168600
QQQ,2024-12-12,521.7679443359375,23577500
QQQ,2024-12-13,525.7616577148438,28780400
QQQ,2024-12-16,533.3330688476562,31979900
QQQ,2024-12-17,530.9843139648438,28579100
QQQ,2024-12-18,511.8280334472656,54703200
QQQ,2024-12-19,509.5486755371094,46441800
QQQ,2024-12-20,513.9984130859375,60530000
QQQ,2024-12-23,519.0060424804688,29672800
QQQ,2024-12-24,526.043701171875,17558200
QQQ,2024-12-26,525.6864013671875,19090500
QQQ,2024-12-27,518.6983642578125,33839600
QQQ,2024-12-30,511.7997741699219,34584000
QQQ,2024-12-31,507.4521179199219,29117000
TLT,2020-01-02,112.43098449707031,11034100
TLT,2020-01-03,114.1624984741211,12366000
TLT,2020-01-06,113.51421356201172,11369800
TLT,2020-01-07,112.95619201660156,8381200
TLT,2020-01-08,112.20948791503906,10621700
TLT,2020-01-09,112.60336303710938,7411500
TLT,2020-01-10,113.60444641113281,8776000
TLT,2020-01-13,113.25981903076172,5966900
TLT,2020-01-14,113.84249877929688,13920300
TLT,2020-01-15,114.59745025634766,6290500
TLT,2020-01-16,114.23638153076172,6798600
TLT,2020-01-17,113.25981903076172,9693100
TLT,2020-01-21,114.4497299194336,6794900
TLT,2020-01-22,114.851806640625,6317000
TLT,2020-01-23,115.656005859375,9747400
TLT,2020-01-24,116.59148406982422,8585000
TLT,2020-01-27,118.40499877929688,10935200
TLT,2020-01-28,117.47775268554688,10612900
TLT,2020-01-29,118.62660217285156,9566800
TLT,2020-01-30,118.64301300048828,14711800
TLT,2020-01-31,119.72618103027344,14538100
TLT,2020-02-03,119.62915802001953,15309000
TLT,2020-02-04,118.01813507080078,11388300
TLT,2020-02-05,116.72763061523438,10782600
TLT,2020-02-06,117.2536849975586,6683100
TLT,2020-02-07,118.71683502197266,11374800
TLT,2020-02-10,119.04564666748047,6699300
TLT,2020-02-11,118.4455795288086,7784100
TLT,2020-02-12,117.84551239013672,5595500
TLT,2020-02-13,118.2975845336914,7883400
TLT,2020-02-14,118.81549072265625,7137400
TLT,2020-02-18,119.62915802001953,6909200
TLT,2020-02-19,119.6209945678711,5707700
TLT,2020-02-20,120.55799865722656,9332900
TLT,2020-02-21,121.68405151367188,13860300
TLT,2020-02-24,123.50064086914062,15929300
TLT,2020-02-25,124.15827178955078,20802900
TLT,2020-02-26,123.50064086914062,22589500
TLT,2020-02-27,124.84053039550781,30687900
TLT,2020-02-28,127.65982818603516,44935200
TLT,2020-03-02,126.72057342529297,28152400
TLT,2020-03-03,128.68792724609375,38608000
TLT,2020-03-04,127.3215103149414,23463700
TLT,2020-03-05,130.49073791503906,17786200
TLT,2020-03-06,137.2819366455078,76288300
TLT,2020-03-09,141.0027313232422,41552800
TLT,2020-03-10,133.77523803710938,37728300
TLT,2020-03-11,128.85267639160156,29519300
TLT,2020-03-12,129.65110778808594,24361800
TLT,2020-03-13,126.72057342529297,19812900
TLT,2020-03-16,134.92771911621094,30496700
TLT,2020-03-17,125.93033599853516,18570900
TLT,2020-03-18,118.82627868652344,47061000
TLT,2020-03-19,122.0613784790039,21175300
TLT,2020-03-20,131.2397918701172,20863100
TLT,2020-03-23,136.6482391357422,19971800
TLT,2020-03-24,134.10458374023438,11948600
TLT,2020-03-25,133.7998046875,10750600
TLT,2020-03-26,134.45846557617188,10576200
TLT,2020-03-27,138.0475616455078,12550000
TLT,2020-03-30,136.9115753173828,13473200
TLT,2020-03-31,135.80026245117188,11464800
TLT,2020-04-01,137.70286560058594,11334700
TLT,2020-04-02,138.57669067382812,5771200
TLT,2020-04-03,138.90652465820312,6570800
TLT,2020-04-06,138.54380798339844,9434800
TLT,2020-04-07,137.09283447265625,13811400
TLT,2020-04-08,136.09539794921875,10147100
TLT,2020-04-09,136.3426971435547,14259100
TLT,2020-04-13,135.09799194335938,8750300
TLT,2020-04-14,135.0649871826172,9019100
TLT,2020-04-15,138.64268493652344,10027800
TLT,2020-04-16,140.21731567382812,8265400
TLT,2020-04-17,138.33770751953125,8612100
TLT,2020-04-20,139.4506072998047,6462600
TLT,2020-04-21,141.20648193359375,7850700
TLT,2020-04-22,139.7638397216797,6230200
TLT,2020-04-23,140.50576782226562,5968600
TLT,2020-04-24,140.8355255126953,6211800
TLT,2020-04-27,138.21397399902344,9039500
TLT,2020-04-28,139.8050537109375,9905400
TLT,2020-04-29,139.0796661376953,8619600
TLT,2020-04-30,137.4556427001953,11606100
TLT,2020-05-01,138.63265991210938,10209400
TLT,2020-05-04,137.98065185546875,8300900
TLT,2020-05-05,137.09732055664062,7831800
TLT,2020-05-06,134.8851318359375,14721500
TLT,2020-05-07,137.13864135742188,9164800
TLT,2020-05-08,135.35568237304688,8129800
TLT,2020-05-11,134.29916381835938,8713500
TLT,2020-05-12,135.67755126953125,10057300
TLT,2020-05-13,136.62689208984375,13305600
TLT,2020-05-14,137.9639892578125,10080000
TLT,2020-05-15,137.60916137695312,7225600
TLT,2020-05-18,134.5880584716797,10073100
TLT,2020-05-19,135.0915985107422,8639100
TLT,2020-05-20,135.4960174560547,10927300
TLT,2020-05-21,135.83447265625,8920000
TLT,2020-05-22,136.651611328125,4956700
TLT,2020-05-26,134.81912231445312,8098900
TLT,2020-05-27,134.5714874267578,8047400
TLT,2020-05-28,134.07627868652344,10272600
TLT,2020-05-29,135.0337677001953,14632700
TLT,2020-06-01,134.1246337890625,13341400
TLT,2020-06-02,133.63693237304688,11517100
TLT,2020-06-03,131.8599853515625,12255700
TLT,2020-06-04,129.9507293701172,14038600
TLT,2020-06-05,129.02511596679688,17778500
TLT,2020-06-08,129.52099609375,10346700
TLT,2020-06-09,130.99221801757812,9095300
TLT,2020-06-10,132.93446350097656,13135500
TLT,2020-06-11,135.447021484375,17086400
TLT,2020-06-12,134.14111328125,9716100
TLT,2020-06-15,134.21554565429688,7759800
TLT,2020-06-16,132.15748596191406,13698900
TLT,2020-06-17,132.70301818847656,7113900
TLT,2020-06-18,134.10809326171875,7691400
TLT,2020-06-19,134.21554565429688,8565500
TLT,2020-06-22,134.2319793701172,9319700
TLT,2020-06-23,133.3146209716797,9088600
TLT,2020-06-24,134.74447631835938,11436500
TLT,2020-06-25,135.13296508789062,10968000
TLT,2020-06-26,136.57923889160156,12119300
TLT,2020-06-29,136.14956665039062,7274400
TLT,2020-06-30,135.4884033203125,14841700
TLT,2020-07-01,135.22520446777344,13181000
TLT,2020-07-02,135.3658447265625,7599800
TLT,2020-07-06,134.81149291992188,7972700
TLT,2020-07-07,136.7063751220703,12791900
TLT,2020-07-08,136.1602325439453,7253900
TLT,2020-07-09,138.32821655273438,13373100
TLT,2020-07-10,137.6331024169922,8478000
TLT,2020-07-13,138.08822631835938,8054000
TLT,2020-07-14,138.2868194580078,11344600
TLT,2020-07-15,137.6414337158203,7840300
TLT,2020-07-16,138.29515075683594,9107400
TLT,2020-07-17,138.00550842285156,8549900
TLT,2020-07-20,138.34481811523438,6907200
TLT,2020-07-21,138.4274444580078,8454400
TLT,2020-07-22,138.8412322998047,6592100
TLT,2020-07-23,140.46310424804688,10471800
TLT,2020-07-24,140.45480346679688,7520700
TLT,2020-07-27,139.9334716796875,6146400
TLT,2020-07-28,140.90164184570312,8520700
TLT,2020-07-29,140.66168212890625,6733700
TLT,2020-07-30,141.5884552001953,9376100
TLT,2020-07-31,141.49742126464844,8886000
TLT,2020-08-03,140.78506469726562,9066200
TLT,2020-08-04,142.12704467773438,9878900
TLT,2020-08-05,140.88442993164062,6954100
TLT,2020-08-06,141.67144775390625,9481800
TLT,2020-08-07,140.72708129882812,8176900
TLT,2020-08-10,140.0974884033203,6408500
TLT,2020-08-11,138.43240356445312,19234200
TLT,2020-08-12,137.1732177734375,11744800
TLT,2020-08-13,135.7069091796875,12744700
TLT,2020-08-14,135.1768035888672,6398100
TLT,2020-08-17,135.51641845703125,6901500
TLT,2020-08-18,136.48562622070312,8140600
TLT,2020-08-19,135.63238525390625,12497700
TLT,2020-08-20,136.85842895507812,10319900
TLT,2020-08-21,137.67857360839844,6836000
TLT,2020-08-24,137.4548797607422,6490600
TLT,2020-08-25,136.40281677246094,10518300
TLT,2020-08-26,135.8809356689453,8276600
TLT,2020-08-27,133.56976318359375,19860100
TLT,2020-08-28,133.47032165527344,8415400
TLT,2020-08-31,134.356689453125,11388100
TLT,2020-09-01,135.89340209960938,10587000
TLT,2020-09-02,137.18714904785156,15167700
TLT,2020-09-03,137.5769805908203,16416600
TLT,2020-09-04,134.964599609375,13780300
TLT,2020-09-08,135.7938995361328,13790400
TLT,2020-09-09,135.4290771484375,9558900
TLT,2020-09-10,136.1173858642578,8847700
TLT,2020-09-11,136.4076385498047,5458200
TLT,2020-09-14,136.3992919921875,4274900
TLT,2020-09-15,136.067626953125,6928500
TLT,2020-09-16,135.66123962402344,8815200
TLT,2020-09-17,136.07583618164062,7813900
TLT,2020-09-18,135.65296936035156,7246300
TLT,2020-09-21,136.34130859375,11086900
TLT,2020-09-22,136.2334442138672,10524100
TLT,2020-09-23,136.41595458984375,6224800
TLT,2020-09-24,136.93838500976562,8278100
TLT,2020-09-25,136.93838500976562,5140300
TLT,2020-09-28,136.54856872558594,4470100
TLT,2020-09-29,136.70623779296875,10297600
TLT,2020-09-30,135.39584350585938,12971000
TLT,2020-10-01,135.6192169189453,11523900
TLT,2020-10-02,135.1127471923828,8828800
TLT,2020-10-05,132.47271728515625,14726000
TLT,2020-10-06,133.1866912841797,22419400
TLT,2020-10-07,132.21542358398438,9429200
TLT,2020-10-08,132.92941284179688,8431500
TLT,2020-10-09,132.90444946289062,8441500
TLT,2020-10-12,133.3278350830078,3962000
TLT,2020-10-13,134.2825469970703,7914300
TLT,2020-10-14,134.5897674560547,6954800
TLT,2020-10-15,134.35731506347656,9458800
TLT,2020-10-16,133.98370361328125,8416300
TLT,2020-10-19,133.47732543945312,9286600
TLT,2020-10-20,132.20709228515625,11189000
TLT,2020-10-21,131.75045776367188,10453700
TLT,2020-10-22,130.38075256347656,12664900
TLT,2020-10-23,131.17767333984375,8783800
TLT,2020-10-26,132.3980255126953,7227300
TLT,2020-10-27,133.28634643554688,6062300
TLT,2020-10-28,133.41087341308594,11765800
TLT,2020-10-29,132.11581420898438,11932400
TLT,2020-10-30,130.8123779296875,13095400
TLT,2020-11-02,131.792236328125,10810500
TLT,2020-11-03,131.0277099609375,16228700
TLT,2020-11-04,133.8699493408203,21570800
TLT,2020-11-05,134.10267639160156,18537500
TLT,2020-11-06,132.48202514648438,12408400
TLT,2020-11-09,129.69790649414062,23245000
TLT,2020-11-10,128.9499053955078,12561000
TLT,2020-11-11,129.41534423828125,5888200
TLT,2020-11-12,131.61773681640625,15999700
TLT,2020-11-13,131.44317626953125,7344600
TLT,2020-11-16,131.12741088867188,6310400
TLT,2020-11-17,131.9833526611328,7444600
TLT,2020-11-18,132.36572265625,10333300
TLT,2020-11-19,133.04713439941406,10637200
TLT,2020-11-20,134.2272491455078,7246800
TLT,2020-11-23,133.6123809814453,11300000
TLT,2020-11-24,132.28257751464844,10891700
TLT,2020-11-25,131.8753204345703,9145800
TLT,2020-11-27,133.15524291992188,4708200
TLT,2020-11-30,132.989013671875,13071600
TLT,2020-12-01,131.02816772460938,13662800
TLT,2020-12-02,129.98826599121094,12114300
TLT,2020-12-03,131.03646850585938,9626500
TLT,2020-12-04,129.11474609375,12734500
TLT,2020-12-07,130.27935791015625,9316100
TLT,2020-12-08,130.89501953125,7397200
TLT,2020-12-09,130.46241760253906,7750100
TLT,2020-12-10,131.61878967285156,10025100
TLT,2020-12-11,132.08465576171875,8135900
TLT,2020-12-14,131.71859741210938,7535900
TLT,2020-12-15,131.27777099609375,6847500
TLT,2020-12-16,130.92831420898438,9954200
TLT,2020-12-17,130.58189392089844,9422700
TLT,2020-12-18,130.1904296875,6505000
TLT,2020-12-21,130.706787109375,8988200
TLT,2020-12-22,131.38137817382812,7370800
TLT,2020-12-23,130.47354125976562,9266600
TLT,2020-12-24,130.9899139404297,3117100
TLT,2020-12-28,131.04824829101562,7791100
TLT,2020-12-29,130.8816680908203,9030900
TLT,2020-12-30,131.1648406982422,9097300
TLT,2020-12-31,131.35633850097656,7742100
TLT,2021-01-04,131.1981201171875,13152900
TLT,2021-01-05,130.2238006591797,10458100
TLT,2021-01-06,127.55045318603516,22827300
TLT,2021-01-07,126.42618560791016,14651900
TLT,2021-01-08,126.01815032958984,13622500
TLT,2021-01-11,125.81002044677734,8370700
TLT,2021-01-12,125.71001434326172,12186300
TLT,2021-01-13,127.12577819824219,12533300
TLT,2021-01-14,125.93486022949219,14835500
TLT,2021-01-15,126.43452453613281,11624700
TLT,2021-01-19,126.84260559082031,9575600
TLT,2021-01-20,126.96756744384766,5368900
TLT,2021-01-21,126.076416015625,8162700
TLT,2021-01-22,126.48454284667969,9507200
TLT,2021-01-25,127.97521209716797,8712600
TLT,2021-01-26,127.73371887207031,7690300
TLT,2021-01-27,128.0585174560547,7895200
TLT,2021-01-28,127.35070037841797,10667800
TLT,2021-01-29,126.58448791503906,14965900
TLT,2021-02-01,126.73114776611328,8165500
TLT,2021-02-02,125.91419219970703,9177500
TLT,2021-02-03,124.796875,9633100
TLT,2021-02-04,124.46336364746094,8262600
TLT,2021-02-05,123.42117309570312,10258900
TLT,2021-02-08,123.96311950683594,11574800
TLT,2021-02-09,124.05477905273438,5218300
TLT,2021-02-10,124.88024139404297,8079800
TLT,2021-02-11,124.19660186767578,11962700
TLT,2021-02-12,122.65413665771484,14088400
TLT,2021-02-16,120.78651428222656,17789100
TLT,2021-02-17,121.55355072021484,11199100
TLT,2021-02-18,121.06166076660156,10755300
TLT,2021-02-19,119.4525146484375,12741700
TLT,2021-02-22,118.54368591308594,13203900
TLT,2021-02-23,118.20188903808594,12658500
TLT,2021-02-24,117.42648315429688,17363100
TLT,2021-02-25,115.50884246826172,52621700
TLT,2021-02-26,119.32740783691406,45423300
TLT,2021-03-01,117.75141906738281,22048000
TLT,2021-03-02,117.75971984863281,12482200
TLT,2021-03-03,116.4825668334961,19763700
TLT,2021-03-04,115.73128509521484,22366600
TLT,2021-03-05,115.95664978027344,20598000
TLT,2021-03-08,115.05512237548828,15236600
TLT,2021-03-09,116.64955139160156,14463400
TLT,2021-03-10,116.88323211669922,12387600
TLT,2021-03-11,116.04012298583984,14150700
TLT,2021-03-12,113.57758331298828,20402700
TLT,2021-03-15,114.24539184570312,11366500
TLT,2021-03-16,113.78632354736328,15567900
TLT,2021-03-17,112.93482971191406,27107500
TLT,2021-03-18,111.79121398925781,21615100
TLT,2021-03-19,112.48407745361328,18685000
TLT,2021-03-22,113.74455261230469,17047500
TLT,2021-03-23,114.77132415771484,16768400
TLT,2021-03-24,115.3890380859375,13863000
TLT,2021-03-25,114.47914123535156,20782000
TLT,2021-03-26,114.07845306396484,8433300
TLT,2021-03-29,113.1101303100586,13968100
TLT,2021-03-30,113.70281982421875,15020800
TLT,2021-03-31,113.06839752197266,19271300
TLT,2021-04-01,114.94502258300781,14885900
TLT,2021-04-05,114.44345092773438,8243000
TLT,2021-04-06,115.22083282470703,9282400
TLT,2021-04-07,114.41841888427734,11052700
TLT,2021-04-08,115.36295318603516,7847900
TLT,2021-04-09,114.94502258300781,8717800
TLT,2021-04-12,114.89482879638672,7659000
TLT,2021-04-13,115.75579071044922,13232800
TLT,2021-04-14,115.38807678222656,7293200
TLT,2021-04-15,117.31901550292969,23896700
TLT,2021-04-16,116.40784454345703,15238400
TLT,2021-04-19,116.07347869873047,13886800
TLT,2021-04-20,116.60840606689453,11476500
TLT,2021-04-21,116.84249114990234,11902200
TLT,2021-04-22,117.35240173339844,14156400
TLT,2021-04-23,117.07655334472656,12302200
TLT,2021-04-26,116.90941619873047,9103500
TLT,2021-04-27,115.88957977294922,14137300
TLT,2021-04-28,115.96475219726562,15263700
TLT,2021-04-29,115.62210845947266,17178200
TLT,2021-04-30,115.88957977294922,15692000
TLT,2021-05-03,115.95907592773438,16447700
TLT,2021-05-04,116.74595642089844,18639700
TLT,2021-05-05,116.93846130371094,11127900
TLT,2021-05-06,117.13104248046875,21907600
TLT,2021-05-07,116.55342102050781,18346900
TLT,2021-05-10,115.3730697631836,15146200
TLT,2021-05-11,114.7200927734375,15158600
TLT,2021-05-12,113.5146713256836,20859400
TLT,2021-05-13,113.69044494628906,13073900
TLT,2021-05-14,114.75358581542969,17566700
TLT,2021-05-17,114.51081848144531,6113800
TLT,2021-05-18,114.21781921386719,11423100
TLT,2021-05-19,113.94158935546875,14296000
TLT,2021-05-20,114.87916564941406,13310500
TLT,2021-05-21,115.24751281738281,10171600
TLT,2021-05-24,115.67438507080078,6868700
TLT,2021-05-25,116.74595642089844,12346900
TLT,2021-05-26,116.5450439453125,9793700
TLT,2021-05-27,116.0762710571289,10695200
TLT,2021-05-28,115.89208984375,10258000
TLT,2021-06-01,115.86609649658203,11778500
TLT,2021-06-02,116.13436889648438,7347900
TLT,2021-06-03,115.6983871459961,10994000
TLT,2021-06-04,117.2828369140625,15773700
TLT,2021-06-07,116.9223861694336,7799800
TLT,2021-06-08,117.74398803710938,11230900
TLT,2021-06-09,118.78349304199219,12768300
TLT,2021-06-10,119.4960708618164,19698300
TLT,2021-06-11,119.30325317382812,8646700
TLT,2021-06-14,118.38948059082031,9401300
TLT,2021-06-15,118.24693298339844,18207300
TLT,2021-06-16,118.14635467529297,19676300
TLT,2021-06-17,119.91522216796875,35225800
TLT,2021-06-18,122.17033386230469,26616900
TLT,2021-06-21,120.12482452392578,16485000
TLT,2021-06-22,120.41822052001953,14530200
TLT,2021-06-23,120.10807800292969,12040900
TLT,2021-06-24,120.30089569091797,8788400
TLT,2021-06-25,119.05174255371094,15562200
TLT,2021-06-28,120.27570343017578,11460700
TLT,2021-06-29,120.4769287109375,11217900
TLT,2021-06-30,121.01344299316406,15708900
TLT,2021-07-01,121.0201187133789,10810000
TLT,2021-07-02,121.75047302246094,9650200
TLT,2021-07-06,123.17753601074219,20037200
TLT,2021-07-07,124.26876831054688,20964400
TLT,2021-07-08,124.75559997558594,17487800
TLT,2021-07-09,123.00121307373047,14483600
TLT,2021-07-12,122.84173583984375,10610400
TLT,2021-07-13,121.90156555175781,23340200
TLT,2021-07-14,123.2865982055664,16038600
TLT,2021-07-15,124.6465072631836,18462400
TLT,2021-07-16,124.41146850585938,12787900
TLT,2021-07-19,127.13960266113281,40203900
TLT,2021-07-20,125.9140853881836,25674800
TLT,2021-07-21,124.31912231445312,19988900
TLT,2021-07-22,125.49432373046875,18136900
TLT,2021-07-23,124.65495300292969,12639300
TLT,2021-07-26,124.28553009033203,10737700
TLT,2021-07-27,125.61185455322266,13036500
TLT,2021-07-28,125.6202392578125,14346700
TLT,2021-07-29,124.92353057861328,11532000
TLT,2021-07-30,125.5111083984375,14342100
TLT,2021-08-02,126.63055419921875,21232700
TLT,2021-08-03,126.69783782958984,13361900
TLT,2021-08-04,126.95840454101562,18267900
TLT,2021-08-05,126.31124114990234,15345400
TLT,2021-08-06,124.20166015625,21144300
TLT,2021-08-09,123.75621032714844,12942400
TLT,2021-08-10,123.18474578857422,13716900
TLT,2021-08-11,123.1091079711914,17227600
TLT,2021-08-12,122.90743255615234,14709400
TLT,2021-08-13,124.84886169433594,18653800
TLT,2021-08-16,125.15137481689453,19170900
TLT,2021-08-17,125.10100555419922,14126900
TLT,2021-08-18,125.52120208740234,13144000
TLT,2021-08-19,126.44569396972656,15474300
TLT,2021-08-20,126.52970886230469,12388400
TLT,2021-08-23,126.44569396972656,10615000
TLT,2021-08-24,125.46237182617188,13835900
TLT,2021-08-25,124.42021179199219,16743800
TLT,2021-08-26,124.76477813720703,16657400
TLT,2021-08-27,125.61368560791016,15384700
TLT,2021-08-30,125.94145202636719,10596300
TLT,2021-08-31,125.08417510986328,15262400
TLT,2021-09-01,125.2937240600586,10807100
TLT,2021-09-02,125.84072875976562,9765900
TLT,2021-09-03,124.69622802734375,12928000
TLT,2021-09-07,123.64427947998047,15547800
TLT,2021-09-08,124.48584747314453,14533700
TLT,2021-09-09,125.99220275878906,20324600
TLT,2021-09-10,124.8813247680664,14894600
TLT,2021-09-13,125.6386947631836,15036100
TLT,2021-09-14,127.16187286376953,19918400
TLT,2021-09-15,126.71585083007812,11940300
TLT,2021-09-16,126.13523864746094,13328900
TLT,2021-09-17,125.52934265136719,13782900
TLT,2021-09-20,127.08612823486328,14660400
TLT,2021-09-21,126.9767837524414,10035800
TLT,2021-09-22,127.73410034179688,22277800
TLT,2021-09-23,124.84776306152344,23853300
TLT,2021-09-24,123.62747192382812,20203900
TLT,2021-09-27,123.17300415039062,13464300
TLT,2021-09-28,121.25444793701172,26613500
TLT,2021-09-29,121.46476745605469,23569400
TLT,2021-09-30,121.44796752929688,22567600
TLT,2021-10-01,122.47001647949219,26151800
TLT,2021-10-04,122.15824127197266,28027600
TLT,2021-10-05,120.97866821289062,22659200
TLT,2021-10-06,121.6611557006836,18696500
TLT,2021-10-07,120.38883972167969,14856000
TLT,2021-10-08,119.54622650146484,17257800
TLT,2021-10-11,119.24293518066406,7213400
TLT,2021-10-12,121.28192901611328,17968700
TLT,2021-10-13,122.46160888671875,23584600
TLT,2021-10-14,122.91658782958984,12946400
TLT,2021-10-15,122.20038604736328,11811500
TLT,2021-10-18,122.77339172363281,12115900
TLT,2021-10-19,121.07972717285156,12156300
TLT,2021-10-20,120.26241302490234,12782500
TLT,2021-10-21,120.11918640136719,13660000
TLT,2021-10-22,121.44209289550781,13740000
TLT,2021-10-25,121.25666809082031,8137900
TLT,2021-10-26,122.25936889648438,13671000
TLT,2021-10-27,124.4837875366211,22092300
TLT,2021-10-28,124.0625,17497600
TLT,2021-10-29,124.441650390625,19087300
TLT,2021-11-01,123.54570007324219,18035500
TLT,2021-11-02,124.09405517578125,9836700
TLT,2021-11-03,122.81169891357422,20639400
TLT,2021-11-04,124.1025619506836,15922400
TLT,2021-11-05,125.95855712890625,21513000
TLT,2021-11-08,125.72235107421875,12083800
TLT,2021-11-09,127.35904693603516,23430200
TLT,2021-11-10,125.03053283691406,28170600
TLT,2021-11-11,124.84495544433594,5552500
TLT,2021-11-12,124.29659271240234,12712000
TLT,2021-11-15,122.73576354980469,15232700
TLT,2021-11-16,122.42362213134766,12998700
TLT,2021-11-17,123.39382934570312,14239900
TLT,2021-11-18,123.85786437988281,11054600
TLT,2021-11-19,125.16558074951172,14022100
TLT,2021-11-22,123.69754028320312,15266000
TLT,2021-11-23,121.90898132324219,15318500
TLT,2021-11-24,123.86632537841797,13769700
TLT,2021-11-26,126.99629974365234,20064800
TLT,2021-11-29,125.97545623779297,23234200
TLT,2021-11-30,127.89053344726562,31481100
TLT,2021-12-01,128.67945861816406,30826500
TLT,2021-12-02,128.83998107910156,17754200
TLT,2021-12-03,130.3773193359375,34427100
TLT,2021-12-06,128.58657836914062,30924200
TLT,2021-12-07,127.54761505126953,22115900
TLT,2021-12-08,125.34300994873047,33633900
TLT,2021-12-09,126.0440902709961,17544900
TLT,2021-12-10,125.73995971679688,14298700
TLT,2021-12-13,127.59828186035156,17860500
TLT,2021-12-14,127.29417419433594,14015500
TLT,2021-12-15,126.06941986083984,25383900
TLT,2021-12-16,126.11846160888672,18677900
TLT,2021-12-17,127.54759979248047,18093500
TLT,2021-12-20,126.59199523925781,17147300
TLT,2021-12-21,126.1099853515625,16598200
TLT,2021-12-22,126.69349670410156,12253900
TLT,2021-12-23,125.59420776367188,11642500
TLT,2021-12-27,125.89862060546875,7821800
TLT,2021-12-28,125.39968872070312,9174600
TLT,2021-12-29,124.02973937988281,11771200
TLT,2021-12-30,125.06986999511719,10355000
TLT,2021-12-31,125.31510925292969,13402300
TLT,2022-01-03,122.02556610107422,33860400
TLT,2022-01-04,121.51815795898438,21996400
TLT,2022-01-05,120.85856628417969,20911700
TLT,2022-01-06,121.17147064208984,18996400
TLT,2022-01-07,120.30046844482422,18756800
TLT,2022-01-10,120.596435546875,13775800
TLT,2022-01-11,121.39982604980469,24388700
TLT,2022-01-12,120.93464660644531,14440600
TLT,2022-01-13,122.00868225097656,15166000
TLT,2022-01-14,120.16519927978516,22997500
TLT,2022-01-18,118.47392272949219,21171700
TLT,2022-01-19,119.29412841796875,17930500
TLT,2022-01-20,120.02983093261719,13959000
TLT,2022-01-21,121.45895385742188,28916600
TLT,2022-01-24,120.46109771728516,25001600
TLT,2022-01-25,120.26661682128906,15599000
TLT,2022-01-26,118.8121337890625,23655500
TLT,2022-01-27,120.9938735961914,21501800
TLT,2022-01-28,121.0361557006836,12826500
TLT,2022-01-31,120.41033935546875,13998400
TLT,2022-02-01,120.01071166992188,20806100
TLT,2022-02-02,120.41719818115234,18404600
TLT,2022-02-03,119.47721099853516,17234100
TLT,2022-02-04,117.7158432006836,23609800
TLT,2022-02-07,117.79203796386719,12962400
TLT,2022-02-08,117.00450897216797,16269200
TLT,2022-02-09,117.22467803955078,14349100
TLT,2022-02-10,115.36170196533203,30896200
TLT,2022-02-11,117.07225799560547,43210300
TLT,2022-02-14,115.61573791503906,23157400
TLT,2022-02-15,114.30319213867188,18198500
TLT,2022-02-16,114.98063659667969,16473700
TLT,2022-02-17,115.83588409423828,24508200
TLT,2022-02-18,117.05531311035156,17522600
TLT,2022-02-22,117.36018371582031,19534000
TLT,2022-02-23,115.74274444580078,17757800
TLT,2022-02-24,115.8189926147461,28150400
TLT,2022-02-25,115.90364074707031,15025400
TLT,2022-02-28,118.44408416748047,25817700
TLT,2022-03-01,119.81352233886719,35664400
TLT,2022-03-02,115.71794128417969,30397400
TLT,2022-03-03,116.89662170410156,20649100
TLT,2022-03-04,118.9146957397461,25853100
TLT,2022-03-07,118.00740051269531,23710900
TLT,2022-03-08,116.8202896118164,28331300
TLT,2022-03-09,115.67557525634766,18819200
TLT,2022-03-10,114.01364135742188,26868900
TLT,2022-03-11,114.39518737792969,15583800
TLT,2022-03-14,111.72418212890625,24385000
TLT,2022-03-15,111.52918243408203,17518800
TLT,2022-03-16,112.62300109863281,25857700
TLT,2022-03-17,111.78355407714844,19330600
TLT,2022-03-18,113.14875793457031,55891700
TLT,2022-03-21,110.52862548828125,26122000
TLT,2022-03-22,109.112548828125,21830900
TLT,2022-03-23,111.50375366210938,21266100
TLT,2022-03-24,110.63037872314453,17141600
TLT,2022-03-25,109.09557342529297,25684500
TLT,2022-03-28,110.02832794189453,17657800
TLT,2022-03-29,110.85929870605469,19319700
TLT,2022-03-30,111.72418212890625,16310200
TLT,2022-03-31,111.99553680419922,19901000
TLT,2022-04-01,112.42188262939453,23489700
TLT,2022-04-04,111.64056396484375,13609900
TLT,2022-04-05,109.11833190917969,25196900
TLT,2022-04-06,108.2351303100586,22952000
TLT,2022-04-07,107.41986846923828,23458800
TLT,2022-04-08,106.25638580322266,26859200
TLT,2022-04-11,104.57491302490234,30020700
TLT,2022-04-12,104.43052673339844,23124200
TLT,2022-04-13,104.6428451538086,17189500
TLT,2022-04-14,102.54523468017578,34274500
TLT,2022-04-18,102.03570556640625,18784300
TLT,2022-04-19,101.2713851928711,26012300
TLT,2022-04-20,103.30953979492188,31423200
TLT,2022-04-21,102.54523468017578,23323200
TLT,2022-04-22,101.8998031616211,19773400
TLT,2022-04-25,102.91887664794922,25418900
TLT,2022-04-26,103.95496368408203,26931300
TLT,2022-04-27,102.62168884277344,14560500
TLT,2022-04-28,102.77452087402344,16892500
TLT,2022-04-29,101.44122314453125,26153400
TLT,2022-05-02,99.68286895751953,29233900
TLT,2022-05-03,100.35488891601562,21256700
TLT,2022-05-04,100.9078598022461,25575700
TLT,2022-05-05,98.14314270019531,48384500
TLT,2022-05-06,96.69699096679688,32790500
TLT,2022-05-09,97.54766082763672,26773000
TLT,2022-05-10,98.4323959350586,33640800
TLT,2022-05-11,100.32941436767578,34173600
TLT,2022-05-12,100.14224243164062,26405700
TLT,2022-05-13,98.66204071044922,20782700
TLT,2022-05-16,98.5599594116211,11050600
TLT,2022-05-17,97.3690185546875,15040800
TLT,2022-05-18,99.44468688964844,21337300
TLT,2022-05-19,99.68286895751953,21937500
TLT,2022-05-20,100.81428527832031,22780900
TLT,2022-05-23,99.15546417236328,15925200
TLT,2022-05-24,101.11204528808594,23388200
TLT,2022-05-25,101.5118408203125,14410800
TLT,2022-05-26,101.052490234375,14912900
TLT,2022-05-27,101.29916381835938,11190400
TLT,2022-05-31,99.15546417236328,28393700
TLT,2022-06-01,99.04209899902344,15544800
TLT,2022-06-02,99.09325408935547,9832000
TLT,2022-06-03,98.88018798828125,15330400
TLT,2022-06-06,97.05648040771484,20815400
TLT,2022-06-07,98.10469055175781,14278700
TLT,2022-06-08,97.23544311523438,11476100
TLT,2022-06-09,97.55927276611328,15527300
TLT,2022-06-10,96.95423889160156,21917100
TLT,2022-06-13,93.91190338134766,36968300
TLT,2022-06-14,92.72733306884766,21865900
TLT,2022-06-15,94.45732116699219,25202800
TLT,2022-06-16,95.20724487304688,26067300
TLT,2022-06-17,95.5140151977539,21614300
TLT,2022-06-21,93.89486694335938,17663800
TLT,2022-06-22,96.47701263427734,23703800
TLT,2022-06-23,97.26954650878906,20669200
TLT,2022-06-24,95.92305755615234,18161300
TLT,2022-06-27,95.10494995117188,12053000
TLT,2022-06-28,95.5481185913086,13706600
TLT,2022-06-29,97.0394515991211,12925400
TLT,2022-06-30,97.89163208007812,25802100
TLT,2022-07-01,98.89665222167969,21858800
TLT,2022-07-05,99.67369842529297,16689700
TLT,2022-07-06,98.00007629394531,20205400
TLT,2022-07-07,97.1376724243164,13088000
TLT,2022-07-08,96.0617904663086,15320000
TLT,2022-07-11,97.71829986572266,13639900
TLT,2022-07-12,98.29895782470703,18547300
TLT,2022-07-13,99.42605590820312,20594800
TLT,2022-07-14,98.61488342285156,15665000
TLT,2022-07-15,99.1698989868164,16022600
TLT,2022-07-18,98.13670349121094,15838300
TLT,2022-07-19,97.60729217529297,9276800
TLT,2022-07-20,97.86345672607422,9117300
TLT,2022-07-21,99.55413818359375,14754900
TLT,2022-07-22,101.22775268554688,17715300
TLT,2022-07-25,100.23725128173828,24868100
TLT,2022-07-26,100.31411743164062,13536000
TLT,2022-07-27,99.75054168701172,15725600
TLT,2022-07-28,100.54466247558594,16637900
TLT,2022-07-29,100.27141571044922,16655900
TLT,2022-08-01,102.68628692626953,17974600
TLT,2022-08-02,100.51348876953125,17896300
TLT,2022-08-03,102.09603118896484,16731200
TLT,2022-08-04,102.06185150146484,11003000
TLT,2022-08-05,99.63240814208984,19492300
TLT,2022-08-08,101.24063873291016,17476300
TLT,2022-08-09,100.84712219238281,8223200
TLT,2022-08-10,100.18841552734375,14665300
TLT,2022-08-11,97.85310363769531,20663800
TLT,2022-08-12,98.84540557861328,12178400
TLT,2022-08-15,98.75983428955078,9031800
TLT,2022-08-16,99.17046356201172,11066000
TLT,2022-08-17,98.1353759765625,14131300
TLT,2022-08-18,98.28080749511719,10738200
TLT,2022-08-19,96.69827270507812,16330900
TLT,2022-08-22,96.37319946289062,10457200
TLT,2022-08-23,95.84282684326172,17813200
TLT,2022-08-24,95.14136505126953,13971600
TLT,2022-08-25,96.4673080444336,21429700
TLT,2022-08-26,97.19441986083984,18764400
TLT,2022-08-29,96.3902816772461,14278300
TLT,2022-08-30,96.62980651855469,14346600
TLT,2022-08-31,95.70599365234375,13623500
TLT,2022-09-01,93.95375061035156,22490400
TLT,2022-09-02,94.4852294921875,13024400
TLT,2022-09-06,92.14497375488281,24648500
TLT,2022-09-07,93.60228729248047,17050100
TLT,2022-09-08,92.64215087890625,14671400
TLT,2022-09-09,92.84788513183594,12529800
TLT,2022-09-12,92.0849838256836,14806900
TLT,2022-09-13,92.29927825927734,22158900
TLT,2022-09-14,92.61647033691406,13077800
TLT,2022-09-15,92.55646514892578,10260200
TLT,2022-09-16,91.78495025634766,18903800
TLT,2022-09-19,91.99922943115234,11084400
TLT,2022-09-20,91.08201599121094,20133800
TLT,2022-09-21,92.60789489746094,23132900
TLT,2022-09-22,90.24188232421875,29030600
TLT,2022-09-23,90.61051940917969,23042200
TLT,2022-09-26,88.87890625,25104600
TLT,2022-09-27,86.53860473632812,34609500
TLT,2022-09-28,89.43608093261719,39283100
TLT,2022-09-29,88.97317504882812,19127100
TLT,2022-09-30,87.82450103759766,26485700
TLT,2022-10-03,89.21996307373047,27192200
TLT,2022-10-04,88.97074890136719,13788700
TLT,2022-10-05,88.12007141113281,20522100
TLT,2022-10-06,87.6302719116211,13965700
TLT,2022-10-07,86.77958679199219,14814800
TLT,2022-10-10,85.43050384521484,15652600
TLT,2022-10-11,85.80859375,33246700
TLT,2022-10-12,86.22967529296875,21447600
TLT,2022-10-13,85.40472412109375,30292500
TLT,2022-10-14,84.70011138916016,18728200
TLT,2022-10-17,84.28761291503906,18969900
TLT,2022-10-18,84.48526000976562,16931500
TLT,2022-10-19,82.94712829589844,25431600
TLT,2022-10-20,81.52932739257812,25434900
TLT,2022-10-21,80.05992889404297,46280300
TLT,2022-10-24,79.3982925415039,31332600
TLT,2022-10-25,81.70977783203125,31213100
TLT,2022-10-26,82.88700866699219,24843900
TLT,2022-10-27,83.75489807128906,20270000
TLT,2022-10-28,83.17914581298828,22244100
TLT,2022-10-31,82.58625793457031,23956700
TLT,2022-11-01,83.35807037353516,17585100
TLT,2022-11-02,82.99626922607422,25010500
TLT,2022-11-03,82.54837799072266,29097500
TLT,2022-11-04,81.16150665283203,23561400
TLT,2022-11-07,80.35176086425781,14522800
TLT,2022-11-08,81.23039245605469,20360600
TLT,2022-11-09,81.4974365234375,15637500
TLT,2022-11-10,84.63294219970703,45380900
TLT,2022-11-11,84.32284545898438,15943100
TLT,2022-11-14,84.11609649658203,13741100
TLT,2022-11-15,85.47712707519531,26608200
TLT,2022-11-16,87.34636688232422,28507700
TLT,2022-11-17,86.4246826171875,24528900
TLT,2022-11-18,85.83029174804688,14941300
TLT,2022-11-21,86.19210052490234,15534000
TLT,2022-11-22,87.41532135009766,18103100
TLT,2022-11-23,88.93994140625,23234600
TLT,2022-11-25,88.63848114013672,9486100
TLT,2022-11-28,88.88829040527344,14563200
TLT,2022-11-29,87.8459701538086,16576400
TLT,2022-11-30,88.49203491210938,21581700
TLT,2022-12-01,91.31900024414062,53156800
TLT,2022-12-02,92.46739959716797,24479500
TLT,2022-12-05,91.17219543457031,20159700
TLT,2022-12-06,92.34648895263672,21754500
TLT,2022-12-07,94.52241516113281,30546700
TLT,2022-12-08,94.26336669921875,13377300
TLT,2022-12-09,91.8111572265625,25872200
TLT,2022-12-12,92.1047134399414,16897100
TLT,2022-12-13,92.99407196044922,23854700
TLT,2022-12-14,93.39127349853516,19517500
TLT,2022-12-15,93.75568389892578,20246200
TLT,2022-12-16,92.7083740234375,20838300
TLT,2022-12-19,91.15037536621094,26126800
TLT,2022-12-20,89.53182220458984,28869000
TLT,2022-12-21,89.75687408447266,15894100
TLT,2022-12-22,89.73955535888672,11322500
TLT,2022-12-23,88.42394256591797,15408900
TLT,2022-12-27,86.67552947998047,26475700
TLT,2022-12-28,86.16487884521484,17302900
TLT,2022-12-29,87.1429214477539,16593000
TLT,2022-12-30,86.17351531982422,20810200
TLT,2023-01-03,87.81806182861328,25313200
TLT,2023-01-04,89.0211410522461,21678200
TLT,2023-01-05,89.39334106445312,14771100
TLT,2023-01-06,91.03784942626953,27473700
TLT,2023-01-09,91.5225830078125,21472200
TLT,2023-01-10,90.00785064697266,20545200
TLT,2023-01-11,91.47061157226562,18794000
TLT,2023-01-12,93.27095794677734,32029600
TLT,2023-01-13,92.39678192138672,17750800
TLT,2023-01-17,91.799560546875,13911700
TLT,2023-01-18,94.02398681640625,35497200
TLT,2023-01-19,93.4354248046875,17194700
TLT,2023-01-20,91.92072296142578,22754100
TLT,2023-01-23,91.48795318603516,12961500
TLT,2023-01-24,92.80358123779297,16417200
TLT,2023-01-25,93.02862548828125,11906500
TLT,2023-01-26,92.59585571289062,15549400
TLT,2023-01-27,92.36213684082031,11845500
TLT,2023-01-30,92.02458953857422,11459700
TLT,2023-01-31,92.76026916503906,13705300
TLT,2023-02-01,93.87539672851562,25305800
TLT,2023-02-02,93.99687194824219,19548400
TLT,2023-02-03,92.59105682373047,20619500
TLT,2023-02-06,91.90558624267578,15182400
TLT,2023-02-07,91.1679458618164,18290300
TLT,2023-02-08,91.6018295288086,13530700
TLT,2023-02-09,90.73401641845703,20469900
TLT,2023-02-10,89.71875762939453,16598300
TLT,2023-02-13,90.47374725341797,13134300
TLT,2023-02-14,90.26546478271484,15440300
TLT,2023-02-15,89.42373657226562,15246900
TLT,2023-02-16,88.15676879882812,19267300
TLT,2023-02-17,88.84232330322266,19560900
TLT,2023-02-21,87.11544799804688,22728000
TLT,2023-02-22,87.91381072998047,15165400
TLT,2023-02-23,88.77291107177734,15829100
TLT,2023-02-24,87.61875915527344,21403600
TLT,2023-02-27,87.86174011230469,14209200
TLT,2023-02-28,88.26091766357422,14955700
TLT,2023-03-01,87.31270599365234,19000000
TLT,2023-03-02,86.53849029541016,23763600
TLT,2023-03-03,88.63496398925781,30877300
TLT,2023-03-06,87.94774627685547,16631900
TLT,2023-03-07,88.48710632324219,23096500
TLT,2023-03-08,88.57408905029297,20252400
TLT,2023-03-09,88.79155731201172,21550400
TLT,2023-03-10,91.85360717773438,43921500
TLT,2023-03-13,92.06243133544922,51502500
TLT,2023-03-14,90.54876708984375,38417800
TLT,2023-03-15,92.29727935791016,45164100
TLT,2023-03-16,91.57524871826172,43089300
TLT,2023-03-17,92.94972229003906,38129000
TLT,2023-03-20,92.13203430175781,24242800
TLT,2023-03-21,91.34039306640625,18934900
TLT,2023-03-22,92.55825805664062,26388500
TLT,2023-03-23,92.55825805664062,25475100
TLT,2023-03-24,92.94972229003906,23652700
TLT,2023-03-27,90.76626586914062,22224500
TLT,2023-03-28,90.93151092529297,17794300
TLT,2023-03-29,90.74884796142578,16804400
TLT,2023-03-30,91.16641235351562,14315800
TLT,2023-03-31,92.53218078613281,25396700
TLT,2023-04-03,92.96733856201172,18234800
TLT,2023-04-04,93.42955017089844,18052400
TLT,2023-04-05,94.40632629394531,23047700
TLT,2023-04-06,94.6505126953125,16447300
TLT,2023-04-10,93.12431335449219,19134400
TLT,2023-04-11,93.31620025634766,13971200
TLT,2023-04-12,93.22026062011719,20563000
TLT,2023-04-13,92.4876937866211,22079400
TLT,2023-04-14,91.64173126220703,19801900
TLT,2023-04-17,90.55157470703125,19528800
TLT,2023-04-18,90.87427520751953,15922600
TLT,2023-04-19,90.78704071044922,16093900
TLT,2023-04-20,91.5632553100586,16450100
TLT,2023-04-21,91.04869842529297,15244700
TLT,2023-04-24,91.92951965332031,17034300
TLT,2023-04-25,93.28129577636719,21899900
TLT,2023-04-26,92.28711700439453,19610400
TLT,2023-04-27,91.37140655517578,20247600
TLT,2023-04-28,92.84525299072266,26954100
TLT,2023-05-01,90.1680908203125,32487300
TLT,2023-05-02,92.41508483886719,30057800
TLT,2023-05-03,92.93094635009766,23656200
TLT,2023-05-04,92.01292419433594,25110500
TLT,2023-05-05,91.70690155029297,15096500
TLT,2023-05-08,90.42166137695312,20587000
TLT,2023-05-09,90.0981674194336,19182500
TLT,2023-05-10,90.97245788574219,22886800
TLT,2023-05-11,91.93421173095703,19147200
TLT,2023-05-12,91.16482543945312,14198500
TLT,2023-05-15,90.2205810546875,20085300
TLT,2023-05-16,89.94953155517578,29251700
TLT,2023-05-17,89.68724060058594,21340900
TLT,2023-05-18,89.02276611328125,25536600
TLT,2023-05-19,88.39324188232422,29038000
TLT,2023-05-22,88.07848358154297,20131100
TLT,2023-05-23,88.33203125,21749500
TLT,2023-05-24,87.89488220214844,18473400
TLT,2023-05-25,87.67630767822266,22492800
TLT,2023-05-26,88.38448333740234,17030300
TLT,2023-05-30,89.26754760742188,23125200
TLT,2023-05-31,90.04570007324219,23787000
TLT,2023-06-01,90.39897918701172,21040400
TLT,2023-06-02,89.40838623046875,19136500
TLT,2023-06-05,89.2418212890625,14433200
TLT,2023-06-06,89.76781463623047,14332100
TLT,2023-06-07,88.43531799316406,25251100
TLT,2023-06-08,89.46975708007812,23845100
TLT,2023-06-09,89.34700775146484,22147400
TLT,2023-06-12,89.61002349853516,19010300
TLT,2023-06-13,88.7245864868164,25910800
TLT,2023-06-14,89.43467712402344,29094200
TLT,2023-06-15,90.29379272460938,25732000
TLT,2023-06-16,89.94314575195312,16759100
TLT,2023-06-20,90.56554412841797,17162900
TLT,2023-06-21,90.78468322753906,19720100
TLT,2023-06-22,89.68890380859375,23630700
TLT,2023-06-23,90.58306884765625,22901900
TLT,2023-06-26,90.67955017089844,12894900
TLT,2023-06-27,90.44281005859375,18105700
TLT,2023-06-28,90.82854461669922,23826800
TLT,2023-06-29,89.18923950195312,41091600
TLT,2023-06-30,90.2411880493164,32024900
TLT,2023-07-03,89.72959899902344,16011800
TLT,2023-07-05,88.87696075439453,28170300
TLT,2023-07-06,87.61997985839844,41375700
TLT,2023-07-07,87.09258270263672,28996500
TLT,2023-07-10,87.20686340332031,24665200
TLT,2023-07-11,87.65515899658203,20485500
TLT,2023-07-12,88.63085174560547,31928000
TLT,2023-07-13,89.56257629394531,32441500
TLT,2023-07-14,89.0351791381836,18569000
TLT,2023-07-17,89.0791244506836,18822000
TLT,2023-07-18,89.48348999023438,15407400
TLT,2023-07-19,90.49434661865234,27192500
TLT,2023-07-20,89.39557647705078,56951200
TLT,2023-07-21,89.42195892333984,20657500
TLT,2023-07-24,89.0967025756836,17546700
TLT,2023-07-25,88.92969512939453,17160600
TLT,2023-07-26,89.01759338378906,19310700
TLT,2023-07-27,87.28596496582031,44794400
TLT,2023-07-28,87.7342300415039,27434000
TLT,2023-07-31,87.9452133178711,28663800
TLT,2023-08-01,86.50406646728516,34943400
TLT,2023-08-02,85.57853698730469,38121300
TLT,2023-08-03,83.6041488647461,59394800
TLT,2023-08-04,85.08494567871094,42071800
TLT,2023-08-07,84.24757385253906,35862900
TLT,2023-08-08,85.22599792480469,24010500
TLT,2023-08-09,85.6667251586914,20151100
TLT,2023-08-10,84.25640869140625,37253200
TLT,2023-08-11,84.06246185302734,26753500
TLT,2023-08-14,83.87738037109375,19072000
TLT,2023-08-15,83.36614227294922,24125000
TLT,2023-08-16,82.71390533447266,23076700
TLT,2023-08-17,82.36133575439453,32244900
TLT,2023-08-18,82.65218353271484,24181700
TLT,2023-08-21,81.55036926269531,29254100
TLT,2023-08-22,82.17623138427734,21308700
TLT,2023-08-23,84.21235656738281,38294700
TLT,2023-08-24,83.65701293945312,22300800
TLT,2023-08-25,83.93025207519531,23865200
TLT,2023-08-28,84.01841735839844,16037300
TLT,2023-08-29,84.89102172851562,28478100
TLT,2023-08-30,84.80290222167969,17550100
TLT,2023-08-31,85.18191528320312,26959700
TLT,2023-09-01,83.85491180419922,32469700
TLT,2023-09-05,82.67908477783203,29435900
TLT,2023-09-06,82.8824234008789,23636300
TLT,2023-09-07,83.11226654052734,18091500
TLT,2023-09-08,83.43053436279297,17052100
TLT,2023-09-11,82.8293685913086,17061500
TLT,2023-09-12,83.30677032470703,20034300
TLT,2023-09-13,83.2890853881836,23332300
TLT,2023-09-14,82.68791198730469,27800600
TLT,2023-09-15,82.18399810791016,25642900
TLT,2023-09-18,82.65257263183594,17963400
TLT,2023-09-19,82.04254913330078,24941800
TLT,2023-09-20,82.29895782470703,29451200
TLT,2023-09-21,80.18597412109375,59958700
TLT,2023-09-22,80.83133697509766,29524500
TLT,2023-09-25,78.84220123291016,45587900
TLT,2023-09-26,78.56810760498047,38104100
TLT,2023-09-27,78.16143798828125,47111200
TLT,2023-09-28,78.400146484375,60238000
TLT,2023-09-29,78.40896606445312,49010100
TLT,2023-10-02,77.09640502929688,44704300
TLT,2023-10-03,75.43794250488281,71362600
TLT,2023-10-04,76.5021743774414,56281600
TLT,2023-10-05,76.12084197998047,35758800
TLT,2023-10-06,75.19847106933594,62787900
TLT,2023-10-09,76.96334838867188,29424900
TLT,2023-10-10,76.85693359375,54743900
TLT,2023-10-11,78.46219635009766,58517700
TLT,2023-10-12,76.33367156982422,66986700
TLT,2023-10-13,77.69947052001953,44183800
TLT,2023-10-16,76.44898223876953,38309800
TLT,2023-10-17,75.60643768310547,52949100
TLT,2023-10-18,74.94129943847656,63724600
TLT,2023-10-19,73.40699005126953,87696900
TLT,2023-10-20,73.82380676269531,52188800
TLT,2023-10-23,74.71068572998047,70890400
TLT,2023-10-24,75.69513702392578,46267700
TLT,2023-10-25,74.01004028320312,60737200
TLT,2023-10-26,75.14525604248047,49704100
TLT,2023-10-27,74.82600402832031,32362300
TLT,2023-10-30,74.48896026611328,45026900
TLT,2023-10-31,74.1253662109375,37269200
TLT,2023-11-01,75.73255157470703,72308500
TLT,2023-11-02,77.45901489257812,69739400
TLT,2023-11-03,77.98406219482422,77692300
TLT,2023-11-06,77.22763061523438,41341900
TLT,2023-11-07,78.3667221069336,37834200
TLT,2023-11-08,79.70159912109375,53893400
TLT,2023-11-09,77.86837005615234,88975100
TLT,2023-11-10,78.30442810058594,36516400
TLT,2023-11-13,78.12648010253906,25661500
TLT,2023-11-14,79.89741516113281,65666800
TLT,2023-11-15,78.77610778808594,56205300
TLT,2023-11-16,79.75502014160156,49473900
TLT,2023-11-17,80.12877655029297,44091400
TLT,2023-11-20,80.61822509765625,40477800
TLT,2023-11-21,80.5826644897461,27721000
TLT,2023-11-22,80.867431640625,31197500
TLT,2023-11-24,79.9151840209961,20199600
TLT,2023-11-27,81.25007629394531,39804400
TLT,2023-11-28,81.41029357910156,44989300
TLT,2023-11-29,82.43370056152344,61647800
TLT,2023-11-30,81.48146057128906,60520900
TLT,2023-12-01,83.01608276367188,64172200
TLT,2023-12-04,82.6857681274414,33766300
TLT,2023-12-05,84.46233367919922,73588600
TLT,2023-12-06,85.58718872070312,61606100
TLT,2023-12-07,85.09616088867188,47970200
TLT,2023-12-08,84.39982604980469,44809200
TLT,2023-12-11,84.2212905883789,33909700
TLT,2023-12-12,84.47125244140625,36996900
TLT,2023-12-13,86.45315551757812,70828500
TLT,2023-12-14,88.7020492553711,87798600
TLT,2023-12-15,88.80056762695312,59941300
TLT,2023-12-18,88.09303283691406,34746000
TLT,2023-12-19,88.56770324707031,30018400
TLT,2023-12-20,89.16777038574219,51229400
TLT,2023-12-21,88.60350799560547,65231200
TLT,2023-12-22,88.20051574707031,29244200
TLT,2023-12-26,88.45128631591797,24019700
TLT,2023-12-27,90.01861572265625,45082800
TLT,2023-12-28,89.36482238769531,36213000
TLT,2023-12-29,88.55873107910156,41616200
TLT,2024-01-02,88.0482406616211,47797400
TLT,2024-01-03,88.41544342041016,58159500
TLT,2024-01-04,87.072021484375,52604500
TLT,2024-01-05,86.23908233642578,45894800
TLT,2024-01-08,87.0899429321289,39485800
TLT,2024-01-09,86.53465270996094,34374000
TLT,2024-01-10,86.13163757324219,48227800
TLT,2024-01-11,86.61526489257812,78858900
TLT,2024-01-12,86.4450912475586,38883900
TLT,2024-01-16,84.92253875732422,61716700
TLT,2024-01-17,84.78820037841797,55506800
TLT,2024-01-18,84.00003051757812,77339100
TLT,2024-01-19,84.26873016357422,47030900
TLT,2024-01-22,84.77031707763672,35756400
TLT,2024-01-23,84.09858703613281,35786700
TLT,2024-01-24,83.60600280761719,54574900
TLT,2024-01-25,84.15229034423828,57019400
TLT,2024-01-26,83.99108123779297,29276900
TLT,2024-01-29,84.95835876464844,38243600
TLT,2024-01-30,85.72859954833984,40151400
TLT,2024-01-31,86.57046508789062,80646700
TLT,2024-02-01,88.26864624023438,84291200
TLT,2024-02-02,86.31890869140625,63823300
TLT,2024-02-05,84.57582092285156,53827400
TLT,2024-02-06,85.4024429321289,33411500
TLT,2024-02-07,84.9891128540039,40120200
TLT,2024-02-08,84.49494171142578,50087700
TLT,2024-02-09,84.32423400878906,27951300
TLT,2024-02-12,84.42304992675781,27890300
TLT,2024-02-13,82.97647094726562,49768500
TLT,2024-02-14,83.3987808227539,44191600
TLT,2024-02-15,83.83007049560547,49598500
TLT,2024-02-16,83.3448486328125,33116800
TLT,2024-02-20,83.4167251586914,24469300
TLT,2024-02-21,82.82371520996094,36343100
TLT,2024-02-22,83.22805786132812,45190700
TLT,2024-02-23,84.34220123291016,38406700
TLT,2024-02-26,84.09062194824219,27855000
TLT,2024-02-27,83.49763488769531,30242000
TLT,2024-02-28,84.0277099609375,34574200
TLT,2024-02-29,84.62074279785156,51038600
TLT,2024-03-01,85.14799499511719,45832800
TLT,2024-03-04,84.80550384521484,23864200
TLT,2024-03-05,86.01326751708984,37721900
TLT,2024-03-06,86.51802825927734,40571600
TLT,2024-03-07,86.43689727783203,39075000
TLT,2024-03-08,86.28367614746094,25023200
TLT,2024-03-11,86.23860931396484,17787900
TLT,2024-03-12,85.5175552368164,29566000
TLT,2024-03-13,85.10295104980469,38270100
TLT,2024-03-14,83.79601287841797,58365600
TLT,2024-03-15,83.76898193359375,34997700
TLT,2024-03-18,83.51661682128906,29519500
TLT,2024-03-19,83.75093841552734,26953100
TLT,2024-03-20,83.72390747070312,43460100
TLT,2024-03-21,83.9041748046875,34276600
TLT,2024-03-22,84.70636749267578,30262300
TLT,2024-03-25,84.28273010253906,24011800
TLT,2024-03-26,84.51708984375,34423000
TLT,2024-03-27,85.35530090332031,50157800
TLT,2024-03-28,85.28318786621094,34540400
TLT,2024-04-01,83.69343566894531,48945400
TLT,2024-04-02,83.23223114013672,43086300
TLT,2024-04-03,83.21415710449219,45494400
TLT,2024-04-04,83.81099700927734,47957400
TLT,2024-04-05,82.64443969726562,42495900
TLT,2024-04-08,82.63539123535156,37879800
TLT,2024-04-09,83.4040756225586,32522000
TLT,2024-04-10,81.58642578125,74368900
TLT,2024-04-11,81.21564483642578,65751200
TLT,2024-04-12,81.64969635009766,47900100
TLT,2024-04-15,80.38367462158203,55993100
TLT,2024-04-16,79.85014343261719,45103200
TLT,2024-04-17,80.73636627197266,57947000
TLT,2024-04-18,80.32942199707031,43839500
TLT,2024-04-19,80.61881256103516,44826800
TLT,2024-04-22,80.48313903808594,24969000
TLT,2024-04-23,80.51029205322266,27222700
TLT,2024-04-24,79.94055938720703,48986800
TLT,2024-04-25,79.3799057006836,49282600
TLT,2024-04-26,79.7958755493164,31589800
TLT,2024-04-29,80.46508026123047,39228600
TLT,2024-04-30,79.7778091430664,41054700
TLT,2024-05-01,80.3658447265625,59679500
TLT,2024-05-02,80.71067810058594,58925400
TLT,2024-05-03,81.52740478515625,50066100
TLT,2024-05-06,81.84502410888672,23868200
TLT,2024-05-07,82.34413146972656,30525800
TLT,2024-05-08,81.84502410888672,31171700
TLT,2024-05-09,82.24430847167969,39606700
TLT,2024-05-10,81.78150177001953,21913800
TLT,2024-05-13,81.99019622802734,23157500
TLT,2024-05-14,82.4530258178711,25746400
TLT,2024-05-15,83.5782699584961,65142900
TLT,2024-05-16,83.49662017822266,37902400
TLT,2024-05-17,82.9339828491211,24755000
TLT,2024-05-20,82.68896484375,17922800
TLT,2024-05-21,83.11546325683594,15334400
TLT,2024-05-22,83.21529388427734,38073700
TLT,2024-05-23,82.67989349365234,51294700
TLT,2024-05-24,82.92491912841797,19164400
TLT,2024-05-28,81.73611450195312,45973700
TLT,2024-05-29,80.74699401855469,45508400
TLT,2024-05-30,81.52740478515625,29548600
TLT,2024-05-31,82.08094024658203,41308800
TLT,2024-06-03,83.40857696533203,42272100
TLT,2024-06-04,84.38288879394531,42581500
TLT,2024-06-05,85.00208282470703,43153900
TLT,2024-06-06,84.87460327148438,22891900
TLT,2024-06-07,83.31752014160156,35240500
TLT,2024-06-10,82.76207733154297,20586500
TLT,2024-06-11,83.61802673339844,30329200
TLT,2024-06-12,84.24632263183594,42554600
TLT,2024-06-13,85.48466491699219,33093800
TLT,2024-06-14,86.20404052734375,28776700
TLT,2024-06-17,85.34808349609375,31040200
TLT,2024-06-18,86.13117980957031,26881000
TLT,2024-06-20,85.55753326416016,30246300
TLT,2024-06-21,85.55753326416016,22596400
TLT,2024-06-24,85.90355682373047,56939100
TLT,2024-06-25,86.04922485351562,22890200
TLT,2024-06-26,84.8199691772461,38489100
TLT,2024-06-27,85.15689086914062,23140800
TLT,2024-06-28,83.57247924804688,55119600
TLT,2024-07-01,82.130126953125,49735400
TLT,2024-07-02,82.76953887939453,34204700
TLT,2024-07-03,83.85658264160156,35563300
TLT,2024-07-05,84.55079650878906,34895500
TLT,2024-07-08,84.73351287841797,16095700
TLT,2024-07-09,84.35897064208984,30289800
TLT,2024-07-10,84.62388610839844,23572500
TLT,2024-07-11,85.44600677490234,49761800
TLT,2024-07-12,85.81139373779297,27796500
TLT,2024-07-15,84.8248519897461,37918900
TLT,2024-07-16,86.02151489257812,36383700
TLT,2024-07-17,86.03975677490234,29036800
TLT,2024-07-18,85.38206481933594,34553100
TLT,2024-07-19,84.87964630126953,32164700
TLT,2024-07-22,84.63301849365234,36160400
TLT,2024-07-23,84.5142822265625,23498000
TLT,2024-07-24,83.60079956054688,50757100
TLT,2024-07-25,84.285888671875,44999100
TLT,2024-07-26,84.943603515625,34423800
TLT,2024-07-29,85.40034484863281,25801300
TLT,2024-07-30,85.72918701171875,28169800
TLT,2024-07-31,86.6061019897461,47445300
TLT,2024-08-01,87.35308837890625,77254200
TLT,2024-08-02,90.07513427734375,91912900
TLT,2024-08-05,90.55170440673828,90686300
TLT,2024-08-06,88.52619171142578,61316900
TLT,2024-08-07,87.90299224853516,51337100
TLT,2024-08-08,87.36222839355469,37815800
TLT,2024-08-09,88.22377014160156,32141800
TLT,2024-08-12,88.54454803466797,24261400
TLT,2024-08-13,89.15861511230469,30366900
TLT,2024-08-14,89.71768188476562,31334100
TLT,2024-08-15,88.9936294555664,38723700
TLT,2024-08-16,89.30526733398438,28541000
TLT,2024-08-19,89.71768188476562,25322100
TLT,2024-08-20,90.43255615234375,25239300
TLT,2024-08-21,90.48758697509766,29230000
TLT,2024-08-22,89.58937072753906,33453800
TLT,2024-08-23,90.17594146728516,32005100
TLT,2024-08-26,89.94680786132812,23198700
TLT,2024-08-27,89.791015625,21507700
TLT,2024-08-28,89.68104553222656,18501400
TLT,2024-08-29,89.38775634765625,24988200
TLT,2024-08-30,88.4345703125,42896200
TLT,2024-09-03,89.88093566894531,48947900
TLT,2024-09-04,91.03950500488281,40885200
TLT,2024-09-05,91.55441284179688,47450900
TLT,2024-09-06,91.54521942138672,57406400
TLT,2024-09-09,91.94062042236328,26961400
TLT,2024-09-10,92.58428192138672,31703400
TLT,2024-09-11,92.51069641113281,39497100
TLT,2024-09-12,92.07852935791016,41618700
TLT,2024-09-13,92.32679748535156,25722100
TLT,2024-09-16,93.1727523803711,30866300
TLT,2024-09-17,92.72217559814453,31699400
TLT,2024-09-18,91.57281494140625,48897000
TLT,2024-09-19,91.26937866210938,39979800
TLT,2024-09-20,90.91996002197266,37067600
TLT,2024-09-23,90.72686004638672,35703900
TLT,2024-09-24,90.7084732055664,31005400
TLT,2024-09-25,89.95450592041016,36738200
TLT,2024-09-26,90.16596221923828,33332300
TLT,2024-09-27,90.63491821289062,28317600
TLT,2024-09-30,90.2027587890625,34175500
TLT,2024-10-01,90.85401916503906,45254200
TLT,2024-10-02,90.08836364746094,35810800
TLT,2024-10-03,89.23970031738281,39677800
TLT,2024-10-04,88.14196014404297,56954100
TLT,2024-10-07,87.4778060913086,42606600
TLT,2024-10-08,87.62538146972656,33709600
TLT,2024-10-09,87.12724304199219,35807700
TLT,2024-10-10,86.78592681884766,53667400
TLT,2024-10-11,86.4354019165039,27406400
TLT,2024-10-14,86.49993896484375,28795300
TLT,2024-10-15,87.55158996582031,46429100
TLT,2024-10-16,87.92057037353516,32281500
TLT,2024-10-17,86.52765655517578,43427200
TLT,2024-10-18,86.59222412109375,25258600
TLT,2024-10-21,85.0793685913086,49504700
TLT,2024-10-22,85.16239166259766,32096900
TLT,2024-10-23,84.93175506591797,33354200
TLT,2024-10-24,85.47601318359375,32507400
TLT,2024-10-25,84.99636840820312,28667100
TLT,2024-10-28,84.76571655273438,33156500
TLT,2024-10-29,84.8948745727539,46545200
TLT,2024-10-30,85.14395141601562,41951100
TLT,2024-10-31,85.28230285644531,52173800
TLT,2024-11-01,84.07996368408203,80402000
TLT,2024-11-04,85.38502502441406,49747600
TLT,2024-11-05,85.83858489990234,46986000
TLT,2024-11-06,83.48760986328125,98895700
TLT,2024-11-07,84.53351593017578,56221400
TLT,2024-11-08,85.60717010498047,56756200
TLT,2024-11-11,85.190673828125,22369200
TLT,2024-11-12,83.9133529663086,57908400
TLT,2024-11-13,83.11737060546875,49009100
TLT,2024-11-14,83.59867858886719,53328300
TLT,2024-11-15,83.37654113769531,73722400
TLT,2024-11-18,83.52462005615234,36010600
TLT,2024-11-19,83.95037841796875,29585100
TLT,2024-11-20,83.6819839477539,27755400
TLT,2024-11-21,83.61714935302734,28365700
TLT,2024-11-22,83.66345977783203,21547500
TLT,2024-11-25,85.82935333251953,56858000
TLT,2024-11-26,85.4961166381836,31122200
TLT,2024-11-27,86.0885009765625,39442200
TLT,2024-11-29,86.97705841064453,31905700
TLT,2024-12-02,87.18603515625,39406000
TLT,2024-12-03,86.4337158203125,32768900
TLT,2024-12-04,87.36249542236328,35851100
TLT,2024-12-05,87.53897857666016,23695800
TLT,2024-12-06,87.66899871826172,31761500
TLT,2024-12-09,86.8609390258789,30509600
TLT,2024-12-10,86.4522705078125,28706500
TLT,2024-12-11,85.63494873046875,38748400
TLT,2024-12-12,84.59468841552734,45368400
TLT,2024-12-13,83.73092651367188,39486000
TLT,2024-12-16,83.98169708251953,23482300
TLT,2024-12-17,84.1860122680664,23839900
TLT,2024-12-18,83.1333236694336,61328400
TLT,2024-12-19,81.87458038330078,99083300
TLT,2024-12-20,82.34078216552734,45542400
TLT,2024-12-23,81.5855484008789,32764600
TLT,2024-12-24,81.93052673339844,22377600
TLT,2024-12-26,81.8839111328125,19981800
TLT,2024-12-27,81.21257781982422,27262300
TLT,2024-12-30,81.8652572631836,48519600
TLT,2024-12-31,81.4270248413086,31917300
XLE,2020-01-02,23.188852310180664,23889400
XLE,2020-01-03,23.119953155517578,59005800
XLE,2020-01-06,23.299856185913086,44916200
XLE,2020-01-07,23.238615036010742,22925000
XLE,2020-01-08,22.855836868286133,38042800
XLE,2020-01-09,23.024259567260742,30733600
XLE,2020-01-10,22.894115447998047,18302400
XLE,2020-01-13,22.901769638061523,17557000
XLE,2020-01-14,22.905593872070312,34678000
XLE,2020-01-15,22.737171173095703,21661600
XLE,2020-01-16,22.775453567504883,16449000
XLE,2020-01-17,22.629995346069336,23818200
XLE,2020-01-21,22.224245071411133,34709200
XLE,2020-01-22,22.0098876953125,29355400
XLE,2020-01-23,21.925674438476562,26556000
XLE,2020-01-24,21.67304229736328,40781200
XLE,2020-01-27,21.07207679748535,43365000
XLE,2020-01-28,21.167770385742188,28600200
XLE,2020-01-29,20.945758819580078,27490800
XLE,2020-01-30,21.114177703857422,48861000
XLE,2020-01-31,20.455801010131836,66861000
XLE,2020-02-03,20.187850952148438,42578400
XLE,2020-02-04,20.26058578491211,39639600
XLE,2020-02-05,21.022314071655273,68764000
XLE,2020-02-06,20.807954788208008,30801200
XLE,2020-02-07,20.662500381469727,27386600
XLE,2020-02-10,20.55915069580078,29281200
XLE,2020-02-11,20.788822174072266,27689200
XLE,2020-02-12,21.06825065612793,34399600
XLE,2020-02-13,21.003177642822266,23949800
XLE,2020-02-14,20.89217185974121,25040000
XLE,2020-02-18,20.71991729736328,32629400
XLE,2020-02-19,20.995521545410156,24910800
XLE,2020-02-20,20.972553253173828,26101600
XLE,2020-02-21,20.72374725341797,27616400
XLE,2020-02-24,19.766794204711914,66075000
XLE,2020-02-25,18.894058227539062,85674600
XLE,2020-02-26,18.32370948791504,97656600
XLE,2020-02-27,17.34379005432129,122557400
XLE,2020-02-28,17.328481674194336,137511600
XLE,2020-03-02,18.028968811035156,73285400
XLE,2020-03-03,17.477766036987305,97190600
XLE,2020-03-04,17.89116859436035,48969000
XLE,2020-03-05,17.236614227294922,58774600
XLE,2020-03-06,16.268177032470703,123034800
XLE,2020-03-09,12.99157428741455,133113800
XLE,2020-03-10,13.607856750488281,96862200
XLE,2020-03-11,12.888224601745605,86954600
XLE,2020-03-12,11.280546188354492,77658200
XLE,2020-03-13,12.321706771850586,68196800
XLE,2020-03-16,10.645130157470703,80467200
XLE,2020-03-17,10.717860221862793,90887200
XLE,2020-03-18,9.179079055786133,104271600
XLE,2020-03-19,9.803011894226074,104453000
XLE,2020-03-20,9.89870834350586,116714400
XLE,2020-03-23,9.224028587341309,96520400
XLE,2020-03-24,10.703313827514648,89022200
XLE,2020-03-25,11.208151817321777,104869800
XLE,2020-03-26,11.893007278442383,93836200
XLE,2020-03-27,11.086833953857422,73056800
XLE,2020-03-30,11.200324058532715,84254800
XLE,2020-03-31,11.372517585754395,68701200
XLE,2020-04-01,10.808979988098145,47653000
XLE,2020-04-02,11.79908561706543,146256200
XLE,2020-04-03,11.67385196685791,127668600
XLE,2020-04-06,12.292181015014648,76041400
XLE,2020-04-07,12.554384231567383,103019000
XLE,2020-04-08,13.391866683959961,83811600
XLE,2020-04-09,13.27054500579834,182655200
XLE,2020-04-13,13.227499008178711,67685600
XLE,2020-04-14,13.164881706237793,72648200
XLE,2020-04-15,12.546555519104004,73421000
XLE,2020-04-16,12.01041030883789,64605800
XLE,2020-04-17,13.286199569702148,91706800
XLE,2020-04-20,12.87137222290039,112790000
XLE,2020-04-21,12.644392967224121,120861600
XLE,2020-04-22,13.094436645507812,73753200
XLE,2020-04-23,13.51709270477295,83207200
XLE,2020-04-24,13.548399925231934,64859200
XLE,2020-04-27,13.841912269592285,46576000
XLE,2020-04-28,14.15890121459961,59138000
XLE,2020-04-29,15.207706451416016,71075000
XLE,2020-04-30,14.871150970458984,84040200
XLE,2020-05-01,14.029755592346191,58531800
XLE,2020-05-04,14.515028953552246,52780400
XLE,2020-05-05,14.526765823364258,68733400
XLE,2020-05-06,14.147159576416016,47350200
XLE,2020-05-07,14.515028953552246,48469400
XLE,2020-05-08,15.176398277282715,49646200
XLE,2020-05-11,14.910283088684082,46531400
XLE,2020-05-12,14.648083686828613,56129000
XLE,2020-05-13,13.982795715332031,68994800
XLE,2020-05-14,14.139336585998535,61968400
XLE,2020-05-15,14.08454704284668,54427800
XLE,2020-05-18,15.235101699829102,73139600
XLE,2020-05-19,14.808537483215332,53940600
XLE,2020-05-20,15.399470329284668,54521200
XLE,2020-05-21,15.15291976928711,56241800
XLE,2020-05-22,15.058996200561523,38495000
XLE,2020-05-26,15.477737426757812,74888600
XLE,2020-05-27,15.677326202392578,71225600
XLE,2020-05-28,15.239017486572266,54356800
XLE,2020-05-29,15.168573379516602,71500400
XLE,2020-06-01,15.434688568115234,47680000
XLE,2020-06-02,15.865172386169434,50318400
XLE,2020-06-03,16.330873489379883,54601800
XLE,2020-06-04,16.334789276123047,54849400
XLE,2020-06-05,17.54796028137207,100393400
XLE,2020-06-08,18.338478088378906,95069400
XLE,2020-06-09,17.64970588684082,87399000
XLE,2020-06-10,16.78092384338379,80977000
XLE,2020-06-11,15.199883460998535,96304400
XLE,2020-06-12,15.583403587341309,85635000
XLE,2020-06-15,15.630361557006836,65694800
XLE,2020-06-16,16.08041000366211,64083800
XLE,2020-06-17,15.532526016235352,46736000
XLE,2020-06-18,15.724282264709473,36937800
XLE,2020-06-19,15.485568046569824,53934200
XLE,2020-06-22,15.557308197021484,38896400
XLE,2020-06-23,15.573163986206055,29611600
XLE,2020-06-24,14.709083557128906,64726000
XLE,2020-06-25,14.990503311157227,48034400
XLE,2020-06-26,14.47126579284668,67722200
XLE,2020-06-29,14.665487289428711,38905600
XLE,2020-06-30,15.002391815185547,41886800
XLE,2020-07-01,14.637741088867188,49146800
XLE,2020-07-02,14.800252914428711,41558400
XLE,2020-07-06,14.843851089477539,45084400
XLE,2020-07-07,14.372177124023438,41821800
XLE,2020-07-08,14.360286712646484,41301800
XLE,2020-07-09,13.650793075561523,61087200
XLE,2020-07-10,14.08679485321045,50456000
XLE,2020-07-13,14.01148509979248,74447600
XLE,2020-07-14,14.502975463867188,68442200
XLE,2020-07-15,14.816107749938965,51805000
XLE,2020-07-16,14.748725891113281,37645600
XLE,2020-07-17,14.542612075805664,35433800
XLE,2020-07-20,14.300832748413086,40153000
XLE,2020-07-21,15.164902687072754,72340400
XLE,2020-07-22,14.978612899780273,39243400
XLE,2020-07-23,14.950871467590332,42087800
XLE,2020-07-24,14.867631912231445,39901200
XLE,2020-07-27,14.883488655090332,36462000
XLE,2020-07-28,14.629814147949219,35553800
XLE,2020-07-29,14.935014724731445,34430000
XLE,2020-07-30,14.348394393920898,65667400
XLE,2020-07-31,14.281012535095215,49548200
XLE,2020-08-03,14.332544326782227,42206800
XLE,2020-08-04,14.681342124938965,45144200
XLE,2020-08-05,14.835922241210938,61517400
XLE,2020-08-06,14.71701717376709,38381400
XLE,2020-08-07,14.736833572387695,36753200
XLE,2020-08-10,15.19265079498291,52616200
XLE,2020-08-11,15.141125679016113,53026200
XLE,2020-08-12,15.291742324829102,51065400
XLE,2020-08-13,14.99446964263916,31522000
XLE,2020-08-14,15.137161254882812,26559400
XLE,2020-08-17,15.049959182739258,28511600
XLE,2020-08-18,14.85970687866211,28697600
XLE,2020-08-19,14.68927001953125,29587800
XLE,2020-08-20,14.372177124023438,38215400
XLE,2020-08-21,14.281012535095215,34695600
XLE,2020-08-24,14.673412322998047,49654000
XLE,2020-08-25,14.467307090759277,40237000
XLE,2020-08-26,14.162103652954102,36002400
XLE,2020-08-27,14.189847946166992,44519400
XLE,2020-08-28,14.443520545959473,29150200
XLE,2020-08-31,14.13039493560791,37583000
XLE,2020-09-01,14.03526782989502,36521000
XLE,2020-09-02,13.967885971069336,47700400
XLE,2020-09-03,13.864828109741211,78884600
XLE,2020-09-04,13.8212308883667,68682000
XLE,2020-09-08,13.31784439086914,98437600
XLE,2020-09-09,13.409010887145996,49955200
XLE,2020-09-10,12.917519569396973,74006600
XLE,2020-09-11,12.929409980773926,50794600
XLE,2020-09-14,13.028502464294434,38888400
XLE,2020-09-15,12.933375358581543,51220800
XLE,2020-09-16,13.45261001586914,71772200
XLE,2020-09-17,13.472430229187012,44713400
XLE,2020-09-18,13.321812629699707,52812800
XLE,2020-09-21,12.880248069763184,61439200
XLE,2020-09-22,12.747296333312988,44697400
XLE,2020-09-23,12.17116928100586,52969200
XLE,2020-09-24,12.16714096069336,70487600
XLE,2020-09-25,12.159083366394043,55116800
XLE,2020-09-28,12.445134162902832,52752000
XLE,2020-09-29,12.102681159973145,47601800
XLE,2020-09-30,12.066418647766113,49149000
XLE,2020-10-01,11.69576358795166,56730400
XLE,2020-10-02,11.808571815490723,57410400
XLE,2020-10-05,12.16311264038086,63144400
XLE,2020-10-06,11.981813430786133,62223200
XLE,2020-10-07,12.15102481842041,42086000
XLE,2020-10-08,12.606285095214844,61126200
XLE,2020-10-09,12.404844284057617,51035800
XLE,2020-10-12,12.437074661254883,33369200
XLE,2020-10-13,12.24368953704834,50767600
XLE,2020-10-14,12.296063423156738,54488000
XLE,2020-10-15,12.445134162902832,40707800
XLE,2020-10-16,12.16311264038086,37423000
XLE,2020-10-19,11.905265808105469,50372000
XLE,2020-10-20,12.046273231506348,45980600
XLE,2020-10-21,11.816631317138672,49315200
XLE,2020-10-22,12.304121017456055,65648400
XLE,2020-10-23,12.24368953704834,49975400
XLE,2020-10-26,11.804545402526855,60802000
XLE,2020-10-27,11.651449203491211,43193600
XLE,2020-10-28,11.16395378112793,81098200
XLE,2020-10-29,11.50640869140625,74504200
XLE,2020-10-30,11.570870399475098,75799400
XLE,2020-11-02,11.9656982421875,83786200
XLE,2020-11-03,11.897208213806152,69755000
XLE,2020-11-04,11.913320541381836,87227400
XLE,2020-11-05,11.913320541381836,63591600
XLE,2020-11-06,11.655475616455078,66446400
XLE,2020-11-09,13.3193941116333,198713400
XLE,2020-11-10,13.750484466552734,146676200
XLE,2020-11-11,13.60947036743164,93085000
XLE,2020-11-12,13.170324325561523,77169600
XLE,2020-11-13,13.649758338928223,78865400
XLE,2020-11-16,14.548192977905273,95865400
XLE,2020-11-17,14.697260856628418,78020200
XLE,2020-11-18,14.270204544067383,82000400
XLE,2020-11-19,14.503876686096191,65872400
XLE,2020-11-20,14.427329063415527,39506400
XLE,2020-11-23,15.446633338928223,76324600
XLE,2020-11-24,16.240314483642578,106932000
XLE,2020-11-25,15.861601829528809,71352400
XLE,2020-11-27,15.676275253295898,37510800
XLE,2020-11-30,14.81007194519043,83087200
XLE,2020-12-01,14.878555297851562,68935600
XLE,2020-12-02,15.362022399902344,75483600
XLE,2020-12-03,15.523174285888672,72975400
XLE,2020-12-04,16.369237899780273,103700400
XLE,2020-12-07,15.986495018005371,69313200
XLE,2020-12-08,16.224197387695312,57854600
XLE,2020-12-09,16.260456085205078,86691800
XLE,2020-12-10,16.76003074645996,77604400
XLE,2020-12-11,16.566648483276367,56152200
XLE,2020-12-14,15.986495018005371,79884400
XLE,2020-12-15,16.300745010375977,58671800
XLE,2020-12-16,16.22016716003418,47628800
XLE,2020-12-17,16.143619537353516,46363400
XLE,2020-12-18,15.873686790466309,73140400
XLE,2020-12-21,15.567483901977539,80158800
XLE,2020-12-22,15.306184768676758,50185800
XLE,2020-12-23,15.64505672454834,53931800
XLE,2020-12-24,15.563399314880371,22903000
XLE,2020-12-28,15.465413093566895,37824600
XLE,2020-12-29,15.363348007202148,37968600
XLE,2020-12-30,15.604226112365723,56436600
XLE,2020-12-31,15.473584175109863,36309800
XLE,2021-01-04,15.498072624206543,67717600
XLE,2021-01-05,16.192142486572266,95473400
XLE,2021-01-06,16.686153411865234,86262800
XLE,2021-01-07,16.931116104125977,51457200
XLE,2021-01-08,16.910701751708984,62744000
XLE,2021-01-11,17.17608070373535,46890400
XLE,2021-01-12,17.7762451171875,87947200
XLE,2021-01-13,17.63743019104004,54764400
XLE,2021-01-14,18.160022735595703,83314600
XLE,2021-01-15,17.453706741333008,95497000
XLE,2021-01-19,17.80482292175293,55619400
XLE,2021-01-20,17.870147705078125,50725600
XLE,2021-01-21,17.265899658203125,59968000
XLE,2021-01-22,17.17608070373535,50444600
XLE,2021-01-25,17.000520706176758,81823200
XLE,2021-01-26,16.63715934753418,54999600
XLE,2021-01-27,16.412607192993164,99867200
XLE,2021-01-28,16.604494094848633,57248200
XLE,2021-01-29,16.053325653076172,63069000
XLE,2021-02-01,16.167640686035156,61021400
XLE,2021-02-02,16.343202590942383,63929000
XLE,2021-02-03,17.041349411010742,74385600
XLE,2021-02-04,17.229156494140625,48327800
XLE,2021-02-05,17.376136779785156,48196400
XLE,2021-02-08,18.102863311767578,62368200
XLE,2021-02-09,17.91097068786621,64798800
XLE,2021-02-10,18.253925323486328,58451000
XLE,2021-02-11,17.972213745117188,49632600
XLE,2021-02-12,18.237590789794922,47400800
XLE,2021-02-16,18.694860458374023,76593400
XLE,2021-02-17,18.972484588623047,68964400
XLE,2021-02-18,18.54379653930664,61360200
XLE,2021-02-19,18.85408592224121,54404200
XLE,2021-02-22,19.507320404052734,75644600
XLE,2021-02-23,19.829862594604492,98370800
XLE,2021-02-24,20.532093048095703,77748800
XLE,2021-02-25,20.13606834411621,75887800
XLE,2021-02-26,19.65838623046875,90308800
XLE,2021-03-01,20.168731689453125,69391600
XLE,2021-03-02,20.05849838256836,74468200
XLE,2021-03-03,20.352445602416992,82574400
XLE,2021-03-04,20.838293075561523,107573800
XLE,2021-03-05,21.618101119995117,112395800
XLE,2021-03-08,21.658924102783203,100610000
XLE,2021-03-09,21.279232025146484,118889600
XLE,2021-03-10,21.81814956665039,78416600
XLE,2021-03-11,21.82632064819336,50797400
XLE,2021-03-12,21.87122917175293,59786800
XLE,2021-03-15,21.622180938720703,60452600
XLE,2021-03-16,21.005685806274414,77287000
XLE,2021-03-17,21.16899871826172,64552200
XLE,2021-03-18,20.217716217041016,87207200
XLE,2021-03-19,20.221803665161133,81158600
XLE,2021-03-22,20.02787971496582,59561800
XLE,2021-03-23,19.734928131103516,103196200
XLE,2021-03-24,20.23005485534668,81630800
XLE,2021-03-25,20.3043270111084,80670200
XLE,2021-03-26,20.80770492553711,72348600
XLE,2021-03-29,20.56014633178711,47286200
XLE,2021-03-30,20.382720947265625,53392200
XLE,2021-03-31,20.24243927001953,48097400
XLE,2021-04-01,20.758193969726562,65039600
XLE,2021-04-05,20.2630615234375,53372200
XLE,2021-04-06,20.209428787231445,53257800
XLE,2021-04-07,20.279565811157227,49888600
XLE,2021-04-08,20.015501022338867,63766600
XLE,2021-04-09,19.88346290588379,44373400
XLE,2021-04-12,19.7266788482666,39196200
XLE,2021-04-13,19.74730682373047,44825400
XLE,2021-04-14,20.29607391357422,66767800
XLE,2021-04-15,20.131032943725586,49686200
XLE,2021-04-16,19.97011375427246,57189000
XLE,2021-04-19,19.949481964111328,40827800
XLE,2021-04-20,19.421344757080078,72574000
XLE,2021-04-21,19.668909072875977,56991000
XLE,2021-04-22,19.437854766845703,50062800
XLE,2021-04-23,19.615278244018555,33897800
XLE,2021-04-26,19.74730682373047,35891800
XLE,2021-04-27,19.98661994934082,42268800
XLE,2021-04-28,20.675670623779297,65874000
XLE,2021-04-29,20.90673065185547,66042400
XLE,2021-04-30,20.37859344482422,58519000
XLE,2021-05-03,20.939739227294922,45740000
XLE,2021-05-04,20.95211410522461,53917600
XLE,2021-05-05,21.628787994384766,79621200
XLE,2021-05-06,21.74019432067871,58710400
XLE,2021-05-07,22.128042221069336,63196200
XLE,2021-05-10,22.13629722595215,68998000
XLE,2021-05-11,21.566898345947266,113531800
XLE,2021-05-12,21.670047760009766,82195600
XLE,2021-05-13,21.405977249145508,79698200
XLE,2021-05-14,22.070276260375977,57183600
XLE,2021-05-17,22.581907272338867,67404200
XLE,2021-05-18,22.05790138244629,70435400
XLE,2021-05-19,21.509136199951172,87969600
XLE,2021-05-20,21.476125717163086,56522600
XLE,2021-05-21,21.52151107788086,50539800
XLE,2021-05-24,21.736066818237305,48020400
XLE,2021-05-25,21.294580459594727,48558600
XLE,2021-05-26,21.484375,39554400
XLE,2021-05-27,21.50088119506836,39053600
XLE,2021-05-28,21.54214096069336,37125400
XLE,2021-06-01,22.371475219726562,72570200
XLE,2021-06-02,22.788211822509766,67893400
XLE,2021-06-03,22.850101470947266,58761600
XLE,2021-06-04,23.002761840820312,52658800
XLE,2021-06-07,22.903738021850586,40070400
XLE,2021-06-08,23.10179328918457,57553000
XLE,2021-06-09,22.95738410949707,56052200
XLE,2021-06-10,22.92849349975586,57353800
XLE,2021-06-11,22.850101470947266,38091400
XLE,2021-06-14,22.751075744628906,37745000
XLE,2021-06-15,23.184310913085938,64285000
XLE,2021-06-16,23.060527801513672,60786400
XLE,2021-06-17,22.276582717895508,106941800
XLE,2021-06-18,21.616411209106445,113812200
XLE,2021-06-21,22.537588119506836,84366800
XLE,2021-06-22,22.687644958496094,48344400
XLE,2021-06-23,22.750165939331055,40553000
XLE,2021-06-24,22.946073532104492,41756800
XLE,2021-06-25,23.066951751708984,38330000
XLE,2021-06-28,22.287498474121094,65702800
XLE,2021-06-29,22.179122924804688,31911000
XLE,2021-06-30,22.454221725463867,47034000
XLE,2021-07-01,22.846036911010742,47251600
XLE,2021-07-02,22.796018600463867,30471800
XLE,2021-07-06,22.0540714263916,68446200
XLE,2021-07-07,21.695608139038086,60823800
XLE,2021-07-08,21.570558547973633,49379800
XLE,2021-07-09,22.029062271118164,51206000
XLE,2021-07-12,21.9957218170166,41353000
XLE,2021-07-13,21.82899284362793,49786800
XLE,2021-07-14,21.178747177124023,66999400
XLE,2021-07-15,20.882802963256836,59670800
XLE,2021-07-16,20.29091453552246,74253800
XLE,2021-07-19,19.5739803314209,114994800
XLE,2021-07-20,19.836578369140625,83342000
XLE,2021-07-21,20.528507232666016,82042600
XLE,2021-07-22,20.299253463745117,47270000
XLE,2021-07-23,20.224225997924805,46951800
XLE,2021-07-26,20.724409103393555,47266200
XLE,2021-07-27,20.53267478942871,46888400
XLE,2021-07-28,20.72024154663086,39169200
XLE,2021-07-29,20.920318603515625,43794000
XLE,2021-07-30,20.58685874938965,49600600
XLE,2021-08-02,20.432636260986328,57810800
XLE,2021-08-03,20.782764434814453,64302000
XLE,2021-08-04,20.220056533813477,64523800
XLE,2021-08-05,20.44931411743164,45800000
XLE,2021-08-06,20.636877059936523,36214800
XLE,2021-08-09,20.34510040283203,42193400
XLE,2021-08-10,20.703569412231445,53283000
XLE,2021-08-11,20.866130828857422,47686200
XLE,2021-08-12,20.845291137695312,36517200
XLE,2021-08-13,20.599367141723633,33050800
XLE,2021-08-16,20.220056533813477,48258400
XLE,2021-08-17,20.011646270751953,51108200
XLE,2021-08-18,19.59482192993164,56305800
XLE,2021-08-19,19.0862979888916,99256200
XLE,2021-08-20,19.12797737121582,61587600
XLE,2021-08-23,19.844919204711914,58704400
XLE,2021-08-24,20.174205780029297,45382200
XLE,2021-08-25,20.32843017578125,39817600
XLE,2021-08-26,20.019983291625977,41465400
XLE,2021-08-27,20.553508758544922,46202600
XLE,2021-08-30,20.31175994873047,31817800
XLE,2021-08-31,20.174205780029297,53873200
XLE,2021-09-01,19.878259658813477,63459800
XLE,2021-09-02,20.382614135742188,61635400
XLE,2021-09-03,20.265905380249023,39162800
XLE,2021-09-07,20.145030975341797,42472800
XLE,2021-09-08,19.8865966796875,43798400
XLE,2021-09-09,19.928281784057617,50529600
XLE,2021-09-10,19.919944763183594,37513000
XLE,2021-09-13,20.490991592407227,68499600
XLE,2021-09-14,20.19504737854004,58935800
XLE,2021-09-15,20.949491500854492,76695000
XLE,2021-09-16,20.711904525756836,60643800
XLE,2021-09-17,20.55767822265625,64459000
XLE,2021-09-20,19.929916381835938,85660000
XLE,2021-09-21,19.976322174072266,51323400
XLE,2021-09-22,20.592275619506836,79252200
XLE,2021-09-23,21.31370735168457,49734200
XLE,2021-09-24,21.474018096923828,55503000
XLE,2021-09-27,22.237634658813477,81697400
XLE,2021-09-28,22.313573837280273,132975200
XLE,2021-09-29,22.313573837280273,69894400
XLE,2021-09-30,21.976062774658203,89198800
XLE,2021-10-01,22.714366912841797,83312000
XLE,2021-10-04,23.08562469482422,114815800
XLE,2021-10-05,23.22062873840332,98029600
XLE,2021-10-06,22.975933074951172,100174800
XLE,2021-10-07,23.15312957763672,77596200
XLE,2021-10-08,23.866119384765625,86200400
XLE,2021-10-11,23.77752113342285,86021400
XLE,2021-10-12,23.798614501953125,71038200
XLE,2021-10-13,23.77752113342285,57902600
XLE,2021-10-14,24.068622589111328,46786600
XLE,2021-10-15,24.186748504638672,45354800
XLE,2021-10-18,24.203624725341797,65257600
XLE,2021-10-19,24.477853775024414,44552600
XLE,2021-10-20,24.67613983154297,50212600
XLE,2021-10-21,24.220497131347656,64241800
XLE,2021-10-22,24.448320388793945,43005000
XLE,2021-10-25,24.806921005249023,50112200
XLE,2021-10-26,24.950359344482422,45503200
XLE,2021-10-27,24.233156204223633,68007600
XLE,2021-10-28,24.406131744384766,46735000
XLE,2021-10-29,24.24581527709961,43997800
XLE,2021-11-01,24.66347885131836,49656800
XLE,2021-11-02,24.431442260742188,34125400
XLE,2021-11-03,24.22893524169922,46674800
XLE,2021-11-04,24.262691497802734,76363200
XLE,2021-11-05,24.579105377197266,45207000
XLE,2021-11-08,24.802705764770508,40022400
XLE,2021-11-09,24.903955459594727,39378000
XLE,2021-11-10,24.24581527709961,72033000
XLE,2021-11-11,24.33863067626953,48996600
XLE,2021-11-12,24.279565811157227,34190000
XLE,2021-11-15,24.482074737548828,42751400
XLE,2021-11-16,24.520034790039062,40958800
XLE,2021-11-17,24.144556045532227,47339000
XLE,2021-11-18,24.00111961364746,57911000
XLE,2021-11-19,23.064533233642578,91379600
XLE,2021-11-22,23.473764419555664,67785800
XLE,2021-11-23,24.19518280029297,67724600
XLE,2021-11-24,24.431442260742188,42868600
XLE,2021-11-26,23.448448181152344,89454400
XLE,2021-11-29,23.583450317382812,70882400
XLE,2021-11-30,23.030780792236328,92524000
XLE,2021-12-01,22.78608512878418,89549600
XLE,2021-12-02,23.448448181152344,100743800
XLE,2021-12-03,23.262815475463867,75880200
XLE,2021-12-06,23.608760833740234,63939000
XLE,2021-12-07,24.16143798828125,73686600
XLE,2021-12-08,24.157215118408203,47030000
XLE,2021-12-09,23.971588134765625,46798800
XLE,2021-12-10,24.148778915405273,39051200
XLE,2021-12-13,23.477983474731445,57208000
XLE,2021-12-14,23.380945205688477,57597600
XLE,2021-12-15,23.26703643798828,67716200
XLE,2021-12-16,23.41469383239746,53731800
XLE,2021-12-17,22.937963485717773,69270200
XLE,2021-12-20,22.653778076171875,72661600
XLE,2021-12-21,23.29907989501953,50319400
XLE,2021-12-22,23.448644638061523,42206200
XLE,2021-12-23,23.461469650268555,33370600
XLE,2021-12-27,23.974285125732422,43484400
XLE,2021-12-28,23.95719337463379,35877000
XLE,2021-12-29,23.803348541259766,30218200
XLE,2021-12-30,23.658050537109375,27180000
XLE,2021-12-31,23.717876434326172,26482400
XLE,2022-01-03,24.452919006347656,65054200
XLE,2022-01-04,25.299068450927734,79957600
XLE,2022-01-05,25.294797897338867,90804000
XLE,2022-01-06,25.8588924407959,74681400
XLE,2022-01-07,26.21359634399414,71169200
XLE,2022-01-10,26.13239860534668,66473000
XLE,2022-01-11,27.02128791809082,76887800
XLE,2022-01-12,27.072568893432617,60496800
XLE,2022-01-13,26.935819625854492,59554000
XLE,2022-01-14,27.568296432495117,64801000
XLE,2022-01-18,27.679401397705078,82133400
XLE,2022-01-19,27.478551864624023,65978000
XLE,2022-01-20,27.22641944885254,83980800
XLE,2022-01-21,26.68795394897461,114539600
XLE,2022-01-24,26.867443084716797,124505600
XLE,2022-01-25,27.910173416137695,118434400
XLE,2022-01-26,27.86316680908203,130725400
XLE,2022-01-27,28.16658592224121,108901400
XLE,2022-01-28,28.046918869018555,105302400
XLE,2022-01-31,28.170856475830078,63298400
XLE,2022-02-01,29.175121307373047,90444600
XLE,2022-02-02,29.26914405822754,65197000
XLE,2022-02-03,28.991365432739258,61962600
XLE,2022-02-04,29.444358825683594,81733400
XLE,2022-02-07,29.820417404174805,65165000
XLE,2022-02-08,29.17940330505371,75764200
XLE,2022-02-09,29.422985076904297,70791400
XLE,2022-02-10,29.23923110961914,75643200
XLE,2022-02-11,30.08965301513672,93034000
XLE,2022-02-14,29.38025665283203,99633000
XLE,2022-02-15,29.072561264038086,86092200
XLE,2022-02-16,29.307605743408203,73444200
XLE,2022-02-17,29.260601043701172,67622800
XLE,2022-02-18,29.081119537353516,63291600
XLE,2022-02-22,28.611024856567383,93002800
XLE,2022-02-23,28.90589141845703,67958000
XLE,2022-02-24,28.679399490356445,123485800
XLE,2022-02-25,29.43581199645996,78423000
XLE,2022-02-28,30.16230583190918,96394200
XLE,2022-03-01,30.465721130371094,124231000
XLE,2022-03-02,31.16229820251465,90908200
XLE,2022-03-03,31.247774124145508,89119800
XLE,2022-03-04,32.149471282958984,105216800
XLE,2022-03-07,32.623836517333984,131214800
XLE,2022-03-08,33.136653900146484,196054400
XLE,2022-03-09,32.12383270263672,174036400
XLE,2022-03-10,33.10674285888672,137802600
XLE,2022-03-11,32.84178924560547,91837800
XLE,2022-03-14,31.858882904052734,101490000
XLE,2022-03-15,30.692214965820312,124724400
XLE,2022-03-16,30.551183700561523,107536200
XLE,2022-03-17,31.602466583251953,76956400
XLE,2022-03-18,31.572553634643555,58550800
XLE,2022-03-21,32.84530258178711,68714800
XLE,2022-03-22,32.60369110107422,66462200
XLE,2022-03-23,33.16455841064453,58663000
XLE,2022-03-24,33.24653244018555,52700600
XLE,2022-03-25,33.97564697265625,56083600
XLE,2022-03-28,33.13436508178711,69760400
XLE,2022-03-29,33.04806900024414,73274000
XLE,2022-03-30,33.43204879760742,49736400
XLE,2022-03-31,32.97904586791992,65606600
XLE,2022-04-01,33.24653244018555,49612600
XLE,2022-04-04,33.28968048095703,46007400
XLE,2022-04-05,32.76762771606445,54577200
XLE,2022-04-06,32.96178436279297,64328400
XLE,2022-04-07,33.39321517944336,54097400
XLE,2022-04-08,34.31217575073242,53426200
XLE,2022-04-11,33.28105163574219,52461000
XLE,2022-04-12,33.833290100097656,63929400
XLE,2022-04-13,34.33805847167969,49295800
XLE,2022-04-14,34.450233459472656,51869400
XLE,2022-04-18,34.955020904541016,60913200
XLE,2022-04-19,34.6702766418457,45727800
XLE,2022-04-20,34.804019927978516,52079400
XLE,2022-04-21,33.69954299926758,65157800
XLE,2022-04-22,32.875492095947266,71499200
XLE,2022-04-25,31.78827476501465,110724400
XLE,2022-04-26,31.831409454345703,89168600
XLE,2022-04-27,32.29736328125,89132600
XLE,2022-04-28,33.2767333984375,87469600
XLE,2022-04-29,32.422489166259766,79416200
XLE,2022-05-02,32.94020462036133,104141200
XLE,2022-05-03,33.86347961425781,83298800
XLE,2022-05-04,35.26996994018555,90767400
XLE,2022-05-05,34.73929977416992,93194000
XLE,2022-05-06,35.77474594116211,94245600
XLE,2022-05-09,32.81509017944336,106044000
XLE,2022-05-10,33.112789154052734,113727800
XLE,2022-05-11,33.557159423828125,99705000
XLE,2022-05-12,33.69954299926758,90043600
XLE,2022-05-13,34.85147476196289,59437400
XLE,2022-05-16,35.770442962646484,56518800
XLE,2022-05-17,36.18461608886719,56329400
XLE,2022-05-18,35.25702667236328,66461400
XLE,2022-05-19,35.127593994140625,71441000
XLE,2022-05-20,35.27859878540039,63840000
XLE,2022-05-23,36.210506439208984,53289400
XLE,2022-05-24,36.34855651855469,53127600
XLE,2022-05-25,37.09925842285156,52648000
XLE,2022-05-26,37.50912857055664,42678200
XLE,2022-05-27,38.19511413574219,37334400
XLE,2022-05-31,37.62130355834961,78681200
XLE,2022-06-01,38.23394012451172,59297200
XLE,2022-06-02,38.11314010620117,52605400
XLE,2022-06-03,38.617916107177734,41050600
XLE,2022-06-06,38.57477569580078,33384600
XLE,2022-06-07,39.726707458496094,51378800
XLE,2022-06-08,39.81300735473633,56985400
XLE,2022-06-09,38.93286895751953,49176200
XLE,2022-06-10,38.27276611328125,62543600
XLE,2022-06-13,36.27522277832031,89462600
XLE,2022-06-14,36.34425735473633,69512800
XLE,2022-06-15,35.54177474975586,86446400
XLE,2022-06-16,33.5399055480957,115958200
XLE,2022-06-17,31.706298828125,128468400
XLE,2022-06-21,33.348880767822266,70013400
XLE,2022-06-22,32.01387405395508,82425200
XLE,2022-06-23,30.827211380004883,113842200
XLE,2022-06-24,31.232940673828125,94797000
XLE,2022-06-27,32.14911651611328,67958800
XLE,2022-06-28,33.017303466796875,79568000
XLE,2022-06-29,31.86990737915039,71184000
XLE,2022-06-30,31.198040008544922,75533400
XLE,2022-07-01,31.664857864379883,69204000
XLE,2022-07-05,30.408382415771484,89865800
XLE,2022-07-06,29.88921356201172,96419000
XLE,2022-07-07,30.966812133789062,67587200
XLE,2022-07-08,30.953718185424805,43940600
XLE,2022-07-11,30.657054901123047,45508200
XLE,2022-07-12,30.05936050415039,64690200
XLE,2022-07-13,30.011371612548828,58978000
XLE,2022-07-14,29.444210052490234,73273600
XLE,2022-07-15,29.924116134643555,59920600
XLE,2022-07-18,30.60906982421875,51453600
XLE,2022-07-19,31.551424026489258,48776400
XLE,2022-07-20,31.8568115234375,41849400
XLE,2022-07-21,31.298377990722656,43159200
XLE,2022-07-22,31.040977478027344,40836400
XLE,2022-07-25,32.17966079711914,39112000
XLE,2022-07-26,31.887351989746094,37228800
XLE,2022-07-27,32.607208251953125,44810800
XLE,2022-07-28,32.79043960571289,46665400
XLE,2022-07-29,34.21270751953125,51667600
XLE,2022-08-01,33.505943298339844,51331000
XLE,2022-08-02,33.42741012573242,39864400
XLE,2022-08-03,32.46760559082031,57013200
XLE,2022-08-04,31.263477325439453,55991000
XLE,2022-08-05,31.882991790771484,45179600
XLE,2022-08-08,32.04877471923828,37756600
XLE,2022-08-09,32.611572265625,34683000
XLE,2022-08-10,32.84716033935547,34788400
XLE,2022-08-11,33.977108001708984,60531600
XLE,2022-08-12,34.23451614379883,38381000
XLE,2022-08-15,33.5670166015625,42024400
XLE,2022-08-16,33.488487243652344,39357600
XLE,2022-08-17,33.767704010009766,45472400
XLE,2022-08-18,34.67515182495117,46866000
XLE,2022-08-19,34.66642379760742,39488400
XLE,2022-08-22,34.600990295410156,45696200
XLE,2022-08-23,35.84873580932617,54367000
XLE,2022-08-24,36.28936767578125,49093200
XLE,2022-08-25,36.5685920715332,39798600
XLE,2022-08-26,36.14104461669922,38635200
XLE,2022-08-29,36.68637466430664,52125000
XLE,2022-08-30,35.442989349365234,57641800
XLE,2022-08-31,35.120155334472656,58304600
XLE,2022-09-01,34.25632858276367,56604200
XLE,2022-09-02,34.884559631347656,57188200
XLE,2022-09-06,34.56171798706055,45568200
XLE,2022-09-07,34.16035079956055,60541400
XLE,2022-09-08,34.308677673339844,53681600
XLE,2022-09-09,35.16378402709961,38678800
XLE,2022-09-12,35.80946350097656,41731800
XLE,2022-09-13,34.9063835144043,61146000
XLE,2022-09-14,35.892364501953125,54384200
XLE,2022-09-15,34.96746826171875,55886400
XLE,2022-09-16,34.22142791748047,70403600
XLE,2022-09-19,34.241722106933594,37625800
XLE,2022-09-20,34.003562927246094,42299600
XLE,2022-09-21,33.50519561767578,68705800
XLE,2022-09-22,33.386104583740234,57748000
XLE,2022-09-23,31.083925247192383,105475600
XLE,2022-09-26,30.320945739746094,72159600
XLE,2022-09-27,30.660533905029297,67671200
XLE,2022-09-28,32.01891326904297,63147600
XLE,2022-09-29,32.01891326904297,48563000
XLE,2022-09-30,31.763111114501953,43369400
XLE,2022-10-03,33.55811309814453,69550600
XLE,2022-10-04,35.00029373168945,66330800
XLE,2022-10-05,35.72357940673828,61273600
XLE,2022-10-06,36.358673095703125,52670200
XLE,2022-10-07,36.076412200927734,56915400
XLE,2022-10-10,35.33546447753906,46331600
XLE,2022-10-11,35.053218841552734,53842200
XLE,2022-10-12,35.33546447753906,41102400
XLE,2022-10-13,36.77764892578125,70134800
XLE,2022-10-14,35.40603256225586,53494600
XLE,2022-10-17,35.847068786621094,37988400
XLE,2022-10-18,36.160194396972656,50375800
XLE,2022-10-19,37.22749710083008,62527600
XLE,2022-10-20,37.26278305053711,50523600
XLE,2022-10-21,38.33890151977539,50548400
XLE,2022-10-24,38.51972198486328,44992000
XLE,2022-10-25,38.55942153930664,37683600
XLE,2022-10-26,39.08424758911133,45413000
XLE,2022-10-27,39.22537612915039,50021200
XLE,2022-10-28,39.36209487915039,49328000
XLE,2022-10-31,39.69287109375,59520800
XLE,2022-11-01,40.07657241821289,43510800
XLE,2022-11-02,39.1107063293457,56499200
XLE,2022-11-03,39.83399963378906,53634400
XLE,2022-11-04,40.31913375854492,60590600
XLE,2022-11-07,41.01155090332031,38775400
XLE,2022-11-08,41.051246643066406,43718600
XLE,2022-11-09,39.0445442199707,63028000
XLE,2022-11-10,39.91338348388672,58488200
XLE,2022-11-11,41.073299407958984,51082600
XLE,2022-11-14,41.060062408447266,46245200
XLE,2022-11-15,41.49228286743164,51542200
XLE,2022-11-16,40.64550018310547,47277200
XLE,2022-11-17,40.73370361328125,42859800
XLE,2022-11-18,40.41175079345703,47366200
XLE,2022-11-21,39.864871978759766,85153600
XLE,2022-11-22,41.11299133300781,53755000
XLE,2022-11-23,40.66754913330078,41197400
XLE,2022-11-25,40.517608642578125,15182600
XLE,2022-11-28,39.40619659423828,58262400
XLE,2022-11-29,40.0015869140625,38048400
XLE,2022-11-30,40.2000617980957,43830200
XLE,2022-12-01,40.067745208740234,38902000
XLE,2022-12-02,39.82958221435547,36770000
XLE,2022-12-05,38.64762496948242,51753800
XLE,2022-12-06,37.62883758544922,64930200
XLE,2022-12-07,37.540626525878906,48894200
XLE,2022-12-08,37.373046875,51280800
XLE,2022-12-09,36.46451187133789,48097800
XLE,2022-12-12,37.42155456542969,42184800
XLE,2022-12-13,38.13161849975586,54557400
XLE,2022-12-14,37.89786911010742,52675600
XLE,2022-12-15,37.66852951049805,40406600
XLE,2022-12-16,37.2054557800293,59101000
XLE,2022-12-19,37.200992584228516,36836600
XLE,2022-12-20,37.762413024902344,28593000
XLE,2022-12-21,38.47978973388672,34058200
XLE,2022-12-22,37.59309768676758,37359400
XLE,2022-12-23,38.79169464111328,29630000
XLE,2022-12-27,39.20607376098633,32749200
XLE,2022-12-28,38.32829666137695,31838000
XLE,2022-12-29,38.729312896728516,26915800
XLE,2022-12-30,38.97438430786133,22661800
XLE,2023-01-03,37.60646438598633,53082800
XLE,2023-01-04,37.60200500488281,45705200
XLE,2023-01-05,38.28819274902344,38723800
XLE,2023-01-06,39.01448440551758,44422400
XLE,2023-01-09,38.87635040283203,46003200
XLE,2023-01-10,39.15261459350586,31599000
XLE,2023-01-11,39.27291488647461,32903000
XLE,2023-01-12,40.02147674560547,36716000
XLE,2023-01-13,40.07940673828125,31808400
XLE,2023-01-17,40.164058685302734,33933200
XLE,2023-01-18,39.42886734008789,38075200
XLE,2023-01-19,39.91899871826172,34293800
XLE,2023-01-20,40.31555938720703,28560000
XLE,2023-01-23,40.369022369384766,29305000
XLE,2023-01-24,40.213077545166016,30755200
XLE,2023-01-25,40.217533111572266,26861200
XLE,2023-01-26,41.487422943115234,36663000
XLE,2023-01-27,40.64973831176758,34841000
XLE,2023-01-30,39.71848678588867,27525000
XLE,2023-01-31,40.07048797607422,27848200
XLE,2023-02-01,39.28183364868164,46967200
XLE,2023-02-02,38.386226654052734,49803000
XLE,2023-02-03,38.301570892333984,45454800
XLE,2023-02-06,38.12779235839844,31714400
XLE,2023-02-07,39.366485595703125,41014000
XLE,2023-02-08,39.01448440551758,26967200
XLE,2023-02-09,38.6802978515625,32150400
XLE,2023-02-10,40.195255279541016,40003200
XLE,2023-02-13,40.092769622802734,24744800
XLE,2023-02-14,40.106143951416016,27022600
XLE,2023-02-15,39.424415588378906,31939600
XLE,2023-02-16,39.03675842285156,25314200
XLE,2023-02-17,37.64657211303711,44680400
XLE,2023-02-21,37.45943069458008,33622600
XLE,2023-02-22,37.20990753173828,40270400
XLE,2023-02-23,37.77132797241211,35023400
XLE,2023-02-24,37.722312927246094,37496800
XLE,2023-02-27,37.83370590209961,30676400
XLE,2023-02-28,37.29010772705078,38007600
XLE,2023-03-01,38.02530288696289,37094000
XLE,2023-03-02,38.359493255615234,32798600
XLE,2023-03-03,38.88080978393555,50675200
XLE,2023-03-06,38.89863586425781,33898400
XLE,2023-03-07,38.22136306762695,37000400
XLE,2023-03-08,37.829254150390625,39399000
XLE,2023-03-09,37.29456329345703,37888200
XLE,2023-03-10,36.817806243896484,56624800
XLE,2023-03-13,36.069236755371094,83327000
XLE,2023-03-14,36.425689697265625,61066400
XLE,2023-03-15,34.46961975097656,115347000
XLE,2023-03-16,34.843902587890625,88790400
XLE,2023-03-17,34.29585266113281,67351600
XLE,2023-03-20,34.98243713378906,52288800
XLE,2023-03-21,36.19355010986328,59712400
XLE,2023-03-22,35.42366409301758,49209400
XLE,2023-03-23,34.932918548583984,49486200
XLE,2023-03-24,35.067989349365234,41298000
XLE,2023-03-27,35.81535720825195,40223800
XLE,2023-03-28,36.369136810302734,32596800
XLE,2023-03-29,36.873390197753906,36204600
XLE,2023-03-30,37.03546142578125,27460800
XLE,2023-03-31,37.29208755493164,32294600
XLE,2023-04-03,38.980438232421875,62452200
XLE,2023-04-04,38.273590087890625,49363000
XLE,2023-04-05,38.84987258911133,40552200
XLE,2023-04-06,38.26007080078125,33378600
XLE,2023-04-10,38.566226959228516,26977200
XLE,2023-04-11,38.930908203125,25575200
XLE,2023-04-12,38.957923889160156,33334400
XLE,2023-04-13,39.2010498046875,31384600
XLE,2023-04-14,39.27308654785156,23560200
XLE,2023-04-17,38.80935287475586,23762000
XLE,2023-04-18,38.96242141723633,24493600
XLE,2023-04-19,38.82735824584961,34246200
XLE,2023-04-20,38.48518753051758,30396200
XLE,2023-04-21,38.26007080078125,33757600
XLE,2023-04-24,38.84537124633789,25251800
XLE,2023-04-25,38.116004943847656,30665200
XLE,2023-04-26,37.60725021362305,40070000
XLE,2023-04-27,37.74231719970703,34114600
XLE,2023-04-28,38.327613830566406,38228600
XLE,2023-05-01,37.89539337158203,27821400
XLE,2023-05-02,36.24757766723633,67648000
XLE,2023-05-03,35.563232421875,59367600
XLE,2023-05-04,35.167030334472656,52861000
XLE,2023-05-05,36.12151336669922,39073400
XLE,2023-05-08,36.12151336669922,32711800
XLE,2023-05-09,36.13501739501953,41421200
XLE,2023-05-10,35.72532272338867,36052000
XLE,2023-05-11,35.297603607177734,38168200
XLE,2023-05-12,35.35162353515625,37913200
XLE,2023-05-15,35.531715393066406,32544600
XLE,2023-05-16,34.65828323364258,44511200
XLE,2023-05-17,35.32461166381836,46200600
XLE,2023-05-18,35.58123779296875,33154200
XLE,2023-05-19,35.85588455200195,36122200
XLE,2023-05-22,35.70730972290039,26943600
XLE,2023-05-23,36.08999252319336,42803800
XLE,2023-05-24,36.24757766723633,33474200
XLE,2023-05-25,35.603755950927734,38251000
XLE,2023-05-26,35.46418380737305,28785800
XLE,2023-05-30,35.09949493408203,40331600
XLE,2023-05-31,34.482688903808594,44797600
XLE,2023-06-01,34.910400390625,51623600
XLE,2023-06-02,35.97294235229492,55278800
XLE,2023-06-05,35.734317779541016,37826200
XLE,2023-06-06,36.022464752197266,34750800
XLE,2023-06-07,36.976932525634766,60654200
XLE,2023-06-08,36.819358825683594,46155200
XLE,2023-06-09,36.616756439208984,38387000
XLE,2023-06-12,36.26559066772461,36387000
XLE,2023-06-13,36.43666458129883,40136400
XLE,2023-06-14,36.06298065185547,47605400
XLE,2023-06-15,36.45918273925781,46777000
XLE,2023-06-16,36.405155181884766,47461800
XLE,2023-06-20,35.59033203125,42552000
XLE,2023-06-21,35.87193298339844,34473800
XLE,2023-06-22,35.3904914855957,33507400
XLE,2023-06-23,35.136138916015625,34905200
XLE,2023-06-26,35.76746368408203,32488600
XLE,2023-06-27,35.84922790527344,28388400
XLE,2023-06-28,36.212581634521484,32903200
XLE,2023-06-29,36.630435943603516,28435800
XLE,2023-06-30,36.86660385131836,35970600
XLE,2023-07-03,36.95290756225586,19539800
XLE,2023-07-05,36.74851608276367,32557400
XLE,2023-07-06,35.92189025878906,41967800
XLE,2023-07-07,36.694007873535156,48916000
XLE,2023-07-10,36.98015213012695,30925000
XLE,2023-07-11,37.79315948486328,39642000
XLE,2023-07-12,38.14288330078125,43077600
XLE,2023-07-13,37.99754333496094,53226400
XLE,2023-07-14,36.993778228759766,43988200
XLE,2023-07-17,36.92110824584961,32445800
XLE,2023-07-18,37.29355239868164,43209400
XLE,2023-07-19,37.511558532714844,37521000
XLE,2023-07-20,37.952125549316406,35449800
XLE,2023-07-21,38.28822708129883,31529000
XLE,2023-07-24,38.90591812133789,44539600
XLE,2023-07-25,39.11030578613281,33606600
XLE,2023-07-26,39.12393569946289,32788000
XLE,2023-07-27,38.87412643432617,35550600
XLE,2023-07-28,38.99222183227539,34627800
XLE,2023-07-31,39.732547760009766,36266400
XLE,2023-08-01,39.54633712768555,35766000
XLE,2023-08-02,39.02854919433594,45920000
XLE,2023-08-03,39.423702239990234,41630600
XLE,2023-08-04,39.47820281982422,43208200
XLE,2023-08-07,39.523616790771484,26821600
XLE,2023-08-08,39.71892547607422,37237200
XLE,2023-08-09,40.21853256225586,52085600
XLE,2023-08-10,40.2139892578125,39226600
XLE,2023-08-11,40.83169174194336,46689200
XLE,2023-08-14,40.65909957885742,30189400
XLE,2023-08-15,39.81430435180664,44982400
XLE,2023-08-16,39.4691162109375,37995400
XLE,2023-08-17,39.94147872924805,40464200
XLE,2023-08-18,40.33662033081055,35307200
XLE,2023-08-21,40.082271575927734,30488400
XLE,2023-08-22,39.7734260559082,25732800
XLE,2023-08-23,39.67350387573242,38798600
XLE,2023-08-24,39.40098571777344,33455000
XLE,2023-08-25,39.78250503540039,38036800
XLE,2023-08-28,40.050479888916016,25718200
XLE,2023-08-29,40.159488677978516,27019400
XLE,2023-08-30,40.35933303833008,27890200
XLE,2023-08-31,40.386573791503906,29617400
XLE,2023-09-01,41.21321105957031,35764200
XLE,2023-09-05,41.43122482299805,48737400
XLE,2023-09-06,41.44939041137695,40324200
XLE,2023-09-07,41.40850830078125,30729200
XLE,2023-09-08,41.80819320678711,34739000
XLE,2023-09-11,41.258628845214844,44095000
XLE,2023-09-12,42.230594635009766,53599400
XLE,2023-09-13,41.912662506103516,36315400
XLE,2023-09-14,42.4031867980957,37099800
XLE,2023-09-15,41.7900276184082,49612800
XLE,2023-09-18,42.144168853759766,33746600
XLE,2023-09-19,41.75068283081055,36264400
XLE,2023-09-20,41.36177444458008,35930400
XLE,2023-09-21,40.7944221496582,43446200
XLE,2023-09-22,40.8630485534668,42067400
XLE,2023-09-25,41.37549591064453,35073800
XLE,2023-09-26,41.1375732421875,33460000
XLE,2023-09-27,42.16246795654297,46289400
XLE,2023-09-28,42.208221435546875,48462800
XLE,2023-09-29,41.3571891784668,48369200
XLE,2023-10-02,40.533626556396484,50599800
XLE,2023-10-03,40.506168365478516,41466600
XLE,2023-10-04,39.23419952392578,59572400
XLE,2023-10-05,38.99170684814453,47037000
XLE,2023-10-06,39.22505569458008,51481000
XLE,2023-10-09,40.533626556396484,61489000
XLE,2023-10-10,40.58395004272461,41700600
XLE,2023-10-11,40.062347412109375,47145400
XLE,2023-10-12,40.10810852050781,39986400
XLE,2023-10-13,40.99116516113281,48511800
XLE,2023-10-16,41.26568603515625,38365200
XLE,2023-10-17,41.69578170776367,40424000
XLE,2023-10-18,42.07553482055664,47616800
XLE,2023-10-19,42.00233459472656,63297000
XLE,2023-10-20,41.2977180480957,46549600
XLE,2023-10-23,40.62969970703125,51888200
XLE,2023-10-24,40.057777404785156,44271600
XLE,2023-10-25,39.98457336425781,41412600
XLE,2023-10-26,39.67344284057617,44770400
XLE,2023-10-27,38.72175598144531,53809400
XLE,2023-10-30,38.84986877441406,45530600
XLE,2023-10-31,38.97798538208008,37205600
XLE,2023-11-01,38.886470794677734,46082600
XLE,2023-11-02,40.062347412109375,45323000
XLE,2023-11-03,39.65971755981445,47235000
XLE,2023-11-06,39.21131896972656,41035400
XLE,2023-11-07,38.34199523925781,47550200
XLE,2023-11-08,37.861576080322266,50742000
XLE,2023-11-09,37.74720001220703,38232200
XLE,2023-11-10,38.16355514526367,34565600
XLE,2023-11-13,38.438079833984375,28447400
XLE,2023-11-14,38.7812385559082,34724000
XLE,2023-11-15,38.70802307128906,33043600
XLE,2023-11-16,37.95307922363281,53166000
XLE,2023-11-17,38.74920654296875,48850800
XLE,2023-11-20,38.804107666015625,29093800
XLE,2023-11-21,38.71717834472656,26973800
XLE,2023-11-22,38.69886779785156,36547200
XLE,2023-11-24,38.85901641845703,19152600
XLE,2023-11-27,38.72175598144531,24501800
XLE,2023-11-28,38.73090744018555,28921800
XLE,2023-11-29,38.44265365600586,45268000
XLE,2023-11-30,38.69886779785156,58364600
XLE,2023-12-01,38.90019989013672,43048000
XLE,2023-12-04,38.72175598144531,37070200
XLE,2023-12-05,38.044586181640625,37747200
XLE,2023-12-06,37.477237701416016,62306600
XLE,2023-12-07,37.22101974487305,40908800
XLE,2023-12-08,37.6236572265625,34127200
XLE,2023-12-11,37.66940689086914,29344200
XLE,2023-12-12,37.152381896972656,45386600
XLE,2023-12-13,37.66940689086914,46445600
XLE,2023-12-14,38.77665710449219,60717400
XLE,2023-12-15,38.57077407836914,46366400
XLE,2023-12-18,38.88581085205078,42447200
XLE,2023-12-19,39.35236740112305,36862400
XLE,2023-12-20,38.987430572509766,39818200
XLE,2023-12-21,39.13987350463867,26062800
XLE,2023-12-22,39.25535583496094,25037800
XLE,2023-12-26,39.592567443847656,25983400
XLE,2023-12-27,39.41703796386719,20238200
XLE,2023-12-28,38.8165168762207,26198000
XLE,2023-12-29,38.72875213623047,24345400
XLE,2024-01-02,39.14448928833008,39301800
XLE,2024-01-03,39.78196716308594,37936000
XLE,2024-01-04,39.08443832397461,42049000
XLE,2024-01-05,39.11677169799805,34029200
XLE,2024-01-08,38.66407775878906,47218600
XLE,2024-01-09,38.04508590698242,33750400
XLE,2024-01-10,37.67091751098633,33159800
XLE,2024-01-11,37.767921447753906,38588600
XLE,2024-01-12,38.19289779663086,38769200
XLE,2024-01-16,37.28288269042969,36031200
XLE,2024-01-17,36.973392486572266,39284200
XLE,2024-01-18,36.913333892822266,35705600
XLE,2024-01-19,37.0334358215332,39940200
XLE,2024-01-22,37.172027587890625,30136800
XLE,2024-01-23,37.250545501708984,24709200
XLE,2024-01-24,37.781776428222656,33841000
XLE,2024-01-25,38.63174057006836,37609400
XLE,2024-01-26,38.91814422607422,36469600
XLE,2024-01-29,38.862709045410156,29680600
XLE,2024-01-30,39.264591217041016,35341200
XLE,2024-01-31,38.53011703491211,38580800
XLE,2024-02-01,38.52549362182617,51101400
XLE,2024-02-02,38.580928802490234,38075000
XLE,2024-02-05,38.48392105102539,31593600
XLE,2024-02-06,38.608638763427734,28056200
XLE,2024-02-07,38.68716812133789,26920400
XLE,2024-02-08,39.08443832397461,36201000
XLE,2024-02-09,38.48392105102539,38073400
XLE,2024-02-12,38.90890121459961,25893800
XLE,2024-02-13,38.51625442504883,41156800
XLE,2024-02-14,38.47930908203125,40894600
XLE,2024-02-15,39.55099105834961,43364400
XLE,2024-02-16,39.527896881103516,26960800
XLE,2024-02-20,39.1675910949707,28995600
XLE,2024-02-21,39.90206527709961,28745800
XLE,2024-02-22,39.97135925292969,35206800
XLE,2024-02-23,39.70805358886719,28952400
XLE,2024-02-26,39.84663391113281,23376400
XLE,2024-02-27,39.675716400146484,26317400
XLE,2024-02-28,39.59718704223633,26679600
XLE,2024-02-29,39.79119873046875,27335400
XLE,2024-03-01,40.253135681152344,32459600
XLE,2024-03-04,39.82353591918945,33198000
XLE,2024-03-05,40.11918258666992,32174200
XLE,2024-03-06,40.243900299072266,28008800
XLE,2024-03-07,40.58573913574219,24569200
XLE,2024-03-08,40.72892761230469,28252000
XLE,2024-03-11,41.149295806884766,24983800
XLE,2024-03-12,41.08462905883789,23780600
XLE,2024-03-13,41.740577697753906,42725200
XLE,2024-03-14,42.170169830322266,35946000
XLE,2024-03-15,42.294891357421875,37753400
XLE,2024-03-18,42.44111633300781,30496800
XLE,2024-03-19,42.92540740966797,28545800
XLE,2024-03-20,42.86487579345703,32659400
XLE,2024-03-21,43.12099075317383,23334200
XLE,2024-03-22,43.027854919433594,17948800
XLE,2024-03-25,43.4283332824707,35074400
XLE,2024-03-26,43.09305191040039,35373800
XLE,2024-03-27,43.4935302734375,33960000
XLE,2024-03-28,43.96385955810547,34615200
XLE,2024-04-01,44.28982925415039,42899000
XLE,2024-04-02,44.9091682434082,38671200
XLE,2024-04-03,45.21651077270508,29148800
XLE,2024-04-04,45.18856430053711,36941200
XLE,2024-04-05,45.67285919189453,31194600
XLE,2024-04-08,45.3841438293457,34034600
XLE,2024-04-09,45.39811325073242,35322800
XLE,2024-04-10,45.53781509399414,39199600
XLE,2024-04-11,45.50522232055664,39204600
XLE,2024-04-12,44.76481246948242,46572400
XLE,2024-04-15,44.345706939697266,48690800
XLE,2024-04-16,43.95920181274414,36497600
XLE,2024-04-17,43.833465576171875,27421000
XLE,2024-04-18,43.698421478271484,25555600
XLE,2024-04-19,44.224632263183594,35451400
XLE,2024-04-22,44.513343811035156,30244400
XLE,2024-04-23,44.760154724121094,28657400
XLE,2024-04-24,44.792747497558594,21303800
XLE,2024-04-25,44.99763488769531,26500200
XLE,2024-04-26,44.583194732666016,32366600
XLE,2024-04-29,44.88587951660156,22236400
XLE,2024-04-30,43.549407958984375,35399000
XLE,2024-05-01,42.85556411743164,50943800
XLE,2024-05-02,43.10236740112305,34616800
XLE,2024-05-03,43.10702133178711,38087800
XLE,2024-05-06,43.44696044921875,33445600
XLE,2024-05-07,43.405052185058594,20942200
XLE,2024-05-08,43.35382843017578,19811800
XLE,2024-05-09,43.9359130859375,22489400
XLE,2024-05-10,43.69376754760742,20568400
XLE,2024-05-13,43.57734680175781,20978000
XLE,2024-05-14,43.63322830200195,24911600
XLE,2024-05-15,43.731021881103516,38792200
XLE,2024-05-16,43.60995101928711,24580200
XLE,2024-05-17,44.219974517822266,29001600
XLE,2024-05-20,43.93125534057617,20134600
XLE,2024-05-21,43.71704864501953,22467600
XLE,2024-05-22,42.87884521484375,34868000
XLE,2024-05-23,42.4876823425293,26931400
XLE,2024-05-24,42.548221588134766,19041400
XLE,2024-05-28,42.98594284057617,28904200
XLE,2024-05-29,42.22690963745117,30053600
XLE,2024-05-30,42.34798049926758,22731400
XLE,2024-05-31,43.400386810302734,32503000
XLE,2024-06-03,42.264163970947266,40796600
XLE,2024-06-04,41.85902786254883,34721400
XLE,2024-06-05,41.854373931884766,21040200
XLE,2024-06-06,42.073238372802734,25506600
XLE,2024-06-07,41.90559387207031,20089800
XLE,2024-06-10,42.22225570678711,22543800
XLE,2024-06-11,42.138423919677734,18591200
XLE,2024-06-12,41.686729431152344,32560600
XLE,2024-06-13,41.30488586425781,28495600
XLE,2024-06-14,40.9975471496582,25811400
XLE,2024-06-17,41.104644775390625,29547800
XLE,2024-06-18,41.276947021484375,29285800
XLE,2024-06-20,42.035980224609375,34073800
XLE,2024-06-21,41.79383087158203,39972600
XLE,2024-06-24,42.84765625,31188200
XLE,2024-06-25,42.94623565673828,27666600
XLE,2024-06-26,42.523765563964844,23127400
XLE,2024-06-27,42.622344970703125,15631600
XLE,2024-06-28,42.7866325378418,25670000
XLE,2024-07-01,42.81010437011719,24563200
XLE,2024-07-02,42.777244567871094,25226800
XLE,2024-07-03,42.96501159667969,16280000
XLE,2024-07-05,42.29375457763672,23450400
XLE,2024-07-08,42.035579681396484,19595000
XLE,2024-07-09,41.66474914550781,19086600
XLE,2024-07-10,41.946388244628906,19320800
XLE,2024-07-11,42.38294219970703,22684800
XLE,2024-07-12,42.49090576171875,18117200
XLE,2024-07-15,43.13399887084961,30792000
XLE,2024-07-16,43.326454162597656,24129400
XLE,2024-07-17,43.7583122253418,29435400
XLE,2024-07-18,43.83810806274414,32867600
XLE,2024-07-19,43.359310150146484,26500200
XLE,2024-07-22,43.087059020996094,21527600
XLE,2024-07-23,42.40171813964844,33103800
XLE,2024-07-24,42.406410217285156,29328600
XLE,2024-07-25,43.13869857788086,36437400
XLE,2024-07-26,43.27482223510742,23730800
XLE,2024-07-29,42.903987884521484,27156600
XLE,2024-07-30,43.57054901123047,25673200
XLE,2024-07-31,43.75361633300781,36173800
XLE,2024-08-01,42.594181060791016,42558400
XLE,2024-08-02,41.49576187133789,45836200
XLE,2024-08-05,40.580413818359375,50039200
XLE,2024-08-06,40.82920455932617,31418600
XLE,2024-08-07,40.993492126464844,26126000
XLE,2024-08-08,41.875980377197266,21596800
XLE,2024-08-09,41.96986770629883,22345600
XLE,2024-08-12,42.17640686035156,28785800
XLE,2024-08-13,41.76802062988281,31386400
XLE,2024-08-14,42.01211166381836,21657600
XLE,2024-08-15,42.514373779296875,18335200
XLE,2024-08-16,42.467437744140625,17753000
XLE,2024-08-19,42.753780364990234,21762600
XLE,2024-08-20,41.627193450927734,33866400
XLE,2024-08-21,41.697608947753906,22737800
XLE,2024-08-22,41.805572509765625,19595400
XLE,2024-08-23,42.42988586425781,20734600
XLE,2024-08-26,42.81010437011719,19514800
XLE,2024-08-27,42.411109924316406,16627200
XLE,2024-08-28,42.138851165771484,17049000
XLE,2024-08-29,42.68806076049805,22498800
XLE,2024-08-30,42.84765625,28085000
XLE,2024-09-03,41.782100677490234,38194200
XLE,2024-09-04,41.20472717285156,30114000
XLE,2024-09-05,40.88552474975586,24991200
XLE,2024-09-06,40.37387466430664,35912000
XLE,2024-09-09,40.6649055480957,32824400
XLE,2024-09-10,39.96548843383789,49326800
XLE,2024-09-11,39.59465408325195,48125800
XLE,2024-09-12,39.9514045715332,31762000
XLE,2024-09-13,40.176719665527344,26195400
XLE,2024-09-16,40.63673782348633,26875000
XLE,2024-09-17,41.185951232910156,25034600
XLE,2024-09-18,41.265750885009766,28209600
XLE,2024-09-19,41.758628845214844,37806800
XLE,2024-09-20,41.66474914550781,27961600
XLE,2024-09-23,42.17921447753906,26630200
XLE,2024-09-24,42.07508850097656,34627400
XLE,2024-09-25,41.25157165527344,27633600
XLE,2024-09-26,40.4422492980957,46896400
XLE,2024-09-27,41.265769958496094,30489600
XLE,2024-09-30,41.554473876953125,22806600
XLE,2024-10-01,42.50104522705078,66114200
XLE,2024-10-02,42.936466217041016,41925200
XLE,2024-10-03,43.693721771240234,44726000
XLE,2024-10-04,44.10074996948242,35945600
XLE,2024-10-07,44.256935119628906,32519400
XLE,2024-10-08,43.102115631103516,39759800
XLE,2024-10-09,43.3624267578125,31519600
XLE,2024-10-10,43.655860900878906,26047400
XLE,2024-10-11,43.925628662109375,26414600
XLE,2024-10-14,43.906707763671875,22198600
XLE,2024-10-15,42.4915771484375,37839200
XLE,2024-10-16,42.695091247558594,19877000
XLE,2024-10-17,42.89860534667969,21433400
XLE,2024-10-18,42.75661849975586,24015200
XLE,2024-10-21,42.62882614135742,21162000
XLE,2024-10-22,42.72821807861328,17956400
XLE,2024-10-23,42.505775451660156,19813200
XLE,2024-10-24,42.50104522705078,17046600
XLE,2024-10-25,42.486839294433594,19104600
XLE,2024-10-28,42.217071533203125,24228000
XLE,2024-10-29,41.573402404785156,23791600
XLE,2024-10-30,41.668067932128906,19364200
XLE,2024-10-31,41.92837142944336,31623200
XLE,2024-11-01,41.663330078125,26304600
XLE,2024-11-04,42.392189025878906,25811800
XLE,2024-11-05,42.67616271972656,20876600
XLE,2024-11-06,44.28059768676758,50053200
XLE,2024-11-07,44.07707977294922,26138000
XLE,2024-11-08,44.370521545410156,22336800
XLE,2024-11-11,44.62136459350586,20909400
XLE,2024-11-12,44.38471603393555,18500400
XLE,2024-11-13,44.730224609375,23676200
XLE,2024-11-14,44.90060043334961,18011000
XLE,2024-11-15,44.83434295654297,28080400
XLE,2024-11-18,45.430686950683594,23892600
XLE,2024-11-19,45.14197540283203,23796400
XLE,2024-11-20,45.59633255004883,17917600
XLE,2024-11-21,45.965492248535156,33541000
XLE,2024-11-22,46.03648376464844,21555600
XLE,2024-11-25,45.127777099609375,32950600
XLE,2024-11-26,45.06624984741211,24932800
XLE,2024-11-27,45.0189208984375,15595600
XLE,2024-11-29,45.212974548339844,13636400
XLE,2024-12-02,44.73495101928711,22190000
XLE,2024-12-03,44.730224609375,17886600
XLE,2024-12-04,43.651126861572266,32518000
XLE,2024-12-05,43.821502685546875,22662400
XLE,2024-12-06,43.078453063964844,26206600
XLE,2024-12-09,43.0074577331543,23627800
XLE,2024-12-10,42.714019775390625,23299800
XLE,2024-12-11,42.78501892089844,23147600
XLE,2024-12-12,42.43952178955078,21746200
XLE,2024-12-13,42.226539611816406,22346000
XLE,2024-12-16,41.29889678955078,25036200
XLE,2024-12-17,40.99126052856445,32011600
XLE,2024-12-18,39.77965545654297,39241200
XLE,2024-12-19,39.434146881103516,49981400
XLE,2024-12-20,39.82225036621094,35704800
XLE,2024-12-23,40.05610275268555,34445400
XLE,2024-12-24,40.394954681396484,15024200
XLE,2024-12-26,40.36154556274414,15386400
XLE,2024-12-27,40.356773376464844,20369800
XLE,2024-12-30,40.35200119018555,23545400
XLE,2024-12-31,40.88175582885742,21165000
XLF,2020-01-02,27.546476364135742,28843300
XLF,2020-01-03,27.25399398803711,51363600
XLF,2020-01-06,27.236268997192383,27956100
XLF,2020-01-07,27.059005737304688,39627500
XLF,2020-01-08,27.236268997192383,47966600
XLF,2020-01-09,27.4046688079834,27705300
XLF,2020-01-10,27.200817108154297,33458200
XLF,2020-01-13,27.38694190979004,27542700
XLF,2020-01-14,27.333763122558594,37575400
XLF,2020-01-15,27.183095932006836,41457300
XLF,2020-01-16,27.422391891479492,34444000
XLF,2020-01-17,27.502164840698242,38819400
XLF,2020-01-21,27.271724700927734,41276500
XLF,2020-01-22,27.351490020751953,27391000
XLF,2020-01-23,27.28058624267578,43072300
XLF,2020-01-24,26.93492317199707,58924900
XLF,2020-01-27,26.518356323242188,50289300
XLF,2020-01-28,26.828567504882812,34257900
XLF,2020-01-29,26.784252166748047,41167500
XLF,2020-01-30,27.12105369567871,51210000
XLF,2020-01-31,26.553808212280273,58958800
XLF,2020-02-03,26.739938735961914,40168200
XLF,2020-02-04,26.99696159362793,79273300
XLF,2020-02-05,27.53761100769043,51086900
XLF,2020-02-06,27.502164840698242,37044400
XLF,2020-02-07,27.4046688079834,27982500
XLF,2020-02-10,27.484434127807617,17723700
XLF,2020-02-11,27.58193016052246,27997400
XLF,2020-02-12,27.599653244018555,26964200
XLF,2020-02-13,27.590789794921875,22758700
XLF,2020-02-14,27.626249313354492,22080200
XLF,2020-02-18,27.38694190979004,37768900
XLF,2020-02-19,27.590789794921875,25643300
XLF,2020-02-20,27.53761100769043,50344300
XLF,2020-02-21,27.271724700927734,51128200
XLF,2020-02-24,26.385412216186523,70455400
XLF,2020-02-25,25.4902400970459,111826900
XLF,2020-02-26,25.304115295410156,95015700
XLF,2020-02-27,24.222820281982422,143536200
XLF,2020-02-28,23.566953659057617,192063500
XLF,2020-03-02,24.77233123779297,127115500
XLF,2020-03-03,23.84170150756836,256525000
XLF,2020-03-04,24.630521774291992,124408000
XLF,2020-03-05,23.44287109375,130265700
XLF,2020-03-06,22.645187377929688,160606600
XLF,2020-03-09,20.216705322265625,134165700
XLF,2020-03-10,21.40435791015625,149282300
XLF,2020-03-11,20.2432918548584,146915400
XLF,2020-03-12,18.05411148071289,161437500
XLF,2020-03-13,20.42941665649414,160945700
XLF,2020-03-16,17.628679275512695,110661600
XLF,2020-03-17,18.58588981628418,122295100
XLF,2020-03-18,17.008264541625977,145056400
XLF,2020-03-19,17.380517959594727,105652800
XLF,2020-03-20,16.760103225708008,157840900
XLF,2020-03-23,15.784933090209961,144547900
XLF,2020-03-24,17.742414474487305,158551100
XLF,2020-03-25,18.22507095336914,162949600
XLF,2020-03-26,19.369165420532227,129753900
XLF,2020-03-27,18.779253005981445,109305600
XLF,2020-03-30,19.136777877807617,67297200
XLF,2020-03-31,18.609416961669922,83819900
XLF,2020-04-01,17.47426414489746,79185000
XLF,2020-04-02,17.91223907470703,68398300
XLF,2020-04-03,17.554706573486328,68418100
XLF,2020-04-06,18.814998626708984,69015100
XLF,2020-04-07,19.002702713012695,70950900
XLF,2020-04-08,19.833961486816406,80003400
XLF,2020-04-09,20.897611618041992,147845500
XLF,2020-04-13,20.137859344482422,66236300
XLF,2020-04-14,20.227245330810547,96169000
XLF,2020-04-15,19.35129737854004,63482000
XLF,2020-04-16,19.011640548706055,68907600
XLF,2020-04-17,20.01272964477539,88698600
XLF,2020-04-20,19.664134979248047,59063100
XLF,2020-04-21,19.02952003479004,71957900
XLF,2020-04-22,19.23509979248047,47507800
XLF,2020-04-23,19.154653549194336,71740200
XLF,2020-04-24,19.431739807128906,33825300
XLF,2020-04-27,20.09317398071289,109435100
XLF,2020-04-28,20.307687759399414,46452300
XLF,2020-04-29,20.897611618041992,70064400
XLF,2020-04-30,20.370256423950195,56745700
XLF,2020-05-01,19.717763900756836,37534300
XLF,2020-05-04,19.538997650146484,50177200
XLF,2020-05-05,19.47643280029297,65123000
XLF,2020-05-06,19.05633544921875,63738400
XLF,2020-05-07,19.503244400024414,61339000
XLF,2020-05-08,19.9233455657959,42218300
XLF,2020-05-11,19.538997650146484,54994900
XLF,2020-05-12,19.02952003479004,62202700
XLF,2020-05-13,18.466407775878906,86848300
XLF,2020-05-14,18.94013786315918,103763100
XLF,2020-05-15,18.814998626708984,70285000
XLF,2020-05-18,19.78033447265625,79548500
XLF,2020-05-19,19.29766845703125,56673200
XLF,2020-05-20,19.726701736450195,50402600
XLF,2020-05-21,19.664134979248047,49939900
XLF,2020-05-22,19.592626571655273,37584500
XLF,2020-05-26,20.611589431762695,108349200
XLF,2020-05-27,21.50541114807129,121521200
XLF,2020-05-28,21.16575813293457,101590100
XLF,2020-05-29,20.924427032470703,86969000
XLF,2020-06-01,21.16575813293457,52619200
XLF,2020-06-02,21.335586547851562,52572800
XLF,2020-06-03,22.131086349487305,77622900
XLF,2020-06-04,22.613750457763672,97575100
XLF,2020-06-05,23.453954696655273,135859300
XLF,2020-06-08,23.900859832763672,80298400
XLF,2020-06-09,23.39138412475586,92833100
XLF,2020-06-10,22.515432357788086,110848900
XLF,2020-06-11,20.674158096313477,233116600
XLF,2020-06-12,21.29983139038086,127502900
XLF,2020-06-15,21.594791412353516,92469500
XLF,2020-06-16,21.9344482421875,108121300
XLF,2020-06-17,21.603734970092773,56320900
XLF,2020-06-18,21.576919555664062,61206500
XLF,2020-06-19,21.433910369873047,99903900
XLF,2020-06-22,21.3277587890625,47929500
XLF,2020-06-23,21.42671012878418,47218900
XLF,2020-06-24,20.67110824584961,90217500
XLF,2020-06-25,21.219820022583008,110208900
XLF,2020-06-26,20.31130027770996,123959100
XLF,2020-06-29,20.53618049621582,69107100
XLF,2020-06-30,20.81503677368164,60653100
XLF,2020-07-01,20.635128021240234,60500300
XLF,2020-07-02,20.662113189697266,50841900
XLF,2020-07-06,21.05790138244629,60271700
XLF,2020-07-07,20.62613296508789,43810900
XLF,2020-07-08,20.842021942138672,53046100
XLF,2020-07-09,20.401247024536133,71163700
XLF,2020-07-10,21.10287857055664,94440600
XLF,2020-07-13,21.19283676147461,102487100
XLF,2020-07-14,21.300779342651367,102468300
XLF,2020-07-15,21.723548889160156,90561800
XLF,2020-07-16,21.723548889160156,74678500
XLF,2020-07-17,21.543649673461914,47033200
XLF,2020-07-20,21.444698333740234,40127600
XLF,2020-07-21,21.867475509643555,46491300
XLF,2020-07-22,21.867475509643555,44437400
XLF,2020-07-23,21.885465621948242,49916100
XLF,2020-07-24,21.83149528503418,41245600
XLF,2020-07-27,21.65159034729004,43060200
XLF,2020-07-28,21.59762191772461,35370500
XLF,2020-07-29,22.00240707397461,36491600
XLF,2020-07-30,21.606613159179688,53994600
XLF,2020-07-31,21.615610122680664,50115900
XLF,2020-08-03,21.678577423095703,42982100
XLF,2020-08-04,21.588624954223633,30754400
XLF,2020-08-05,21.885465621948242,34860700
XLF,2020-08-06,21.87647247314453,33115400
XLF,2020-08-07,22.34422492980957,63302800
XLF,2020-08-10,22.506139755249023,45436100
XLF,2020-08-11,22.767005920410156,73758600
XLF,2020-08-12,22.704038619995117,58793600
XLF,2020-08-13,22.560117721557617,35222500
XLF,2020-08-14,22.650062561035156,28276900
XLF,2020-08-17,22.27226448059082,53397000
XLF,2020-08-18,22.128337860107422,35502500
XLF,2020-08-19,22.119346618652344,59847200
XLF,2020-08-20,21.912458419799805,45586100
XLF,2020-08-21,21.867475509643555,35349200
XLF,2020-08-24,22.389205932617188,51010900
XLF,2020-08-25,22.45216941833496,55236900
XLF,2020-08-26,22.34422492980957,30646600
XLF,2020-08-27,22.722028732299805,66463900
XLF,2020-08-28,22.811979293823242,49170600
XLF,2020-08-31,22.5421199798584,52259000
XLF,2020-09-01,22.605091094970703,42036100
XLF,2020-09-02,22.928918838500977,48432500
XLF,2020-09-03,22.578105926513672,98405500
XLF,2020-09-04,22.749011993408203,111105500
XLF,2020-09-08,22.164321899414062,84687600
XLF,2020-09-09,22.389205932617188,52321200
XLF,2020-09-10,22.074365615844727,55515300
XLF,2020-09-11,22.2272891998291,69285700
XLF,2020-09-14,22.533126831054688,51021000
XLF,2020-09-15,22.2272891998291,48459900
XLF,2020-09-16,22.47915267944336,62119900
XLF,2020-09-17,22.245281219482422,47334200
XLF,2020-09-18,22.200307846069336,61707200
XLF,2020-09-21,21.644052505493164,72307300
XLF,2020-09-22,21.463153839111328,84561500
XLF,2020-09-23,20.983783721923828,54282500
XLF,2020-09-24,21.029006958007812,56512300
XLF,2020-09-25,21.24608039855957,46026600
XLF,2020-09-28,21.752593994140625,62803500
XLF,2020-09-29,21.481246948242188,53250800
XLF,2020-09-30,21.77067756652832,66732200
XLF,2020-10-01,21.806859970092773,65766100
XLF,2020-10-02,21.978708267211914,63368100
XLF,2020-10-05,22.340505599975586,58911700
XLF,2020-10-06,22.114381790161133,88404900
XLF,2020-10-07,22.485210418701172,53815200
XLF,2020-10-08,22.79273223876953,57646300
XLF,2020-10-09,22.819862365722656,52031600
XLF,2020-10-12,23.0731143951416,45931400
XLF,2020-10-13,22.629926681518555,60377800
XLF,2020-10-14,22.412853240966797,48982200
XLF,2020-10-15,22.584701538085938,41637200
XLF,2020-10-16,22.6027889251709,40103600
XLF,2020-10-19,22.259092330932617,42989000
XLF,2020-10-20,22.439987182617188,67293900
XLF,2020-10-21,22.322410583496094,44307200
XLF,2020-10-22,22.765596389770508,39511800
XLF,2020-10-23,22.83795738220215,45092700
XLF,2020-10-26,22.322410583496094,54015100
XLF,2020-10-27,21.915393829345703,46083300
XLF,2020-10-28,21.35462188720703,89288300
XLF,2020-10-29,21.517427444458008,60908400
XLF,2020-10-30,21.580739974975586,66221600
XLF,2020-11-02,21.987749099731445,65136000
XLF,2020-11-03,22.47616958618164,79834200
XLF,2020-11-04,22.2138729095459,87397400
XLF,2020-11-05,22.75655174255371,65942300
XLF,2020-11-06,22.575658798217773,60783500
XLF,2020-11-09,24.429832458496094,162966800
XLF,2020-11-10,24.556455612182617,85851200
XLF,2020-11-11,24.456960678100586,65062400
XLF,2020-11-12,24.049949645996094,62733800
XLF,2020-11-13,24.447919845581055,45031800
XLF,2020-11-16,24.990604400634766,67556100
XLF,2020-11-17,24.954421997070312,63679700
XLF,2020-11-18,24.719261169433594,71578400
XLF,2020-11-19,24.8006649017334,47194800
XLF,2020-11-20,24.583589553833008,39974700
XLF,2020-11-23,25.04487419128418,51870500
XLF,2020-11-24,25.922210693359375,60983200
XLF,2020-11-25,25.831764221191406,45204600
XLF,2020-11-27,25.750362396240234,26981200
XLF,2020-11-30,25.216720581054688,72524200
XLF,2020-12-01,25.60564422607422,53972100
XLF,2020-12-02,25.886032104492188,57471800
XLF,2020-12-03,25.895076751708984,49566000
XLF,2020-12-04,26.21164321899414,52713100
XLF,2020-12-07,26.030746459960938,34631600
XLF,2020-12-08,26.02170181274414,31628500
XLF,2020-12-09,25.958389282226562,47589600
XLF,2020-12-10,26.003612518310547,41298300
XLF,2020-12-11,25.741317749023438,48216300
XLF,2020-12-14,25.442832946777344,38302900
XLF,2020-12-15,25.876989364624023,38604200
XLF,2020-12-16,25.922210693359375,55602800
XLF,2020-12-17,25.994569778442383,38510900
XLF,2020-12-18,25.76845359802246,56080100
XLF,2020-12-21,26.115812301635742,77688100
XLF,2020-12-22,25.8612003326416,42317900
XLF,2020-12-23,26.288589477539062,52681400
XLF,2020-12-24,26.3249568939209,16071000
XLF,2020-12-28,26.452259063720703,32824800
XLF,2020-12-29,26.361331939697266,23607000
XLF,2020-12-30,26.47954750061035,16616700
XLF,2020-12-31,26.806903839111328,26239300
XLF,2021-01-04,26.44317054748535,47086300
XLF,2021-01-05,26.561384201049805,35265400
XLF,2021-01-06,27.73440933227539,102254900
XLF,2021-01-07,28.134511947631836,64342700
XLF,2021-01-08,28.116331100463867,54266400
XLF,2021-01-11,28.207260131835938,56590400
XLF,2021-01-12,28.498247146606445,60546600
XLF,2021-01-13,28.480058670043945,55394700
XLF,2021-01-14,28.607362747192383,49828800
XLF,2021-01-15,28.134511947631836,68732700
XLF,2021-01-19,28.207260131835938,97457200
XLF,2021-01-20,28.08905029296875,56113100
XLF,2021-01-21,27.788969039916992,43713800
XLF,2021-01-22,27.588918685913086,37928000
XLF,2021-01-25,27.388866424560547,68321500
XLF,2021-01-26,27.170629501342773,55504600
XLF,2021-01-27,26.370424270629883,84059200
XLF,2021-01-28,26.861459732055664,62985900
XLF,2021-01-29,26.3249568939209,78260700
XLF,2021-02-01,26.67049789428711,41947400
XLF,2021-02-02,27.31612205505371,54263000
XLF,2021-02-03,27.470706939697266,46195200
XLF,2021-02-04,28.0799560546875,63061800
XLF,2021-02-05,28.08905029296875,38461900
XLF,2021-02-08,28.45277976989746,48756300
XLF,2021-02-09,28.461870193481445,33572000
XLF,2021-02-10,28.461870193481445,38899600
XLF,2021-02-11,28.370939254760742,31909500
XLF,2021-02-12,28.66192054748535,38271800
XLF,2021-02-16,29.15296173095703,71330600
XLF,2021-02-17,29.298452377319336,60460900
XLF,2021-02-18,29.125675201416016,45188200
XLF,2021-02-19,29.47122573852539,54361800
XLF,2021-02-22,29.744016647338867,65930200
XLF,2021-02-23,29.925886154174805,94331400
XLF,2021-02-24,30.507854461669922,66000600
XLF,2021-02-25,29.953157424926758,92189400
XLF,2021-02-26,29.380290985107422,103105700
XLF,2021-03-01,30.298704147338867,67590700
XLF,2021-03-02,30.189592361450195,49987000
XLF,2021-03-03,30.426015853881836,72541700
XLF,2021-03-04,30.08046531677246,101311800
XLF,2021-03-05,30.653343200683594,109299800
XLF,2021-03-08,31.044357299804688,90538200
XLF,2021-03-09,30.762468338012695,117224600
XLF,2021-03-10,31.38990592956543,73269300
XLF,2021-03-11,31.298965454101562,50904800
XLF,2021-03-12,31.617225646972656,68126000
XLF,2021-03-15,31.435365676879883,57836400
XLF,2021-03-16,31.108007431030273,67373600
XLF,2021-03-17,31.317153930664062,64051100
XLF,2021-03-18,31.48082733154297,96690500
XLF,2021-03-19,31.117101669311523,98510500
XLF,2021-03-22,30.716136932373047,68170600
XLF,2021-03-23,30.286867141723633,70441900
XLF,2021-03-24,30.396469116210938,63357100
XLF,2021-03-25,30.907939910888672,60532600
XLF,2021-03-26,31.392024993896484,53779900
XLF,2021-03-29,31.118013381958008,71777800
XLF,2021-03-30,31.33722496032715,55011400
XLF,2021-03-31,31.099742889404297,51138300
XLF,2021-04-01,31.48335838317871,51690100
XLF,2021-04-05,31.729969024658203,51790700
XLF,2021-04-06,31.666030883789062,41336800
XLF,2021-04-07,31.821292877197266,38660800
XLF,2021-04-08,31.830425262451172,39927400
XLF,2021-04-09,32.10443115234375,40133700
XLF,2021-04-12,32.2414436340332,44435500
XLF,2021-04-13,31.940032958984375,39950900
XLF,2021-04-14,32.1318359375,44065300
XLF,2021-04-15,32.10443115234375,55483500
XLF,2021-04-16,32.332767486572266,39115700
XLF,2021-04-19,32.2414436340332,31172300
XLF,2021-04-20,31.638622283935547,50227700
XLF,2021-04-21,32.077030181884766,39680000
XLF,2021-04-22,31.7208309173584,43611200
XLF,2021-04-23,32.31451416015625,50437700
XLF,2021-04-26,32.4423828125,43749700
XLF,2021-04-27,32.6981201171875,50852400
XLF,2021-04-28,32.82598876953125,35771700
XLF,2021-04-29,33.4105339050293,48573000
XLF,2021-04-30,33.118263244628906,43940900
XLF,2021-05-03,33.28266906738281,33317300
XLF,2021-05-04,33.547542572021484,66939700
XLF,2021-05-05,33.82154846191406,38954200
XLF,2021-05-06,34.32388687133789,43332900
XLF,2021-05-07,34.506561279296875,64616700
XLF,2021-05-10,34.47916030883789,56341100
XLF,2021-05-11,33.867210388183594,82723700
XLF,2021-05-12,33.520137786865234,97911900
XLF,2021-05-13,34.05901336669922,66882600
XLF,2021-05-14,34.59789276123047,44850200
XLF,2021-05-17,34.66183090209961,40376700
XLF,2021-05-18,34.17775344848633,40299200
XLF,2021-05-19,33.967689514160156,63573900
XLF,2021-05-20,33.9859504699707,59216100
XLF,2021-05-21,34.32388687133789,44950300
XLF,2021-05-24,34.48828887939453,29159600
XLF,2021-05-25,34.14122009277344,38755900
XLF,2021-05-26,34.24169158935547,38601900
XLF,2021-05-27,34.63443374633789,39789500
XLF,2021-05-28,34.69837188720703,39265000
XLF,2021-06-01,34.9084358215332,35710700
XLF,2021-06-02,34.96324157714844,37537500
XLF,2021-06-03,35.045433044433594,54877500
XLF,2021-06-04,35.13677215576172,27250900
XLF,2021-06-07,34.9084358215332,37401800
XLF,2021-06-08,34.81709289550781,47747700
XLF,2021-06-09,34.48828887939453,40776200
XLF,2021-06-10,34.08641815185547,53775500
XLF,2021-06-11,34.30562210083008,40416700
XLF,2021-06-14,33.94941329956055,50613400
XLF,2021-06-15,34.01335525512695,51315100
XLF,2021-06-16,33.9768180847168,84961100
XLF,2021-06-17,32.97211456298828,97659900
XLF,2021-06-18,32.17750549316406,180960000
XLF,2021-06-21,32.928504943847656,89831400
XLF,2021-06-22,32.98353576660156,42576400
XLF,2021-06-23,33.04771041870117,48094900
XLF,2021-06-24,33.460350036621094,42942800
XLF,2021-06-25,33.86382293701172,56845000
XLF,2021-06-28,33.61623764038086,70250700
XLF,2021-06-29,33.497032165527344,61051200
XLF,2021-06-30,33.64374542236328,42414100
XLF,2021-07-01,33.909671783447266,36615600
XLF,2021-07-02,33.87298583984375,27018400
XLF,2021-07-06,33.341156005859375,49225300
XLF,2021-07-07,33.38699722290039,43747100
XLF,2021-07-08,32.71760940551758,75084200
XLF,2021-07-09,33.662086486816406,70546500
XLF,2021-07-12,33.99219512939453,62953400
XLF,2021-07-13,33.62541198730469,44476200
XLF,2021-07-14,33.469520568847656,69632700
XLF,2021-07-15,33.579551696777344,53977600
XLF,2021-07-16,33.121070861816406,56160700
XLF,2021-07-19,32.1949348449707,89972200
XLF,2021-07-20,32.99269104003906,70635800
XLF,2021-07-21,33.56121826171875,59975000
XLF,2021-07-22,33.19443130493164,35292300
XLF,2021-07-23,33.24945068359375,36766900
XLF,2021-07-26,33.442012786865234,25396000
XLF,2021-07-27,33.43284225463867,38988400
XLF,2021-07-28,33.38699722290039,42908200
XLF,2021-07-29,33.7537841796875,41434200
XLF,2021-07-30,33.487857818603516,52385300
XLF,2021-08-02,33.497032165527344,47589900
XLF,2021-08-03,33.87298583984375,42169600
XLF,2021-08-04,33.58872604370117,52346400
XLF,2021-08-05,34.02887725830078,37168200
XLF,2021-08-06,34.716609954833984,58081000
XLF,2021-08-09,34.80830383300781,48015600
XLF,2021-08-10,35.17509460449219,40907400
XLF,2021-08-11,35.578556060791016,48372100
XLF,2021-08-12,35.642757415771484,44566400
XLF,2021-08-13,35.376834869384766,43077200
XLF,2021-08-16,35.285133361816406,48011800
XLF,2021-08-17,35.03754425048828,52414800
XLF,2021-08-18,34.606571197509766,39550400
XLF,2021-08-19,34.34980773925781,48961300
XLF,2021-08-20,34.56072998046875,33898600
XLF,2021-08-23,34.84498977661133,28807400
XLF,2021-08-24,35.05588912963867,37677300
XLF,2021-08-25,35.46852493286133,47904800
XLF,2021-08-26,35.29430389404297,38484300
XLF,2021-08-27,35.761962890625,38511100
XLF,2021-08-30,35.257625579833984,30096500
XLF,2021-08-31,35.21176528930664,49876200
XLF,2021-09-01,35.01003646850586,43976200
XLF,2021-09-02,35.12924575805664,29611500
XLF,2021-09-03,34.90917205810547,34847500
XLF,2021-09-07,34.69826889038086,39214900
XLF,2021-09-08,34.61573791503906,32523900
XLF,2021-09-09,34.716609954833984,33421000
XLF,2021-09-10,34.4598503112793,39350500
XLF,2021-09-13,34.85414123535156,40357300
XLF,2021-09-14,34.38649368286133,45670600
XLF,2021-09-15,34.716609954833984,36371300
XLF,2021-09-16,34.61573791503906,42630200
XLF,2021-09-17,34.4598503112793,82987200
XLF,2021-09-20,33.66047668457031,95008800
XLF,2021-09-21,33.61442947387695,45837600
XLF,2021-09-22,34.17620086669922,58347800
XLF,2021-09-23,35.01425552368164,71805000
XLF,2021-09-24,35.198448181152344,48066100
XLF,2021-09-27,35.677345275878906,58794500
XLF,2021-09-28,35.08794021606445,96152700
XLF,2021-09-29,35.11556625366211,49882500
XLF,2021-09-30,34.5629997253418,73319300
XLF,2021-10-01,35.13398742675781,70444000
XLF,2021-10-04,34.830074310302734,69772700
XLF,2021-10-05,35.511573791503906,56058400
XLF,2021-10-06,35.54840850830078,63405900
XLF,2021-10-07,35.760215759277344,53295600
XLF,2021-10-08,35.935203552246094,38607500
XLF,2021-10-11,35.5760498046875,50748300
XLF,2021-10-12,35.46552658081055,58527700
XLF,2021-10-13,35.26292037963867,72105100
XLF,2021-10-14,35.85232162475586,51893500
XLF,2021-10-15,36.3864631652832,58411100
XLF,2021-10-18,36.39567184448242,56312700
XLF,2021-10-19,36.75483703613281,33082600
XLF,2021-10-20,37.04954147338867,44670200
XLF,2021-10-21,36.89299011230469,35067600
XLF,2021-10-22,37.40871047973633,41458200
XLF,2021-10-25,37.362667083740234,33121000
XLF,2021-10-26,37.390296936035156,41586900
XLF,2021-10-27,36.77326583862305,62449500
XLF,2021-10-28,37.22452163696289,44566600
XLF,2021-10-29,37.07717514038086,42092000
XLF,2021-11-01,37.09559631347656,37503800
XLF,2021-11-02,37.187686920166016,31436800
XLF,2021-11-03,37.325836181640625,42946800
XLF,2021-11-04,36.837730407714844,48279700
XLF,2021-11-05,36.85615158081055,57866300
XLF,2021-11-08,37.05875778198242,32864600
XLF,2021-11-09,36.85615158081055,48420400
XLF,2021-11-10,36.791683197021484,60695100
XLF,2021-11-11,36.89299011230469,31438900
XLF,2021-11-12,36.97586441040039,39218800
XLF,2021-11-15,36.97586441040039,30081100
XLF,2021-11-16,36.93902587890625,32599500
XLF,2021-11-17,36.515403747558594,53557200
XLF,2021-11-18,36.33121109008789,42990100
XLF,2021-11-19,35.935203552246094,71858100
XLF,2021-11-22,36.44172286987305,81965800
XLF,2021-11-23,37.0127067565918,61571200
XLF,2021-11-24,36.92982482910156,40410300
XLF,2021-11-26,35.7049674987793,76492200
XLF,2021-11-29,35.81547546386719,79316500
XLF,2021-11-30,34.95900344848633,121263700
XLF,2021-12-01,34.572208404541016,101946500
XLF,2021-12-02,35.603668212890625,98076400
XLF,2021-12-03,35.02346420288086,97178200
XLF,2021-12-06,35.5576171875,69716600
XLF,2021-12-07,36.19306945800781,115475500
XLF,2021-12-08,35.99966812133789,53033200
XLF,2021-12-09,35.925987243652344,45521100
XLF,2021-12-10,35.96283721923828,38900900
XLF,2021-12-13,35.5760498046875,44343000
XLF,2021-12-14,35.7878532409668,51734400
XLF,2021-12-15,35.88916015625,70424900
XLF,2021-12-16,36.340423583984375,71156600
XLF,2021-12-17,35.53919982910156,97654400
XLF,2021-12-20,34.84888458251953,85242300
XLF,2021-12-21,35.57066345214844,57667900
XLF,2021-12-22,35.73722839355469,49702700
XLF,2021-12-23,35.92230224609375,39057300
XLF,2021-12-27,36.292442321777344,36120300
XLF,2021-12-28,36.310943603515625,34055200
XLF,2021-12-29,36.264671325683594,27150500
XLF,2021-12-30,36.199893951416016,30089100
XLF,2021-12-31,36.1351203918457,28497800
XLF,2022-01-03,36.57930374145508,49884400
XLF,2022-01-04,37.54167175292969,74210200
XLF,2022-01-05,37.10674285888672,76288400
XLF,2022-01-06,37.652713775634766,57725200
XLF,2022-01-07,38.09688186645508,62185500
XLF,2022-01-10,37.96733474731445,73620000
XLF,2022-01-11,38.30045700073242,60706300
XLF,2022-01-12,38.328216552734375,51560600
XLF,2022-01-13,38.18015670776367,51659600
XLF,2022-01-14,37.78226089477539,81135500
XLF,2022-01-18,36.940181732177734,82526700
XLF,2022-01-19,36.3201904296875,85975100
XLF,2022-01-20,36.0888671875,80314000
XLF,2022-01-21,35.348575592041016,117914300
XLF,2022-01-24,35.45036697387695,169153300
XLF,2022-01-25,35.59842300415039,97364900
XLF,2022-01-26,35.69095993041992,106682000
XLF,2022-01-27,35.36708068847656,91498900
XLF,2022-01-28,35.82976150512695,79753600
XLF,2022-01-31,36.144378662109375,58740900
XLF,2022-02-01,36.64406967163086,64601500
XLF,2022-02-02,36.8939208984375,46649400
XLF,2022-02-03,36.486759185791016,50677000
XLF,2022-02-04,37.10674285888672,77792400
XLF,2022-02-07,37.21778869628906,52710400
XLF,2022-02-08,37.73599624633789,56921200
XLF,2022-02-09,37.97658157348633,67505300
XLF,2022-02-10,37.643455505371094,67260800
XLF,2022-02-11,37.115997314453125,77962800
XLF,2022-02-14,36.6995964050293,71521600
XLF,2022-02-15,37.19927978515625,55439600
XLF,2022-02-16,37.2270393371582,41168800
XLF,2022-02-17,36.30168914794922,59107800
XLF,2022-02-18,36.292442321777344,47816500
XLF,2022-02-22,36.107364654541016,60719700
XLF,2022-02-23,35.47811508178711,64169800
XLF,2022-02-24,35.05246353149414,143075700
XLF,2022-02-25,36.181400299072266,99127100
XLF,2022-02-28,35.64468002319336,107370200
XLF,2022-03-01,34.330684661865234,129873100
XLF,2022-03-02,35.219024658203125,88182500
XLF,2022-03-03,35.10797882080078,71952600
XLF,2022-03-04,34.45098114013672,105904100
XLF,2022-03-07,33.192501068115234,116046200
XLF,2022-03-08,32.998172760009766,114915000
XLF,2022-03-09,34.210391998291016,88716400
XLF,2022-03-10,33.92353439331055,71547300
XLF,2022-03-11,33.68293762207031,76788200
XLF,2022-03-14,34.10860824584961,70969700
XLF,2022-03-15,34.58978271484375,51828700
XLF,2022-03-16,35.56141662597656,87007600
XLF,2022-03-17,36.00557327270508,58266400
XLF,2022-03-18,36.0888671875,82342500
XLF,2022-03-21,36.05356216430664,46828600
XLF,2022-03-22,36.63881301879883,61053100
XLF,2022-03-23,35.960662841796875,42142600
XLF,2022-03-24,36.24863815307617,30421500
XLF,2022-03-25,36.71311950683594,48613100
XLF,2022-03-28,36.61094284057617,44761000
XLF,2022-03-29,36.694557189941406,67968600
XLF,2022-03-30,36.43444061279297,47405300
XLF,2022-03-31,35.598358154296875,66619600
XLF,2022-04-01,35.505462646484375,68422500
XLF,2022-04-04,35.3475341796875,134312400
XLF,2022-04-05,35.12458038330078,56165700
XLF,2022-04-06,34.88304901123047,55835100
XLF,2022-04-07,34.84589385986328,53346900
XLF,2022-04-08,35.19890594482422,44672300
XLF,2022-04-11,35.040977478027344,54435500
XLF,2022-04-12,34.660099029541016,67215400
XLF,2022-04-13,34.660099029541016,57445600
XLF,2022-04-14,34.269927978515625,68544200
XLF,2022-04-18,34.47429656982422,52748400
XLF,2022-04-19,34.94807815551758,41519100
XLF,2022-04-20,35.18960952758789,54635800
XLF,2022-04-21,34.632225036621094,54998100
XLF,2022-04-22,33.60105514526367,73170900
XLF,2022-04-25,33.65680694580078,91392800
XLF,2022-04-26,32.81143569946289,81457500
XLF,2022-04-27,32.783565521240234,81603000
XLF,2022-04-28,33.20161056518555,62680000
XLF,2022-04-29,32.058956146240234,74631700
XLF,2022-05-02,32.06825256347656,104408800
XLF,2022-05-03,32.48629379272461,73896300
XLF,2022-05-04,33.48029708862305,87794900
XLF,2022-05-05,32.50486755371094,101093900
XLF,2022-05-06,32.27262496948242,99281900
XLF,2022-05-09,31.501569747924805,85922800
XLF,2022-05-10,31.22287940979004,107581200
XLF,2022-05-11,30.934898376464844,110212200
XLF,2022-05-12,30.702651977539062,114304100
XLF,2022-05-13,31.1485595703125,64036200
XLF,2022-05-16,30.88844871520996,55662200
XLF,2022-05-17,31.71523094177246,62859300
XLF,2022-05-18,30.84200096130371,74279300
XLF,2022-05-19,30.63762664794922,71525400
XLF,2022-05-20,30.581892013549805,77984600
XLF,2022-05-23,31.57590103149414,78189300
XLF,2022-05-24,31.510866165161133,77871200
XLF,2022-05-25,31.761695861816406,72192600
XLF,2022-05-26,32.495582580566406,50803200
XLF,2022-05-27,33.04368209838867,43862500
XLF,2022-05-31,32.95078659057617,64778900
XLF,2022-06-01,32.421268463134766,48642400
XLF,2022-06-02,32.86717224121094,45334700
XLF,2022-06-03,32.39339828491211,36699400
XLF,2022-06-06,32.48629379272461,32829600
XLF,2022-06-07,32.73710632324219,32031400
XLF,2022-06-08,32.161155700683594,38251800
XLF,2022-06-09,31.352937698364258,49715100
XLF,2022-06-10,30.219587326049805,74190900
XLF,2022-06-13,29.318483352661133,104065100
XLF,2022-06-14,29.067655563354492,75592200
XLF,2022-06-15,29.392797470092773,87858800
XLF,2022-06-16,28.649620056152344,100838500
XLF,2022-06-17,28.733230590820312,116937700
XLF,2022-06-21,29.306655883789062,58065800
XLF,2022-06-22,29.24127960205078,48035800
XLF,2022-06-23,29.129215240478516,69348900
XLF,2022-06-24,30.203229904174805,65489300
XLF,2022-06-27,30.100502014160156,47244800
XLF,2022-06-28,29.80164337158203,42459900
XLF,2022-06-29,29.63353729248047,64507500
XLF,2022-06-30,29.37203598022461,75294300
XLF,2022-07-01,29.77362632751465,77308400
XLF,2022-07-05,29.670894622802734,51536800
XLF,2022-07-06,29.596176147460938,48001700
XLF,2022-07-07,30.025789260864258,33120100
XLF,2022-07-08,29.960407257080078,29062200
XLF,2022-07-11,29.71759033203125,30564300
XLF,2022-07-12,29.53080177307129,38211000
XLF,2022-07-13,29.269302368164062,51441600
XLF,2022-07-14,28.70894432067871,57782300
XLF,2022-07-15,29.680234909057617,59650200
XLF,2022-07-18,29.568161010742188,38671600
XLF,2022-07-19,30.45539093017578,40568000
XLF,2022-07-20,30.567462921142578,38507700
XLF,2022-07-21,30.763586044311523,40561800
XLF,2022-07-22,30.58614158630371,25741200
XLF,2022-07-25,30.782272338867188,24699300
XLF,2022-07-26,30.352659225463867,26357800
XLF,2022-07-27,30.81962013244629,44817200
XLF,2022-07-28,31.04376792907715,40974600
XLF,2022-07-29,31.48271369934082,38724000
XLF,2022-08-01,31.221214294433594,35131300
XLF,2022-08-02,30.875652313232422,36806900
XLF,2022-08-03,31.342626571655273,27314900
XLF,2022-08-04,31.23988914489746,24505800
XLF,2022-08-05,31.464033126831055,34366100
XLF,2022-08-08,31.44535255432129,24369100
XLF,2022-08-09,31.604129791259766,26425400
XLF,2022-08-10,32.313907623291016,45366000
XLF,2022-08-11,32.696815490722656,46985200
XLF,2022-08-12,33.210479736328125,36370300
XLF,2022-08-15,33.201133728027344,25366000
XLF,2022-08-16,33.44396209716797,41300800
XLF,2022-08-17,33.2758674621582,33158000
XLF,2022-08-18,33.313209533691406,15966200
XLF,2022-08-19,32.65012741088867,33587400
XLF,2022-08-22,31.930994033813477,36810100
XLF,2022-08-23,31.80025291442871,23244000
XLF,2022-08-24,31.968355178833008,20682200
XLF,2022-08-25,32.46333312988281,26402600
XLF,2022-08-26,31.492050170898438,38230600
XLF,2022-08-29,31.26791000366211,34872100
XLF,2022-08-30,31.099802017211914,41870700
XLF,2022-08-31,30.866313934326172,39768200
XLF,2022-09-01,30.959712982177734,40604600
XLF,2022-09-02,30.716894149780273,43208800
XLF,2022-09-06,30.64217185974121,45877100
XLF,2022-09-07,31.249235153198242,35023000
XLF,2022-09-08,31.80025291442871,50760900
XLF,2022-09-09,32.08976364135742,41327100
XLF,2022-09-12,32.35125732421875,41969600
XLF,2022-09-13,31.146493911743164,60771600
XLF,2022-09-14,31.053102493286133,39233200
XLF,2022-09-15,31.155838012695312,47653000
XLF,2022-09-16,30.875652313232422,53893300
XLF,2022-09-19,31.225847244262695,36491400
XLF,2022-09-20,30.76581573486328,42193600
XLF,2022-09-21,30.127403259277344,49644600
XLF,2022-09-22,29.62042808532715,52299500
XLF,2022-09-23,29.151010513305664,56801000
XLF,2022-09-26,28.690977096557617,49969700
XLF,2022-09-27,28.56892967224121,60630400
XLF,2022-09-28,29.132232666015625,46088700
XLF,2022-09-29,28.76608657836914,41860000
XLF,2022-09-30,28.503211975097656,37984300
XLF,2022-10-03,29.273059844970703,47086100
XLF,2022-10-04,30.362112045288086,53441800
XLF,2022-10-05,30.127403259277344,41766800
XLF,2022-10-06,29.704925537109375,34717900
XLF,2022-10-07,29.00079345703125,36380700
XLF,2022-10-10,28.86935806274414,31011700
XLF,2022-10-11,28.503211975097656,50431900
XLF,2022-10-12,28.43749237060547,48265700
XLF,2022-10-13,29.611040115356445,83086100
XLF,2022-10-14,29.11345863342285,60886900
XLF,2022-10-17,29.84575080871582,47222200
XLF,2022-10-18,30.324556350708008,48150700
XLF,2022-10-19,29.826974868774414,35205700
XLF,2022-10-20,29.348163604736328,43124400
XLF,2022-10-21,30.221284866333008,54487300
XLF,2022-10-24,30.62499237060547,40117200
XLF,2022-10-25,30.991130828857422,33950300
XLF,2022-10-26,31.066247940063477,38012100
XLF,2022-10-27,31.319734573364258,41232200
XLF,2022-10-28,32.098960876464844,36421300
XLF,2022-10-31,31.901811599731445,40083800
XLF,2022-11-01,31.98630714416504,38946100
XLF,2022-11-02,31.582605361938477,58039800
XLF,2022-11-03,31.26340103149414,40828100
XLF,2022-11-04,31.83608627319336,41825600
XLF,2022-11-07,32.15530014038086,30060300
XLF,2022-11-08,32.34305953979492,34839600
XLF,2022-11-09,31.798540115356445,42126200
XLF,2022-11-10,33.403953552246094,67677700
XLF,2022-11-11,33.67622375488281,46076100
XLF,2022-11-14,33.19741439819336,38002700
XLF,2022-11-15,33.272518157958984,57802100
XLF,2022-11-16,33.11292266845703,32852400
XLF,2022-11-17,32.93453598022461,35706900
XLF,2022-11-18,33.20679473876953,39455400
XLF,2022-11-21,33.31007385253906,24630900
XLF,2022-11-22,33.64805603027344,29582300
XLF,2022-11-23,33.78889083862305,27916900
XLF,2022-11-25,33.90154266357422,11266500
XLF,2022-11-28,33.3194580078125,34196600
XLF,2022-11-29,33.51662063598633,31489600
XLF,2022-11-30,34.08931350708008,58607000
XLF,2022-12-01,33.89215087890625,58157600
XLF,2022-12-02,33.7325553894043,40483300
XLF,2022-12-05,32.896976470947266,53402000
XLF,2022-12-06,32.60593795776367,45102200
XLF,2022-12-07,32.47450637817383,37775900
XLF,2022-12-08,32.50267028808594,46600900
XLF,2022-12-09,32.418174743652344,40885600
XLF,2022-12-12,32.850040435791016,72570900
XLF,2022-12-13,32.93453598022461,55659000
XLF,2022-12-14,32.52144241333008,54685100
XLF,2022-12-15,31.88303565979004,70330100
XLF,2022-12-16,31.63893699645996,59619300
XLF,2022-12-19,31.553909301757812,37456800
XLF,2022-12-20,31.686168670654297,45446400
XLF,2022-12-21,32.177433013916016,31318100
XLF,2022-12-22,31.894014358520508,25605100
XLF,2022-12-23,32.07351303100586,17116200
XLF,2022-12-27,32.06406021118164,25601100
XLF,2022-12-28,31.950700759887695,24395100
XLF,2022-12-29,32.39472579956055,26624200
XLF,2022-12-30,32.30970001220703,24735700
XLF,2023-01-03,32.42306137084961,37396500
XLF,2023-01-04,32.942657470703125,44669300
XLF,2023-01-05,32.6970329284668,45585700
XLF,2023-01-06,33.424476623535156,41229700
XLF,2023-01-09,33.301658630371094,48726600
XLF,2023-01-10,33.490604400634766,34663700
XLF,2023-01-11,33.80235290527344,32014700
XLF,2023-01-12,33.86849594116211,56642400
XLF,2023-01-13,34.12356948852539,65920900
XLF,2023-01-17,33.89683532714844,65345200
XLF,2023-01-18,33.26386642456055,53693000
XLF,2023-01-19,32.87653350830078,61169500
XLF,2023-01-20,33.3961296081543,42330100
XLF,2023-01-23,33.783470153808594,44997300
XLF,2023-01-24,33.80235290527344,34333500
XLF,2023-01-25,34.066890716552734,38458700
XLF,2023-01-26,34.24637985229492,29944200
XLF,2023-01-27,34.24637985229492,30787400
XLF,2023-01-30,34.07633590698242,31595000
XLF,2023-01-31,34.539249420166016,30282100
XLF,2023-02-01,34.539249420166016,51418700
XLF,2023-02-02,34.633724212646484,42107300
XLF,2023-02-03,34.56759262084961,43155000
XLF,2023-02-06,34.55815124511719,32273600
XLF,2023-02-07,34.954925537109375,33000500
XLF,2023-02-08,34.74708938598633,34555500
XLF,2023-02-09,34.359745025634766,44329600
XLF,2023-02-10,34.473121643066406,28108900
XLF,2023-02-13,34.86990737915039,32209000
XLF,2023-02-14,34.680965423583984,33525300
XLF,2023-02-15,34.718746185302734,28510000
XLF,2023-02-16,34.36920166015625,34379100
XLF,2023-02-17,34.37864685058594,35889800
XLF,2023-02-21,33.670101165771484,36425200
XLF,2023-02-22,33.63230895996094,31065200
XLF,2023-02-23,33.66065979003906,42357600
XLF,2023-02-24,33.688995361328125,48732600
XLF,2023-02-27,33.67954635620117,31664600
XLF,2023-02-28,33.74567794799805,32531400
XLF,2023-03-01,33.63230895996094,32790300
XLF,2023-03-02,33.47170639038086,38401900
XLF,2023-03-03,34.000762939453125,33091600
XLF,2023-03-06,34.02909469604492,30111100
XLF,2023-03-07,33.1505012512207,53804400
XLF,2023-03-08,33.02768325805664,50860300
XLF,2023-03-09,31.686168670654297,107108500
XLF,2023-03-10,31.109888076782227,166569400
XLF,2023-03-13,29.881742477416992,165965900
XLF,2023-03-14,30.48636817932129,128115500
XLF,2023-03-15,29.67390251159668,132235000
XLF,2023-03-16,30.240741729736328,133892600
XLF,2023-03-17,29.267669677734375,136760600
XLF,2023-03-20,29.593318939208984,75384500
XLF,2023-03-21,30.343355178833008,115899200
XLF,2023-03-22,29.64078712463379,67874100
XLF,2023-03-23,29.441415786743164,82366300
XLF,2023-03-24,29.422422409057617,76619100
XLF,2023-03-27,29.830671310424805,61393300
XLF,2023-03-28,29.82118034362793,42980100
XLF,2023-03-29,30.257911682128906,52147200
XLF,2023-03-30,30.191450119018555,45061700
XLF,2023-03-31,30.52374839782715,49034400
XLF,2023-04-03,30.58070945739746,51213500
XLF,2023-04-04,30.295886993408203,45939300
XLF,2023-04-05,30.257911682128906,57965300
XLF,2023-04-06,30.37183952331543,36762300
XLF,2023-04-10,30.43830108642578,27900700
XLF,2023-04-11,30.704137802124023,53912600
XLF,2023-04-12,30.637678146362305,63645800
XLF,2023-04-13,30.913007736206055,58550300
XLF,2023-04-14,31.216821670532227,65276200
XLF,2023-04-17,31.577600479125977,69670600
XLF,2023-04-18,31.672544479370117,49507500
XLF,2023-04-19,31.748497009277344,39478900
XLF,2023-04-20,31.6535587310791,39291800
XLF,2023-04-21,31.53962516784668,41545000
XLF,2023-04-24,31.463674545288086,32774200
XLF,2023-04-25,30.922504425048828,58534300
XLF,2023-04-26,30.6281795501709,54294200
XLF,2023-04-27,31.12187957763672,46398800
XLF,2023-04-28,31.492143630981445,54598700
XLF,2023-05-01,31.406705856323242,31950600
XLF,2023-05-02,30.694644927978516,76096700
XLF,2023-05-03,30.343355178833008,65642400
XLF,2023-05-04,29.954097747802734,76076600
XLF,2023-05-05,30.694644927978516,55019400
XLF,2023-05-08,30.742116928100586,34323600
XLF,2023-05-09,30.6281795501709,29736200
XLF,2023-05-10,30.45728874206543,39706100
XLF,2023-05-11,30.409818649291992,36693200
XLF,2023-05-12,30.286394119262695,36253000
XLF,2023-05-15,30.533241271972656,33208500
XLF,2023-05-16,30.2484188079834,31241400
XLF,2023-05-17,30.856048583984375,46818800
XLF,2023-05-18,31.083908081054688,42232500
XLF,2023-05-19,30.95098304748535,40132900
XLF,2023-05-22,31.00794792175293,35286200
XLF,2023-05-23,30.647174835205078,42217200
XLF,2023-05-24,30.2484188079834,46610700
XLF,2023-05-25,30.238920211791992,41658900
XLF,2023-05-26,30.485769271850586,44183000
XLF,2023-05-30,30.47627067565918,57900500
XLF,2023-05-31,30.153472900390625,67667900
XLF,2023-06-01,30.47627067565918,48643400
XLF,2023-06-02,31.140865325927734,65752900
XLF,2023-06-05,30.97946548461914,53591100
XLF,2023-06-06,31.368732452392578,46236100
XLF,2023-06-07,31.492143630981445,48467100
XLF,2023-06-08,31.463674545288086,36261200
XLF,2023-06-09,31.473163604736328,34021700
XLF,2023-06-12,31.463674545288086,33655200
XLF,2023-06-13,31.6535587310791,46054400
XLF,2023-06-14,31.530126571655273,57195400
XLF,2023-06-15,31.94786834716797,52241800
XLF,2023-06-16,31.881418228149414,49861100
XLF,2023-06-20,31.642995834350586,50683100
XLF,2023-06-21,31.6048526763916,35967600
XLF,2023-06-22,31.35689353942871,38690000
XLF,2023-06-23,31.22338104248047,35529600
XLF,2023-06-26,31.156618118286133,25728300
XLF,2023-06-27,31.404571533203125,34348100
XLF,2023-06-28,31.32828140258789,36663200
XLF,2023-06-29,31.871871948242188,47471000
XLF,2023-06-30,32.14844512939453,44762300
XLF,2023-07-03,32.32963943481445,19128000
XLF,2023-07-05,32.26288604736328,39831600
XLF,2023-07-06,31.986318588256836,45808400
XLF,2023-07-07,32.03400421142578,33488700
XLF,2023-07-10,32.17704772949219,27254400
XLF,2023-07-11,32.558528900146484,33744600
XLF,2023-07-12,32.76832962036133,46546000
XLF,2023-07-13,32.88276672363281,40453700
XLF,2023-07-14,32.663429260253906,47552700
XLF,2023-07-17,32.978145599365234,38568900
XLF,2023-07-18,33.350067138671875,47160800
XLF,2023-07-19,33.49312973022461,45599800
XLF,2023-07-20,33.7410888671875,45591500
XLF,2023-07-21,33.62664031982422,30615700
XLF,2023-07-24,33.95089340209961,32299800
XLF,2023-07-25,33.73154830932617,36218600
XLF,2023-07-26,33.93182373046875,35638700
XLF,2023-07-27,33.502662658691406,44072800
XLF,2023-07-28,33.569419860839844,32422700
XLF,2023-07-31,33.69340515136719,28627000
XLF,2023-08-01,33.69340515136719,26480300
XLF,2023-08-02,33.40729522705078,48923800
XLF,2023-08-03,33.426368713378906,31861600
XLF,2023-08-04,33.2928581237793,36195700
XLF,2023-08-07,33.760162353515625,33119300
XLF,2023-08-08,33.454978942871094,37254800
XLF,2023-08-09,33.20702362060547,38304200
XLF,2023-08-10,33.235633850097656,38097500
XLF,2023-08-11,33.30238723754883,27518700
XLF,2023-08-14,33.235633850097656,23773800
XLF,2023-08-15,32.625282287597656,57472100
XLF,2023-08-16,32.57759475708008,33566500
XLF,2023-08-17,32.41546630859375,38205400
XLF,2023-08-18,32.40593719482422,40860000
XLF,2023-08-21,32.3677864074707,32308300
XLF,2023-08-22,32.0626106262207,43133000
XLF,2023-08-23,32.37732696533203,30240500
XLF,2023-08-24,32.26288604736328,35784900
XLF,2023-08-25,32.41546630859375,40347200
XLF,2023-08-28,32.5966682434082,34905300
XLF,2023-08-29,32.89231872558594,43394300
XLF,2023-08-30,32.911380767822266,33799900
XLF,2023-08-31,32.78740692138672,27999700
XLF,2023-09-01,33.083045959472656,41075700
XLF,2023-09-05,32.749263763427734,38612300
XLF,2023-09-06,32.73018264770508,35672800
XLF,2023-09-07,32.64434814453125,47632600
XLF,2023-09-08,32.71110916137695,39720800
XLF,2023-09-11,32.86369323730469,28965100
XLF,2023-09-12,33.083045959472656,48615200
XLF,2023-09-13,33.083045959472656,31994900
XLF,2023-09-14,33.38822555541992,65685500
XLF,2023-09-15,33.21656036376953,51800200
XLF,2023-09-18,33.30756378173828,32458700
XLF,2023-09-19,33.26924514770508,36112900
XLF,2023-09-20,33.03934860229492,31618000
XLF,2023-09-21,32.49331283569336,48103300
XLF,2023-09-22,32.24425506591797,41688300
XLF,2023-09-25,32.320892333984375,40141700
XLF,2023-09-26,31.889816284179688,46165400
XLF,2023-09-27,31.8419246673584,49360900
XLF,2023-09-28,32.07182312011719,63638100
XLF,2023-09-29,31.774852752685547,52860500
XLF,2023-10-02,31.506633758544922,49350600
XLF,2023-10-03,31.008514404296875,52921800
XLF,2023-10-04,31.23841667175293,40136000
XLF,2023-10-05,31.382104873657227,41407800
XLF,2023-10-06,31.650333404541016,54057800
XLF,2023-10-09,31.669490814208984,61396600
XLF,2023-10-10,31.89939308166504,44743400
XLF,2023-10-11,31.947298049926758,35746400
XLF,2023-10-12,31.74612808227539,41991200
XLF,2023-10-13,31.81317710876465,53213800
XLF,2023-10-16,32.148460388183594,45589300
XLF,2023-10-17,32.301734924316406,41925200
XLF,2023-10-18,31.74612808227539,46942100
XLF,2023-10-19,31.32463264465332,66656200
XLF,2023-10-20,30.845661163330078,59921300
XLF,2023-10-23,30.65407371520996,55913700
XLF,2023-10-24,30.864816665649414,35825000
XLF,2023-10-25,30.74986457824707,59240100
XLF,2023-10-26,30.682809829711914,56046100
XLF,2023-10-27,30.127208709716797,73057300
XLF,2023-10-30,30.66364860534668,48978100
XLF,2023-10-31,30.99892807006836,41050100
XLF,2023-11-01,31.20009994506836,51764100
XLF,2023-11-02,31.937719345092773,47417000
XLF,2023-11-03,32.35920715332031,58801300
XLF,2023-11-06,32.2634162902832,40599700
XLF,2023-11-07,32.21552276611328,27442000
XLF,2023-11-08,32.25382614135742,30165800
XLF,2023-11-09,32.11971664428711,34336600
XLF,2023-11-10,32.48373794555664,35146100
XLF,2023-11-13,32.43584060668945,28327300
XLF,2023-11-14,33.048927307128906,54296300
XLF,2023-11-15,33.230926513671875,35000200
XLF,2023-11-16,33.36503982543945,33222500
XLF,2023-11-17,33.5374755859375,31336100
XLF,2023-11-20,33.671592712402344,37285400
XLF,2023-11-21,33.65243148803711,27285700
XLF,2023-11-22,33.786537170410156,32719200
XLF,2023-11-24,33.89191436767578,13168500
XLF,2023-11-27,33.77695846557617,35017000
XLF,2023-11-28,33.76737976074219,39329300
XLF,2023-11-29,34.006858825683594,36651300
XLF,2023-11-30,34.390037536621094,37334500
XLF,2023-12-01,34.64868927001953,51267600
XLF,2023-12-04,34.6103630065918,41366600
XLF,2023-12-05,34.43793869018555,39510900
XLF,2023-12-06,34.26551055908203,35616100
XLF,2023-12-07,34.4283561706543,26050900
XLF,2023-12-08,34.6103630065918,33213100
XLF,2023-12-11,34.821102142333984,31165700
XLF,2023-12-12,35.07017135620117,37245700
XLF,2023-12-13,35.63536071777344,56989000
XLF,2023-12-14,35.98979949951172,66865700
XLF,2023-12-15,35.779052734375,69246200
XLF,2023-12-18,35.89842224121094,43434000
XLF,2023-12-19,36.16797637939453,32509000
XLF,2023-12-20,35.52297592163086,52985700
XLF,2023-12-21,35.86954116821289,27522200
XLF,2023-12-22,35.946556091308594,30331400
XLF,2023-12-26,36.09096145629883,17837600
XLF,2023-12-27,36.206478118896484,32640800
XLF,2023-12-28,36.312381744384766,25308000
XLF,2023-12-29,36.19685363769531,30218300
XLF,2024-01-02,36.35088348388672,31351900
XLF,2024-01-03,36.04282760620117,46909000
XLF,2024-01-04,36.187232971191406,36904200
XLF,2024-01-05,36.34125900268555,44852300
XLF,2024-01-08,36.572303771972656,39098300
XLF,2024-01-09,36.34125900268555,36338100
XLF,2024-01-10,36.399017333984375,37095500
XLF,2024-01-11,36.264244079589844,49043500
XLF,2024-01-12,36.19685363769531,41333900
XLF,2024-01-16,35.946556091308594,44042100
XLF,2024-01-17,35.879173278808594,38715900
XLF,2024-01-18,35.93693161010742,42064900
XLF,2024-01-19,36.5145378112793,59417700
XLF,2024-01-22,36.687828063964844,51828800
XLF,2024-01-23,36.745574951171875,46255500
XLF,2024-01-24,36.889984130859375,43975500
XLF,2024-01-25,37.07290267944336,50693800
XLF,2024-01-26,37.207672119140625,38620200
XLF,2024-01-29,37.3039436340332,44175600
XLF,2024-01-30,37.77565002441406,43229300
XLF,2024-01-31,37.31356430053711,65780900
XLF,2024-02-01,37.37132263183594,63445600
XLF,2024-02-02,37.525360107421875,61778400
XLF,2024-02-05,37.3039436340332,37351300
XLF,2024-02-06,37.380958557128906,41055700
XLF,2024-02-07,37.66012954711914,39018700
XLF,2024-02-08,37.51573181152344,47331500
XLF,2024-02-09,37.62162399291992,50680400
XLF,2024-02-12,37.79490661621094,39952700
XLF,2024-02-13,37.284690856933594,62948300
XLF,2024-02-14,37.64088439941406,58722500
XLF,2024-02-15,38.28586959838867,58107900
XLF,2024-02-16,38.15109634399414,37900000
XLF,2024-02-20,38.04520034790039,39952200
XLF,2024-02-21,38.160728454589844,40242400
XLF,2024-02-22,38.60355758666992,55188200
XLF,2024-02-23,38.79610061645508,42190500
XLF,2024-02-26,38.60355758666992,38370000
XLF,2024-02-27,38.709449768066406,42599500
XLF,2024-02-28,38.853858947753906,40040800
XLF,2024-02-29,38.8346061706543,37629700
XLF,2024-03-01,38.786468505859375,40794900
XLF,2024-03-04,38.88273620605469,53413200
XLF,2024-03-05,38.89236831665039,50770200
XLF,2024-03-06,39.09453201293945,58459500
XLF,2024-03-07,39.036773681640625,35505100
XLF,2024-03-08,39.104156494140625,47266600
XLF,2024-03-11,39.171539306640625,36233100
XLF,2024-03-12,39.33519744873047,53199300
XLF,2024-03-13,39.62400817871094,43471400
XLF,2024-03-14,39.30632019042969,65563400
XLF,2024-03-15,39.2678108215332,67568000
XLF,2024-03-18,39.49296569824219,39140600
XLF,2024-03-19,39.68622970581055,36748300
XLF,2024-03-20,40.15971755981445,52255300
XLF,2024-03-21,40.48825454711914,49209200
XLF,2024-03-22,40.02442932128906,32033000
XLF,2024-03-25,39.86982345581055,31784000
XLF,2024-03-26,40.00510025024414,30135500
XLF,2024-03-27,40.47858810424805,36670300
XLF,2024-03-28,40.700843811035156,41490200
XLF,2024-04-01,40.47858810424805,37537700
XLF,2024-04-02,40.26600646972656,36359800
XLF,2024-04-03,40.246681213378906,39715900
XLF,2024-04-04,39.792518615722656,52657500
XLF,2024-04-05,40.169376373291016,47540300
XLF,2024-04-08,40.34331130981445,35165700
XLF,2024-04-09,40.11140060424805,51953600
XLF,2024-04-10,39.51228713989258,59492800
XLF,2024-04-11,39.232051849365234,56870800
XLF,2024-04-12,38.71025848388672,81234800
XLF,2024-04-15,38.516990661621094,71800600
XLF,2024-04-16,38.25609588623047,66751300
XLF,2024-04-17,38.352718353271484,41561900
XLF,2024-04-18,38.48801040649414,48893400
XLF,2024-04-19,39.01947021484375,55513600
XLF,2024-04-22,39.49296569824219,50701200
XLF,2024-04-23,39.74420166015625,36488600
XLF,2024-04-24,39.73453903198242,33957500
XLF,2024-04-25,39.502628326416016,50365700
XLF,2024-04-26,39.44464111328125,35796900
XLF,2024-04-29,39.38666534423828,36596100
XLF,2024-04-30,39.00014114379883,34481600
XLF,2024-05-01,39.00014114379883,54717600
XLF,2024-05-02,39.09677505493164,37085100
XLF,2024-05-03,39.183746337890625,45012600
XLF,2024-05-06,39.68622970581055,42335600
XLF,2024-05-07,39.821502685546875,42601200
XLF,2024-05-08,39.96644973754883,28390900
XLF,2024-05-09,40.26600646972656,31594800
XLF,2024-05-10,40.42061996459961,34306800
XLF,2024-05-13,40.256343841552734,29570100
XLF,2024-05-14,40.45927047729492,30638300
XLF,2024-05-15,40.75882339477539,36138300
XLF,2024-05-16,40.75882339477539,36032700
XLF,2024-05-17,41.058380126953125,29813200
XLF,2024-05-20,40.497920989990234,35719600
XLF,2024-05-21,40.75882339477539,33413400
XLF,2024-05-22,40.52690505981445,38661100
XLF,2024-05-23,39.96644973754883,51768500
XLF,2024-05-24,40.208030700683594,23477300
XLF,2024-05-28,39.76353454589844,31004900
XLF,2024-05-29,39.44464111328125,40620200
XLF,2024-05-30,39.6572380065918,32769300
XLF,2024-05-31,40.23701095581055,38664000
XLF,2024-06-03,39.985782623291016,37855000
XLF,2024-06-04,39.802181243896484,27586400
XLF,2024-06-05,39.91813659667969,23817300
XLF,2024-06-06,39.89881134033203,39040200
XLF,2024-06-07,40.0824089050293,42273300
XLF,2024-06-10,39.92779541015625,31615200
XLF,2024-06-11,39.4736328125,54584900
XLF,2024-06-12,39.43498611450195,46399800
XLF,2024-06-13,39.40599822998047,39497900
XLF,2024-06-14,39.28037643432617,29083000
XLF,2024-06-17,39.628238677978516,36076900
XLF,2024-06-18,39.879486083984375,38900300
XLF,2024-06-20,40.092071533203125,42869100
XLF,2024-06-21,39.93745803833008,42530600
XLF,2024-06-24,40.34783172607422,45252000
XLF,2024-06-25,40.04708480834961,32845400
XLF,2024-06-26,39.794857025146484,37978500
XLF,2024-06-27,39.74634552001953,25466100
XLF,2024-06-28,39.88216781616211,44045100
XLF,2024-07-01,39.969478607177734,36131100
XLF,2024-07-02,40.435142517089844,27033100
XLF,2024-07-03,40.30902099609375,21113200
XLF,2024-07-05,40.299320220947266,21421100
XLF,2024-07-08,40.192604064941406,27779300
XLF,2024-07-09,40.503047943115234,33140000
XLF,2024-07-10,40.65827178955078,28445400
XLF,2024-07-11,40.978416442871094,45836600
XLF,2024-07-12,41.11423110961914,39041200
XLF,2024-07-15,41.71571731567383,46561200
XLF,2024-07-16,42.19108200073242,52243100
XLF,2024-07-17,42.51122283935547,54773300
XLF,2024-07-18,41.99705505371094,58731300
XLF,2024-07-19,41.570186614990234,47220000
XLF,2024-07-22,41.80302047729492,29071100
XLF,2024-07-23,41.880638122558594,23800400
XLF,2024-07-24,41.30826187133789,47786900
XLF,2024-07-25,41.46348190307617,44862000
XLF,2024-07-26,42.113468170166016,32636300
XLF,2024-07-29,42.055259704589844,35195700
XLF,2024-07-30,42.54032516479492,31418700
XLF,2024-07-31,42.433616638183594,38694800
XLF,2024-08-01,41.83212661743164,47060900
XLF,2024-08-02,40.80378723144531,78599800
XLF,2024-08-05,39.6202278137207,107913600
XLF,2024-08-06,40.26051712036133,57668900
XLF,2024-08-07,40.30902099609375,43912600
XLF,2024-08-08,40.959022521972656,41260500
XLF,2024-08-09,41.13363265991211,23838800
XLF,2024-08-12,40.920204162597656,20509300
XLF,2024-08-13,41.25975036621094,24922000
XLF,2024-08-14,41.76422119140625,30673000
XLF,2024-08-15,42.15227508544922,33329000
XLF,2024-08-16,42.46272277832031,25338900
XLF,2024-08-19,42.69554901123047,24458600
XLF,2024-08-20,42.55973434448242,19620400
XLF,2024-08-21,42.4918212890625,19914100
XLF,2024-08-22,42.73434829711914,24738700
XLF,2024-08-23,43.10300827026367,32762500
XLF,2024-08-26,43.23881912231445,23716300
XLF,2024-08-27,43.46195602416992,21583500
XLF,2024-08-28,43.568668365478516,24726200
XLF,2024-08-29,43.95671844482422,33726600
XLF,2024-08-30,44.37388229370117,28967700
XLF,2024-09-03,44.044036865234375,39893900
XLF,2024-09-04,44.09254455566406,32006100
XLF,2024-09-05,43.607479095458984,39523500
XLF,2024-09-06,42.967185974121094,51331300
XLF,2024-09-09,43.607479095458984,41010900
XLF,2024-09-10,43.161216735839844,59115000
XLF,2024-09-11,42.957481384277344,59397500
XLF,2024-09-12,43.054500579833984,37732700
XLF,2024-09-13,43.18061828613281,32912300
XLF,2024-09-16,43.74329376220703,37063700
XLF,2024-09-17,43.97612380981445,27893300
XLF,2024-09-18,43.84030532836914,41783900
XLF,2024-09-19,44.325374603271484,46457700
XLF,2024-09-20,44.296268463134766,48699200
XLF,2024-09-23,44.242713928222656,31615300
XLF,2024-09-24,43.87272644042969,40341400
XLF,2024-09-25,43.60984420776367,32546900
XLF,2024-09-26,43.83378219604492,31445200
XLF,2024-09-27,43.96036148071289,23226100
XLF,2024-09-30,44.125877380371094,23593400
XLF,2024-10-01,43.8922004699707,32703000
XLF,2024-10-02,43.94089126586914,37709400
XLF,2024-10-03,43.707210540771484,23545700
XLF,2024-10-04,44.447181701660156,40432000
XLF,2024-10-07,43.901939392089844,26599300
XLF,2024-10-08,44.15508270263672,28763000
XLF,2024-10-09,44.56402587890625,28334300
XLF,2024-10-10,44.42770767211914,34127400
XLF,2024-10-11,45.284523010253906,52850300
XLF,2024-10-14,45.5668830871582,35850800
XLF,2024-10-15,45.66425323486328,42356800
XLF,2024-10-16,46.22896957397461,44973700
XLF,2024-10-17,46.35554122924805,45823400
XLF,2024-10-18,46.36528015136719,34279600
XLF,2024-10-21,45.99529266357422,26207400
XLF,2024-10-22,45.90766525268555,30018700
XLF,2024-10-23,45.868717193603516,20697200
XLF,2024-10-24,45.90766525268555,19617500
XLF,2024-10-25,45.4013671875,25526500
XLF,2024-10-28,45.96607971191406,31415900
XLF,2024-10-29,45.68372344970703,27930900
XLF,2024-10-30,45.88819122314453,28704300
XLF,2024-10-31,45.255313873291016,53417100
XLF,2024-11-01,45.411102294921875,40139900
XLF,2024-11-04,45.06058883666992,41705600
XLF,2024-11-05,45.479251861572266,35221800
XLF,2024-11-06,48.24441909790039,153473400
XLF,2024-11-07,47.46550369262695,70611400
XLF,2024-11-08,47.8939094543457,60376500
XLF,2024-11-11,48.57546615600586,63654700
XLF,2024-11-12,48.429420471191406,58512400
XLF,2024-11-13,48.4586296081543,31880700
XLF,2024-11-14,48.33205032348633,38252800
XLF,2024-11-15,48.555992126464844,40741500
XLF,2024-11-18,48.70204162597656,27141600
XLF,2024-11-19,48.380733489990234,27014700
XLF,2024-11-20,48.23468780517578,33932500
XLF,2024-11-21,48.848087310791016,50881800
XLF,2024-11-22,49.393333435058594,42050800
XLF,2024-11-25,49.71464157104492,47492500
XLF,2024-11-26,49.812007904052734,28418400
XLF,2024-11-27,49.90937042236328,31803700
XLF,2024-11-29,49.98725509643555,15178400
XLF,2024-12-02,49.49070358276367,55483600
XLF,2024-12-03,49.12071228027344,46924300
XLF,2024-12-04,48.93571472167969,41017400
XLF,2024-12-05,49.08176803588867,33599300
XLF,2024-12-06,49.07202911376953,23439400
XLF,2024-12-09,48.40020751953125,41998300
XLF,2024-12-10,48.390472412109375,38861800
XLF,2024-12-11,48.48783874511719,35035900
XLF,2024-12-12,48.27363204956055,23107300
XLF,2024-12-13,48.23468780517578,39160400
XLF,2024-12-16,48.14706039428711,35242800
XLF,2024-12-17,47.80628204345703,46103300
XLF,2024-12-18,46.37501525878906,72399500
XLF,2024-12-19,46.540531158447266,63641000
XLF,2024-12-20,47.2318229675293,56066100
XLF,2024-12-23,47.345252990722656,43033300
XLF,2024-12-24,47.9025993347168,18350500
XLF,2024-12-26,48.01993942260742,20805600
XLF,2024-12-27,47.66792678833008,33852400
XLF,2024-12-30,47.20835876464844,34819800
XLF,2024-12-31,47.25725555419922,25170500
XLI,2020-01-02,74.96611022949219,16121300
XLI,2020-01-03,74.82159423828125,17571300
XLI,2020-01-06,74.84870910644531,16153100
XLI,2020-01-07,74.69517517089844,16675400
XLI,2020-01-08,74.94804382324219,10677700
XLI,2020-01-09,75.26412963867188,7407200
XLI,2020-01-10,74.73128509521484,8856800
XLI,2020-01-13,75.34542083740234,7893800
XLI,2020-01-14,75.35442352294922,9649400
XLI,2020-01-15,75.4718246459961,12014500
XLI,2020-01-16,76.22140502929688,9493300
XLI,2020-01-17,76.2304458618164,7013400
XLI,2020-01-21,75.39055633544922,13005000
XLI,2020-01-22,74.99320983886719,7490500
XLI,2020-01-23,75.80599212646484,10758500
XLI,2020-01-24,75.45378875732422,13402200
XLI,2020-01-27,74.02687072753906,15013800
XLI,2020-01-28,74.50550842285156,14918000
XLI,2020-01-29,74.90289306640625,10355100
XLI,2020-01-30,74.98414611816406,13158200
XLI,2020-01-31,73.2502212524414,19083600
XLI,2020-02-03,73.22312927246094,15676600
XLI,2020-02-04,74.60486602783203,13597200
XLI,2020-02-05,75.85112762451172,12835800
XLI,2020-02-06,76.09497833251953,8627600
XLI,2020-02-07,75.54407501220703,12394500
XLI,2020-02-10,75.9685287475586,8074200
XLI,2020-02-11,76.25753784179688,6291400
XLI,2020-02-12,76.97100067138672,7808900
XLI,2020-02-13,76.5374984741211,8231500
XLI,2020-02-14,76.43814849853516,5319300
XLI,2020-02-18,76.0046615600586,10399700
XLI,2020-02-19,75.9775619506836,4638700
XLI,2020-02-20,75.86920166015625,9518700
XLI,2020-02-21,75.48987579345703,13184800
XLI,2020-02-24,73.34052276611328,18010100
XLI,2020-02-25,70.3512954711914,33000700
XLI,2020-02-26,69.81844329833984,32619800
XLI,2020-02-27,67.22655487060547,42597300
XLI,2020-02-28,65.99835968017578,79118200
XLI,2020-03-02,68.3193130493164,44798900
XLI,2020-03-03,66.6485824584961,53823900
XLI,2020-03-04,69.40303039550781,32387800
XLI,2020-03-05,66.00736999511719,28762200
XLI,2020-03-06,65.42939758300781,40681300
XLI,2020-03-09,59.39670181274414,24792500
XLI,2020-03-10,62.47625732421875,18385600
XLI,2020-03-11,58.809696197509766,28414900
XLI,2020-03-12,52.722816467285156,23659800
XLI,2020-03-13,56.8409423828125,18660300
XLI,2020-03-16,50.392826080322266,18656400
XLI,2020-03-17,52.71379089355469,24962200
XLI,2020-03-18,48.83046340942383,26018900
XLI,2020-03-19,48.86659240722656,16868000
XLI,2020-03-20,46.4192008972168,22341700
XLI,2020-03-23,44.386009216308594,34346400
XLI,2020-03-24,50.001380920410156,29349700
XLI,2020-03-25,52.631591796875,27753000
XLI,2020-03-26,55.9534912109375,22110200
XLI,2020-03-27,53.5963134765625,22486700
XLI,2020-03-30,54.379005432128906,15759000
XLI,2020-03-31,53.70553207397461,12883900
XLI,2020-04-01,51.28463363647461,16057100
XLI,2020-04-02,51.96723556518555,23895100
XLI,2020-04-03,51.275543212890625,15912400
XLI,2020-04-06,54.82495880126953,19306700
XLI,2020-04-07,54.69755172729492,18391000
XLI,2020-04-08,56.68159484863281,11986700
XLI,2020-04-09,57.53709030151367,21132300
XLI,2020-04-13,55.853389739990234,11086600
XLI,2020-04-14,56.918209075927734,15293600
XLI,2020-04-15,55.34372329711914,12758400
XLI,2020-04-16,54.85227584838867,16117600
XLI,2020-04-17,57.42787170410156,18372500
XLI,2020-04-20,55.89889144897461,10475100
XLI,2020-04-21,54.5792350769043,9553300
XLI,2020-04-22,55.1525993347168,9185000
XLI,2020-04-23,55.589454650878906,14256500
XLI,2020-04-24,56.035400390625,7139000
XLI,2020-04-27,57.42787170410156,9323200
XLI,2020-04-28,58.501792907714844,9938600
XLI,2020-04-29,59.62124252319336,12757000
XLI,2020-04-30,58.438087463378906,14309800
XLI,2020-05-01,56.672481536865234,9019200
XLI,2020-05-04,55.9534912109375,8551700
XLI,2020-05-05,56.17192840576172,8691200
XLI,2020-05-06,55.39833450317383,7048100
XLI,2020-05-07,56.04450607299805,8144500
XLI,2020-05-08,57.43699645996094,8661500
XLI,2020-05-11,56.71799087524414,8407700
XLI,2020-05-12,55.12529373168945,12329000
XLI,2020-05-13,53.741939544677734,15434500
XLI,2020-05-14,54.306190490722656,14221100
XLI,2020-05-15,54.11507034301758,17398000
XLI,2020-05-18,57.682701110839844,22117500
XLI,2020-05-19,56.94551467895508,12447700
XLI,2020-05-20,58.010353088378906,8644000
XLI,2020-05-21,58.14685821533203,7682300
XLI,2020-05-22,58.10135269165039,7113000
XLI,2020-05-26,60.54043960571289,14908000
XLI,2020-05-27,62.5609016418457,21918500
XLI,2020-05-28,61.96931457519531,17490200
XLI,2020-05-29,61.58707046508789,18881500
XLI,2020-06-01,61.723594665527344,12919200
XLI,2020-06-02,62.52448272705078,10852400
XLI,2020-06-03,64.96358489990234,16253300
XLI,2020-06-04,65.65526580810547,17880500
XLI,2020-06-05,68.06706237792969,19564100
XLI,2020-06-08,69.43221282958984,18906200
XLI,2020-06-09,67.70299530029297,15074600
XLI,2020-06-10,66.08301544189453,16694200
XLI,2020-06-11,61.44145202636719,26054800
XLI,2020-06-12,62.633705139160156,29161900
XLI,2020-06-15,63.25259780883789,18116200
XLI,2020-06-16,64.4903335571289,20563200
XLI,2020-06-17,64.02616882324219,9448200
XLI,2020-06-18,63.78953552246094,8632800
XLI,2020-06-19,63.0068473815918,15601300
XLI,2020-06-22,63.11288070678711,7932000
XLI,2020-06-23,63.122013092041016,8849600
XLI,2020-06-24,60.92805099487305,16922800
XLI,2020-06-25,61.60453414916992,11623700
XLI,2020-06-26,60.461856842041016,21429900
XLI,2020-06-29,62.445552825927734,10864700
XLI,2020-06-30,62.802066802978516,8868500
XLI,2020-07-01,62.51868438720703,9789000
XLI,2020-07-02,63.058048248291016,8279800
XLI,2020-07-06,63.96303939819336,10815400
XLI,2020-07-07,62.738075256347656,6111800
XLI,2020-07-08,62.738075256347656,8576500
XLI,2020-07-09,61.37601089477539,16782900
XLI,2020-07-10,62.17130661010742,9255300
XLI,2020-07-13,62.42728805541992,14570100
XLI,2020-07-14,63.78020477294922,12689500
XLI,2020-07-15,65.40740203857422,15472400
XLI,2020-07-16,65.4256820678711,13017100
XLI,2020-07-17,65.81877136230469,8605200
XLI,2020-07-20,65.01432037353516,9404600
XLI,2020-07-21,65.87360382080078,9344300
XLI,2020-07-22,66.4038314819336,7620200
XLI,2020-07-23,66.20269012451172,7538000
XLI,2020-07-24,65.67250061035156,10061400
XLI,2020-07-27,65.9467544555664,6198400
XLI,2020-07-28,65.48966979980469,5964500
XLI,2020-07-29,66.48609924316406,6935400
XLI,2020-07-30,65.81877136230469,9118700
XLI,2020-07-31,65.57193756103516,9836300
XLI,2020-08-03,65.84619140625,12737000
XLI,2020-08-04,66.01073455810547,6560900
XLI,2020-08-05,67.2722396850586,8520900
XLI,2020-08-06,67.5282211303711,5880600
XLI,2020-08-07,68.68006134033203,12952100
XLI,2020-08-10,70.37124633789062,15626800
XLI,2020-08-11,70.74602508544922,17263700
XLI,2020-08-12,70.97456359863281,12587200
XLI,2020-08-13,70.59977722167969,13298800
XLI,2020-08-14,70.87400817871094,5909700
XLI,2020-08-17,70.54493713378906,5898700
XLI,2020-08-18,70.16098022460938,5145500
XLI,2020-08-19,69.9781494140625,6297900
XLI,2020-08-20,69.60334777832031,10529300
XLI,2020-08-21,69.8867416381836,7113600
XLI,2020-08-24,71.14826965332031,10171400
XLI,2020-08-25,71.05682373046875,12076100
XLI,2020-08-26,71.09339141845703,6538500
XLI,2020-08-27,71.34939575195312,10260100
XLI,2020-08-28,72.02582550048828,10323900
XLI,2020-08-31,71.12997436523438,9908100
XLI,2020-09-01,71.85215759277344,14431600
XLI,2020-09-02,73.04054260253906,15333500
XLI,2020-09-03,70.99283599853516,19995100
XLI,2020-09-04,71.15738677978516,21632400
XLI,2020-09-08,69.82274627685547,14913700
XLI,2020-09-09,70.90143585205078,16222000
XLI,2020-09-10,69.99642944335938,16547200
XLI,2020-09-11,70.9471435546875,16124400
XLI,2020-09-14,71.9070053100586,9641800
XLI,2020-09-15,71.95271301269531,13583700
XLI,2020-09-16,72.68404388427734,10296200
XLI,2020-09-17,72.83028411865234,19265500
XLI,2020-09-18,72.01669311523438,13358700
XLI,2020-09-21,69.6260986328125,23188100
XLI,2020-09-22,70.31436920166016,7512500
XLI,2020-09-23,69.0571060180664,16388700
XLI,2020-09-24,69.15805053710938,12111100
XLI,2020-09-25,70.19506072998047,7346900
XLI,2020-09-28,71.46147918701172,7409600
XLI,2020-09-29,70.82828521728516,9633000
XLI,2020-09-30,70.6447525024414,12184900
XLI,2020-10-01,70.43367767333984,14045400
XLI,2020-10-02,71.22288513183594,17895400
XLI,2020-10-05,72.37002563476562,8880800
XLI,2020-10-06,71.4890365600586,12587300
XLI,2020-10-07,73.06747436523438,10049900
XLI,2020-10-08,73.79248046875,16341600
XLI,2020-10-09,74.06778717041016,12603500
XLI,2020-10-12,74.48991394042969,8662000
XLI,2020-10-13,73.66397094726562,11004600
XLI,2020-10-14,74.07694244384766,10052300
XLI,2020-10-15,74.34307861328125,12063800
XLI,2020-10-16,74.88451385498047,9422400
XLI,2020-10-19,73.9576416015625,8531000
XLI,2020-10-20,74.34307861328125,9806800
XLI,2020-10-21,73.590576171875,8009000
XLI,2020-10-22,74.19625854492188,6878200
XLI,2020-10-23,74.48991394042969,8038300
XLI,2020-10-26,72.6269760131836,10692400
XLI,2020-10-27,71.03934478759766,8736000
XLI,2020-10-28,68.70838165283203,17321800
XLI,2020-10-29,69.70868682861328,14272900
XLI,2020-10-30,69.6260986328125,15374700
XLI,2020-11-02,71.50737762451172,14166800
XLI,2020-11-03,73.61808013916016,16357500
XLI,2020-11-04,72.8564224243164,23229800
XLI,2020-11-05,74.57249450683594,12159300
XLI,2020-11-06,74.64591217041016,10091600
XLI,2020-11-09,77.1879653930664,25393800
XLI,2020-11-10,78.546142578125,18983800
XLI,2020-11-11,77.88540649414062,11081400
XLI,2020-11-12,76.99523162841797,10776400
XLI,2020-11-13,78.7021713256836,9280200
XLI,2020-11-16,80.62016296386719,14364100
XLI,2020-11-17,80.40910339355469,11029700
XLI,2020-11-18,80.05120849609375,11882700
XLI,2020-11-19,80.25308227539062,8451900
XLI,2020-11-20,79.52811431884766,7288200
XLI,2020-11-23,80.85877990722656,11396000
XLI,2020-11-24,82.27202606201172,13977000
XLI,2020-11-25,81.64799499511719,9382800
XLI,2020-11-27,81.51033020019531,5023100
XLI,2020-11-30,80.78533935546875,10379800
XLI,2020-12-01,80.58345031738281,14520400
XLI,2020-12-02,80.69357299804688,13219800
XLI,2020-12-03,80.90465545654297,11677400
XLI,2020-12-04,81.86823272705078,11754100
XLI,2020-12-07,81.47362518310547,7599000
XLI,2020-12-08,81.86823272705078,5038200
XLI,2020-12-09,82.0517578125,12047100
XLI,2020-12-10,81.2717056274414,11628000
XLI,2020-12-11,81.46446228027344,6577500
XLI,2020-12-14,80.40910339355469,6841800
XLI,2020-12-15,81.52867889404297,7351300
XLI,2020-12-16,81.02393341064453,6805000
XLI,2020-12-17,81.5195083618164,9088500
XLI,2020-12-18,81.52867889404297,8640000
XLI,2020-12-21,81.03661346435547,9071100
XLI,2020-12-22,80.6587905883789,11451100
XLI,2020-12-23,81.08267211914062,8939400
XLI,2020-12-24,81.09188842773438,2367400
XLI,2020-12-28,81.19327545166016,4849900
XLI,2020-12-29,80.70488739013672,6729500
XLI,2020-12-30,81.22089385986328,5019300
XLI,2020-12-31,81.59872436523438,6761600
XLI,2021-01-04,79.62671661376953,16200700
XLI,2021-01-05,80.41000366210938,16004600
XLI,2021-01-06,82.32670593261719,19500600
XLI,2021-01-07,82.77824401855469,10114900
XLI,2021-01-08,82.57553100585938,11043300
XLI,2021-01-11,82.5478744506836,11911100
XLI,2021-01-12,83.36799621582031,10408000
XLI,2021-01-13,82.64923858642578,9230300
XLI,2021-01-14,82.93488311767578,10669800
XLI,2021-01-15,81.85673522949219,12924800
XLI,2021-01-19,82.12398529052734,8933700
XLI,2021-01-20,82.63077545166016,8374300
XLI,2021-01-21,81.98575592041016,9601500
XLI,2021-01-22,81.56184387207031,9728800
XLI,2021-01-25,81.00896453857422,18249000
XLI,2021-01-26,80.2625503540039,10480800
XLI,2021-01-27,78.66837310791016,23140100
XLI,2021-01-28,79.83866119384766,17928300
XLI,2021-01-29,78.11544799804688,20895000
XLI,2021-02-01,78.92637634277344,11318700
XLI,2021-02-02,80.60350036621094,10443800
XLI,2021-02-03,80.6587905883789,9662900
XLI,2021-02-04,81.5250244140625,7113900
XLI,2021-02-05,82.00419616699219,7481900
XLI,2021-02-08,82.70451354980469,8848000
XLI,2021-02-09,82.91647338867188,8298500
XLI,2021-02-10,82.78744506835938,10982400
XLI,2021-02-11,82.61237335205078,8868500
XLI,2021-02-12,83.2113265991211,7983500
XLI,2021-02-16,83.12840270996094,8227600
XLI,2021-02-17,82.89804077148438,7266000
XLI,2021-02-18,82.48336791992188,6409500
XLI,2021-02-19,83.83796691894531,8737200
XLI,2021-02-22,84.10519409179688,10552200
XLI,2021-02-23,84.36322784423828,16573400
XLI,2021-02-24,85.95741271972656,16795900
XLI,2021-02-25,84.3724365234375,19945300
XLI,2021-02-26,83.49700927734375,18163400
XLI,2021-03-01,85.63487243652344,11494000
XLI,2021-03-02,85.3860855102539,11530700
XLI,2021-03-03,85.47822570800781,17497800
XLI,2021-03-04,84.11443328857422,27730400
XLI,2021-03-05,86.10485076904297,22816300
XLI,2021-03-08,87.00792694091797,16782400
XLI,2021-03-09,86.6485366821289,12484800
XLI,2021-03-10,87.92940521240234,17276200
XLI,2021-03-11,87.99391174316406,12211100
XLI,2021-03-12,89.17343139648438,10112800
XLI,2021-03-15,89.91985321044922,11390900
XLI,2021-03-16,88.63899230957031,12538800
XLI,2021-03-17,89.66184997558594,14844000
XLI,2021-03-18,89.57889556884766,16893400
XLI,2021-03-19,88.89698791503906,18430600
XLI,2021-03-22,88.8470687866211,12319900
XLI,2021-03-23,87.29419708251953,16949000
XLI,2021-03-24,87.93199157714844,14581900
XLI,2021-03-25,89.33698272705078,18519500
XLI,2021-03-26,90.88063049316406,14396000
XLI,2021-03-29,90.89909362792969,12712800
XLI,2021-03-30,91.29655456542969,10180500
XLI,2021-03-31,91.00078582763672,12291300
XLI,2021-04-01,91.30581665039062,11189300
XLI,2021-04-05,92.43351745605469,10789200
XLI,2021-04-06,92.21166229248047,8203000
XLI,2021-04-07,91.78646850585938,8865800
XLI,2021-04-08,92.00829315185547,9151600
XLI,2021-04-09,92.90493774414062,9655900
XLI,2021-04-12,93.24693298339844,7704800
XLI,2021-04-13,92.79398345947266,10612000
XLI,2021-04-14,92.91415405273438,9331900
XLI,2021-04-15,93.28388214111328,12631200
XLI,2021-04-16,93.48724365234375,10221900
XLI,2021-04-19,93.09902954101562,8140900
XLI,2021-04-20,92.0730209350586,13622200
XLI,2021-04-21,93.33011627197266,11352800
XLI,2021-04-22,92.85870361328125,11778700
XLI,2021-04-23,93.87544250488281,8126800
XLI,2021-04-26,93.59815979003906,7824800
XLI,2021-04-27,94.37460327148438,13774800
XLI,2021-04-28,94.18051147460938,7877900
XLI,2021-04-29,94.84602355957031,11035300
XLI,2021-04-30,94.21744537353516,9861200
XLI,2021-05-03,95.1880111694336,9445300
XLI,2021-05-04,95.60397338867188,11677400
XLI,2021-05-05,95.69638061523438,9989000
XLI,2021-05-06,96.3619155883789,18276400
XLI,2021-05-07,97.37870788574219,19343000
XLI,2021-05-10,97.47113037109375,16335500
XLI,2021-05-11,96.0291519165039,25425800
XLI,2021-05-12,93.72757720947266,18125700
XLI,2021-05-13,95.48381042480469,16457900
XLI,2021-05-14,96.80559539794922,11217700
XLI,2021-05-17,96.50981903076172,11547700
XLI,2021-05-18,95.10482025146484,11195500
XLI,2021-05-19,94.56871795654297,16656400
XLI,2021-05-20,94.78131866455078,11635300
XLI,2021-05-21,95.24346923828125,13420200
XLI,2021-05-24,95.8350601196289,7097900
XLI,2021-05-25,95.54851531982422,8574700
XLI,2021-05-26,95.85353088378906,7615800
XLI,2021-05-27,97.16610717773438,11467400
XLI,2021-05-28,97.16610717773438,7606300
XLI,2021-06-01,97.54507446289062,9456900
XLI,2021-06-02,97.26776123046875,7547800
XLI,2021-06-03,97.05516052246094,10342300
XLI,2021-06-04,97.36944580078125,7118200
XLI,2021-06-07,96.69469451904297,8298700
XLI,2021-06-08,96.94424438476562,8847800
XLI,2021-06-09,95.95521545410156,10967100
XLI,2021-06-10,95.48381042480469,10645200
XLI,2021-06-11,95.67790222167969,10113500
XLI,2021-06-14,95.24346923828125,11312100
XLI,2021-06-15,95.65017700195312,8948600
XLI,2021-06-16,94.74433898925781,13977900
XLI,2021-06-17,93.28388214111328,20842900
XLI,2021-06-18,92.0730209350586,21546100
XLI,2021-06-21,94.09813690185547,15499900
XLI,2021-06-22,94.20014190673828,10646400
XLI,2021-06-23,93.98687744140625,9136300
XLI,2021-06-24,94.71942138671875,11687400
XLI,2021-06-25,94.90486145019531,13039300
XLI,2021-06-28,94.40412139892578,11997600
XLI,2021-06-29,94.21868896484375,11134200
XLI,2021-06-30,94.95121002197266,13677200
XLI,2021-07-01,95.62812042236328,13858600
XLI,2021-07-02,95.77648162841797,9911600
XLI,2021-07-06,94.8584976196289,11564100
XLI,2021-07-07,95.80430603027344,14971800
XLI,2021-07-08,94.46903228759766,17419300
XLI,2021-07-09,95.96194458007812,13341900
XLI,2021-07-12,96.09175109863281,10846500
XLI,2021-07-13,95.16448211669922,14881700
XLI,2021-07-14,95.15521240234375,10140000
XLI,2021-07-15,95.34064483642578,11071600
XLI,2021-07-16,94.49685668945312,17307200
XLI,2021-07-19,92.52178955078125,23792700
XLI,2021-07-20,95.10884094238281,20937100
XLI,2021-07-21,96.01756286621094,14449600
XLI,2021-07-22,95.66521453857422,6318700
XLI,2021-07-23,96.07318878173828,8055800
XLI,2021-07-26,96.02684020996094,7488800
XLI,2021-07-27,95.49828338623047,12402200
XLI,2021-07-28,95.2757568359375,11996500
XLI,2021-07-29,96.02684020996094,9767700
XLI,2021-07-30,95.84137725830078,12824400
XLI,2021-08-02,95.18303680419922,15925500
XLI,2021-08-03,96.42554473876953,14814100
XLI,2021-08-04,95.11811065673828,16180900
XLI,2021-08-05,95.5632095336914,12561500
XLI,2021-08-06,96.00828552246094,8677100
XLI,2021-08-09,95.62812042236328,7469700
XLI,2021-08-10,96.60175323486328,12730900
XLI,2021-08-11,97.853515625,12817200
XLI,2021-08-12,97.66808319091797,9265300
XLI,2021-08-13,97.3620834350586,8909300
XLI,2021-08-16,97.69589233398438,10231100
XLI,2021-08-17,96.63883972167969,15569900
XLI,2021-08-18,95.58177185058594,11955100
XLI,2021-08-19,94.91413116455078,17529700
XLI,2021-08-20,95.16448211669922,11753000
XLI,2021-08-23,95.94337463378906,8471000
XLI,2021-08-24,96.42554473876953,7593200
XLI,2021-08-25,97.04683685302734,9404200
XLI,2021-08-26,96.62027740478516,9951100
XLI,2021-08-27,97.28790283203125,10484200
XLI,2021-08-30,97.1766357421875,6528200
XLI,2021-08-31,96.90773010253906,9621200
XLI,2021-09-01,96.53683471679688,13116800
XLI,2021-09-02,97.57536315917969,9633500
XLI,2021-09-03,96.9819107055664,9855000
XLI,2021-09-07,95.30358123779297,17842300
XLI,2021-09-08,95.43338775634766,13561600
XLI,2021-09-09,94.9697494506836,9406200
XLI,2021-09-10,94.5432357788086,9547800
XLI,2021-09-13,94.7935791015625,12451000
XLI,2021-09-14,93.6530532836914,11493500
XLI,2021-09-15,94.68231964111328,9175000
XLI,2021-09-16,94.03324127197266,10516200
XLI,2021-09-17,93.03179931640625,16250700
XLI,2021-09-20,91.96478271484375,21453500
XLI,2021-09-21,91.48104858398438,14345200
XLI,2021-09-22,92.2066650390625,13079900
XLI,2021-09-23,93.62063598632812,11439900
XLI,2021-09-24,93.81599426269531,8254500
XLI,2021-09-27,93.90900421142578,9338000
XLI,2021-09-28,92.82061004638672,17057300
XLI,2021-09-29,92.92294311523438,12148200
XLI,2021-09-30,91.01592254638672,24624300
XLI,2021-10-01,92.2624740600586,17051800
XLI,2021-10-04,91.76013946533203,20182900
XLI,2021-10-05,92.78343200683594,12987900
XLI,2021-10-06,93.1927261352539,14702500
XLI,2021-10-07,93.9183349609375,9669700
XLI,2021-10-08,93.90900421142578,8565100
XLI,2021-10-11,93.15550994873047,9984000
XLI,2021-10-12,92.84855651855469,10048700
XLI,2021-10-13,93.04387664794922,12416600
XLI,2021-10-14,94.80207061767578,9752800
XLI,2021-10-15,95.7137222290039,11775100
XLI,2021-10-18,95.77883911132812,6780200
XLI,2021-10-19,96.3462905883789,6911200
XLI,2021-10-20,96.95096588134766,9258500
XLI,2021-10-21,97.14630889892578,7824900
XLI,2021-10-22,97.49049377441406,9826300
XLI,2021-10-25,97.71373748779297,8093600
XLI,2021-10-26,97.10908508300781,12314000
XLI,2021-10-27,95.97418212890625,9015100
XLI,2021-10-28,97.1742172241211,9260400
XLI,2021-10-29,97.20211029052734,6831600
XLI,2021-11-01,97.47187805175781,10775200
XLI,2021-11-02,97.79747772216797,8833600
XLI,2021-11-03,97.5835189819336,11567300
XLI,2021-11-04,97.97422790527344,10201200
XLI,2021-11-05,98.9695816040039,12906400
XLI,2021-11-08,99.37890625,8928900
XLI,2021-11-09,99.63008117675781,10637300
XLI,2021-11-10,99.07191467285156,10326000
XLI,2021-11-11,98.66262817382812,5921200
XLI,2021-11-12,99.44402313232422,7929000
XLI,2021-11-15,99.63008117675781,7672400
XLI,2021-11-16,99.64867401123047,6625000
XLI,2021-11-17,99.05333709716797,8164300
XLI,2021-11-18,98.84866333007812,9806200
XLI,2021-11-19,98.35562896728516,8935600
XLI,2021-11-22,98.62539672851562,11911200
XLI,2021-11-23,98.7928466796875,14090400
XLI,2021-11-24,98.68120574951172,10760400
XLI,2021-11-26,96.01139831542969,14694100
XLI,2021-11-29,96.17884826660156,11693000
XLI,2021-11-30,93.7415542602539,21058800
XLI,2021-12-01,92.4392318725586,19783600
XLI,2021-12-02,95.1834716796875,21919300
XLI,2021-12-03,95.07183837890625,19584900
XLI,2021-12-06,96.68114471435547,14457500
XLI,2021-12-07,97.66725158691406,10563300
XLI,2021-12-08,97.90911865234375,10419600
XLI,2021-12-09,97.60212707519531,7325800
XLI,2021-12-10,98.00213623046875,8304100
XLI,2021-12-13,96.9881820678711,12690200
XLI,2021-12-14,96.06720733642578,13174200
XLI,2021-12-15,96.90442657470703,16908600
XLI,2021-12-16,96.95096588134766,11866200
XLI,2021-12-17,95.29508972167969,19332600
XLI,2021-12-20,93.76840209960938,17968300
XLI,2021-12-21,95.63591766357422,10497400
XLI,2021-12-22,95.90670776367188,8297000
XLI,2021-12-23,97.03657531738281,7047000
XLI,2021-12-27,98.06371307373047,5196000
XLI,2021-12-28,98.55860900878906,5368600
XLI,2021-12-29,98.73600769042969,5922300
XLI,2021-12-30,98.38117218017578,6190400
XLI,2021-12-31,98.8013687133789,7726100
XLI,2022-01-03,97.989013671875,10188300
XLI,2022-01-04,99.95923614501953,14572600
XLI,2022-01-05,99.00679779052734,16196100
XLI,2022-01-06,99.46434020996094,10437800
XLI,2022-01-07,99.43634796142578,11614900
XLI,2022-01-10,98.3158187866211,15670900
XLI,2022-01-11,98.90408325195312,11966500
XLI,2022-01-12,99.22157287597656,9938000
XLI,2022-01-13,99.43634796142578,10995400
XLI,2022-01-14,98.8387222290039,14758600
XLI,2022-01-18,97.69952392578125,13878100
XLI,2022-01-19,96.6070327758789,13367000
XLI,2022-01-20,95.37448120117188,16726100
XLI,2022-01-21,94.49674224853516,33329600
XLI,2022-01-24,95.03831481933594,37356500
XLI,2022-01-25,94.10454559326172,28146300
XLI,2022-01-26,93.28285217285156,27633700
XLI,2022-01-27,92.45181274414062,23186100
XLI,2022-01-28,93.09609985351562,22967200
XLI,2022-01-31,94.06721496582031,12183200
XLI,2022-02-01,95.36512756347656,17200700
XLI,2022-02-02,96.0280990600586,14199200
XLI,2022-02-03,94.49674224853516,14007400
XLI,2022-02-04,93.47894287109375,16025200
XLI,2022-02-07,93.55363464355469,10452100
XLI,2022-02-08,94.48739624023438,10376500
XLI,2022-02-09,95.78531646728516,13166200
XLI,2022-02-10,94.21660614013672,15560000
XLI,2022-02-11,92.77860260009766,18726900
XLI,2022-02-14,92.43311309814453,15297400
XLI,2022-02-15,93.82443237304688,10542100
XLI,2022-02-16,94.31932830810547,8222600
XLI,2022-02-17,92.59188842773438,10912200
XLI,2022-02-18,91.82616424560547,11969700
XLI,2022-02-22,90.9391098022461,16809500
XLI,2022-02-23,89.26765441894531,16296200
XLI,2022-02-24,90.4068603515625,27356100
XLI,2022-02-25,92.56382751464844,13511700
XLI,2022-02-28,93.27349090576172,18310700
XLI,2022-03-01,91.88221740722656,21884800
XLI,2022-03-02,93.84310913085938,16881400
XLI,2022-03-03,93.94583892822266,14831600
XLI,2022-03-04,93.74039459228516,17167400
XLI,2022-03-07,91.22856903076172,16533900
XLI,2022-03-08,90.66829681396484,22316800
XLI,2022-03-09,92.31172180175781,18757400
XLI,2022-03-10,92.19032287597656,13317200
XLI,2022-03-11,91.45268249511719,10695200
XLI,2022-03-14,91.76081085205078,12988000
XLI,2022-03-15,93.21747589111328,11204900
XLI,2022-03-16,94.45004272460938,15840900
XLI,2022-03-17,95.66393280029297,10897900
XLI,2022-03-18,96.0280990600586,14921800
XLI,2022-03-21,96.24451446533203,10821400
XLI,2022-03-22,96.76915740966797,8292000
XLI,2022-03-23,95.84165954589844,10475400
XLI,2022-03-24,96.57242584228516,7698900
XLI,2022-03-25,97.1720199584961,7350200
XLI,2022-03-28,97.20011901855469,7940900
XLI,2022-03-29,98.0995101928711,12157500
XLI,2022-03-30,97.98709869384766,8731200
XLI,2022-03-31,96.47872924804688,9441900
XLI,2022-04-01,95.72923278808594,11182200
XLI,2022-04-04,95.60745239257812,10436500
XLI,2022-04-05,94.24898529052734,15332800
XLI,2022-04-06,93.51823425292969,15573200
XLI,2022-04-07,93.83676147460938,12381300
XLI,2022-04-08,93.31211853027344,12923200
XLI,2022-04-11,93.0123291015625,11246300
XLI,2022-04-12,92.8624267578125,11473900
XLI,2022-04-13,93.73370361328125,7661100
XLI,2022-04-14,93.63066101074219,8252400
XLI,2022-04-18,93.302734375,8701000
XLI,2022-04-19,94.99849700927734,10920100
XLI,2022-04-20,95.51376342773438,8623000
XLI,2022-04-21,94.5394287109375,11117200
XLI,2022-04-22,92.2159652709961,12030400
XLI,2022-04-25,92.2159652709961,16391100
XLI,2022-04-26,90.20171356201172,14594100
XLI,2022-04-27,90.53900909423828,13363100
XLI,2022-04-28,91.56019592285156,13461600
XLI,2022-04-29,89.1336669921875,15135400
XLI,2022-05-02,89.32105255126953,19101300
XLI,2022-05-03,89.91128540039062,13315900
XLI,2022-05-04,92.51579284667969,18468900
XLI,2022-05-05,90.09867095947266,24943700
XLI,2022-05-06,89.48967742919922,24153900
XLI,2022-05-09,87.32553100585938,21188700
XLI,2022-05-10,86.7540283203125,22935000
XLI,2022-05-11,85.9670639038086,21838600
XLI,2022-05-12,86.12635040283203,18517400
XLI,2022-05-13,87.22247314453125,12837800
XLI,2022-05-16,87.10070037841797,10865900
XLI,2022-05-17,89.07747650146484,9490500
XLI,2022-05-18,85.7609634399414,11173000
XLI,2022-05-19,84.99273681640625,14482000
XLI,2022-05-20,84.07459259033203,15695100
XLI,2022-05-23,85.45179748535156,11989100
XLI,2022-05-24,85.40494537353516,9917000
XLI,2022-05-25,85.90150451660156,9460100
XLI,2022-05-26,87.6440658569336,8028100
XLI,2022-05-27,89.4428482055664,8669600
XLI,2022-05-31,88.72145080566406,14498300
XLI,2022-06-01,88.17808532714844,8713700
XLI,2022-06-02,89.86444091796875,8432500
XLI,2022-06-03,89.51781463623047,6828800
XLI,2022-06-06,89.89254760742188,8334500
XLI,2022-06-07,91.10111999511719,7427700
XLI,2022-06-08,89.45222473144531,7028700
XLI,2022-06-09,87.69090270996094,6737800
XLI,2022-06-10,85.10516357421875,10416600
XLI,2022-06-13,82.54750061035156,18353300
XLI,2022-06-14,82.34138488769531,10512800
XLI,2022-06-15,83.13770294189453,13335200
XLI,2022-06-16,80.36458587646484,13500700
XLI,2022-06-17,80.15848541259766,14253500
XLI,2022-06-21,81.62076568603516,9161600
XLI,2022-06-22,81.1690902709961,11136800
XLI,2022-06-23,80.75506591796875,9744400
XLI,2022-06-24,83.57801055908203,9634000
XLI,2022-06-27,83.3803939819336,6361300
XLI,2022-06-28,82.41120147705078,6476300
XLI,2022-06-29,81.93130493164062,6818200
XLI,2022-06-30,82.18534851074219,8708500
XLI,2022-07-01,82.90050506591797,11717900
XLI,2022-07-05,81.65840911865234,10994500
XLI,2022-07-06,82.12889862060547,9781700
XLI,2022-07-07,83.09811401367188,5865600
XLI,2022-07-08,82.72171020507812,4912800
XLI,2022-07-11,82.16654205322266,7985000
XLI,2022-07-12,81.91246795654297,8018000
XLI,2022-07-13,80.91502380371094,9498600
XLI,2022-07-14,80.45394897460938,6825200
XLI,2022-07-15,81.71485137939453,7855600
XLI,2022-07-18,81.2255630493164,6282000
XLI,2022-07-19,84.12378692626953,7326900
XLI,2022-07-20,84.77306365966797,8260600
XLI,2022-07-21,85.38468933105469,5899300
XLI,2022-07-22,85.11180877685547,5969800
XLI,2022-07-25,85.51643371582031,6154900
XLI,2022-07-26,85.05535125732422,5522200
XLI,2022-07-27,86.37273406982422,8662100
XLI,2022-07-28,88.17941284179688,8668500
XLI,2022-07-29,89.9955062866211,9000600
XLI,2022-08-01,90.08960723876953,8599400
XLI,2022-08-02,89.13922119140625,10039900
XLI,2022-08-03,89.97669219970703,5509400
XLI,2022-08-04,90.3060302734375,5339300
XLI,2022-08-05,90.44717407226562,7857300
XLI,2022-08-08,90.41895294189453,5606000
XLI,2022-08-09,90.08960723876953,4398000
XLI,2022-08-10,92.06566619873047,5967000
XLI,2022-08-11,92.55498504638672,5711600
XLI,2022-08-12,93.9476089477539,7808200
XLI,2022-08-15,94.17347717285156,6558400
XLI,2022-08-16,94.59689331054688,5564200
XLI,2022-08-17,93.8441162109375,6578800
XLI,2022-08-18,94.22052001953125,7003400
XLI,2022-08-19,93.00666046142578,6893400
XLI,2022-08-22,91.23761749267578,5804800
XLI,2022-08-23,91.40699005126953,9874700
XLI,2022-08-24,91.70808410644531,6443800
XLI,2022-08-25,93.11016082763672,6045900
XLI,2022-08-26,89.882568359375,8006200
XLI,2022-08-29,89.47796630859375,6386900
XLI,2022-08-30,88.1888427734375,9546600
XLI,2022-08-31,87.44544219970703,9683700
XLI,2022-09-01,87.5677719116211,8790000
XLI,2022-09-02,86.72090911865234,9839300
XLI,2022-09-06,86.8620376586914,11438600
XLI,2022-09-07,88.25471496582031,7934100
XLI,2022-09-08,88.5181655883789,6979900
XLI,2022-09-09,89.66616821289062,7440000
XLI,2022-09-12,90.20252227783203,5874000
XLI,2022-09-13,86.80558013916016,11236300
XLI,2022-09-14,86.63621520996094,8889400
XLI,2022-09-15,85.73284912109375,10688800
XLI,2022-09-16,83.94499969482422,19141400
XLI,2022-09-19,85.08430480957031,8455400
XLI,2022-09-20,84.02537536621094,6652500
XLI,2022-09-21,82.90969848632812,10846700
XLI,2022-09-22,81.66165161132812,8925600
XLI,2022-09-23,80.12995910644531,13831600
XLI,2022-09-26,79.28849029541016,9241600
XLI,2022-09-27,79.02373504638672,12179600
XLI,2022-09-28,80.763427734375,11920100
XLI,2022-09-29,79.36410522460938,9357400
XLI,2022-09-30,78.32408142089844,8935700
XLI,2022-10-03,80.68778991699219,8612500
XLI,2022-10-04,83.49588012695312,9676100
XLI,2022-10-05,83.04205322265625,7055800
XLI,2022-10-06,82.08712768554688,8813300
XLI,2022-10-07,80.51760864257812,7415200
XLI,2022-10-10,80.8012466430664,7564300
XLI,2022-10-11,80.7823486328125,8661700
XLI,2022-10-12,80.14887237548828,6727400
XLI,2022-10-13,81.91690826416016,18956100
XLI,2022-10-14,80.12049865722656,9432900
XLI,2022-10-17,81.86963653564453,9541100
XLI,2022-10-18,83.8457260131836,10160500
XLI,2022-10-19,83.25004577636719,7705500
XLI,2022-10-20,81.61437225341797,8773200
XLI,2022-10-21,83.85517120361328,13148200
XLI,2022-10-24,84.9708480834961,9388700
XLI,2022-10-25,86.11487579345703,9807900
XLI,2022-10-26,86.41744995117188,10250400
XLI,2022-10-27,87.42911529541016,9223900
XLI,2022-10-28,89.46190643310547,9161700
XLI,2022-10-31,89.20662689208984,9144900
XLI,2022-11-01,89.12152862548828,9673000
XLI,2022-11-02,87.5520248413086,13884600
XLI,2022-11-03,88.46915435791016,13331000
XLI,2022-11-04,89.88739013671875,11497500
XLI,2022-11-07,90.85176849365234,8286900
XLI,2022-11-08,91.64596557617188,8951500
XLI,2022-11-09,90.36957550048828,9217600
XLI,2022-11-10,94.16098022460938,18633600
XLI,2022-11-11,94.10423278808594,9975400
XLI,2022-11-14,93.5274887084961,8854100
XLI,2022-11-15,94.17044067382812,10514100
XLI,2022-11-16,93.48966979980469,9612000
XLI,2022-11-17,93.32894134521484,8753800
XLI,2022-11-18,94.01914978027344,7661500
XLI,2022-11-21,94.32170867919922,7072600
XLI,2022-11-22,95.04974365234375,7470200
XLI,2022-11-23,95.40901184082031,5649000
XLI,2022-11-25,95.77774810791016,2665900
XLI,2022-11-28,94.03805541992188,7870200
XLI,2022-11-29,94.61481475830078,5563400
XLI,2022-11-30,96.17487335205078,18295400
XLI,2022-12-01,96.20323181152344,13848600
XLI,2022-12-02,96.7516098022461,10767900
XLI,2022-12-05,95.13481903076172,11070700
XLI,2022-12-06,94.00968170166016,8854500
XLI,2022-12-07,93.88677978515625,7173700
XLI,2022-12-08,94.4446029663086,6462400
XLI,2022-12-09,93.6693344116211,7208000
XLI,2022-12-12,95.27665710449219,7043300
XLI,2022-12-13,95.63592529296875,17589500
XLI,2022-12-14,95.45628356933594,10428900
XLI,2022-12-15,93.14930725097656,11588400
XLI,2022-12-16,92.75218963623047,17357100
XLI,2022-12-19,92.26388549804688,8814700
XLI,2022-12-20,92.3779067993164,9294200
XLI,2022-12-21,94.11639404296875,8220700
XLI,2022-12-22,92.9194107055664,11024700
XLI,2022-12-23,93.47039794921875,6142400
XLI,2022-12-27,93.7553939819336,5213800
XLI,2022-12-28,92.5298843383789,6803900
XLI,2022-12-29,93.6698989868164,8309000
XLI,2022-12-30,93.29939270019531,6874400
XLI,2023-01-03,93.4989013671875,11407700
XLI,2023-01-04,94.32539367675781,12236000
XLI,2023-01-05,93.30889892578125,9649600
XLI,2023-01-06,95.86439514160156,16270200
XLI,2023-01-09,95.4368896484375,12846700
XLI,2023-01-10,95.95938873291016,9166200
XLI,2023-01-11,96.88089752197266,7395400
XLI,2023-01-12,97.45089721679688,9883200
XLI,2023-01-13,97.3368911743164,14206900
XLI,2023-01-17,96.51039123535156,9274900
XLI,2023-01-18,94.69589233398438,15026000
XLI,2023-01-19,92.74839782714844,17155600
XLI,2023-01-20,94.04039001464844,12816500
XLI,2023-01-23,95.06639862060547,11113600
XLI,2023-01-24,95.69338989257812,11341200
XLI,2023-01-25,95.16139221191406,11728300
XLI,2023-01-26,95.68389129638672,14985500
XLI,2023-01-27,96.0828857421875,14187300
XLI,2023-01-30,95.14238739013672,10057900
XLI,2023-01-31,96.75738525390625,10367500
XLI,2023-02-01,97.46039581298828,16673700
XLI,2023-02-02,98.22038269042969,13459800
XLI,2023-02-03,97.70738983154297,13567600
XLI,2023-02-06,97.46990203857422,10260900
XLI,2023-02-07,97.77391052246094,10946100
XLI,2023-02-08,97.22289276123047,7429700
XLI,2023-02-09,96.3488998413086,8882400
XLI,2023-02-10,97.03289794921875,7710500
XLI,2023-02-13,97.91638946533203,5781400
XLI,2023-02-14,97.650390625,7722200
XLI,2023-02-15,98.2583999633789,6005600
XLI,2023-02-16,97.24189758300781,8838600
XLI,2023-02-17,97.87838745117188,8779000
XLI,2023-02-21,95.63639068603516,9805000
XLI,2023-02-22,95.39888763427734,8867100
XLI,2023-02-23,95.84539031982422,8995600
XLI,2023-02-24,95.29438781738281,9288400
XLI,2023-02-27,96.13988494873047,8677600
XLI,2023-02-28,95.92140197753906,10854200
XLI,2023-03-01,96.30140686035156,10365100
XLI,2023-03-02,97.43189239501953,10570200
XLI,2023-03-03,98.48638153076172,12097400
XLI,2023-03-06,98.30590057373047,9715000
XLI,2023-03-07,97.04238891601562,11034200
XLI,2023-03-08,97.27039337158203,11508800
XLI,2023-03-09,95.83589172363281,11018100
XLI,2023-03-10,94.04989624023438,27405100
XLI,2023-03-13,93.51789855957031,28616500
XLI,2023-03-14,94.50591278076172,15383900
XLI,2023-03-15,92.17839813232422,34251600
XLI,2023-03-16,93.36589813232422,24105200
XLI,2023-03-17,91.83639526367188,23170200
XLI,2023-03-20,93.05262756347656,14476200
XLI,2023-03-21,94.13052368164062,11495200
XLI,2023-03-22,92.32765197753906,14178400
XLI,2023-03-23,92.0605697631836,15857500
XLI,2023-03-24,92.44212341308594,15993200
XLI,2023-03-27,93.21479034423828,7668400
XLI,2023-03-28,93.69172668457031,9909000
XLI,2023-03-29,95.05580139160156,9387900
XLI,2023-03-30,95.25611114501953,8160100
XLI,2023-03-31,96.51525115966797,12006400
XLI,2023-04-03,96.68696594238281,11174100
XLI,2023-04-04,94.52162170410156,18801900
XLI,2023-04-05,93.29109191894531,16606700
XLI,2023-04-06,93.2624740600586,10886000
XLI,2023-04-10,94.11144256591797,10568900
XLI,2023-04-11,94.67424011230469,9753200
XLI,2023-04-12,94.98902893066406,11277200
XLI,2023-04-13,95.34196472167969,12289300
XLI,2023-04-14,95.22750091552734,9255000
XLI,2023-04-17,95.98108673095703,8007100
XLI,2023-04-18,96.43895721435547,9924700
XLI,2023-04-19,96.36263275146484,7734400
XLI,2023-04-20,96.1909408569336,9265100
XLI,2023-04-21,95.97154998779297,10668600
XLI,2023-04-24,96.20048522949219,6942000
XLI,2023-04-25,94.42622375488281,12306900
XLI,2023-04-26,92.6424331665039,16058800
XLI,2023-04-27,94.47391510009766,14421500
XLI,2023-04-28,95.38965606689453,10714800
XLI,2023-05-01,95.90476989746094,8551100
XLI,2023-05-02,94.90316772460938,12240400
XLI,2023-05-03,94.54068756103516,13371600
XLI,2023-05-04,93.51049041748047,15150000
XLI,2023-05-05,94.9222640991211,9231300
XLI,2023-05-08,94.57884979248047,7610200
XLI,2023-05-09,94.7887191772461,8068100
XLI,2023-05-10,94.44530487060547,12580500
XLI,2023-05-11,93.87297058105469,11573800
XLI,2023-05-12,93.93974304199219,8552400
XLI,2023-05-15,94.39761352539062,8433600
XLI,2023-05-16,93.119384765625,9416200
XLI,2023-05-17,94.72193908691406,12387400
XLI,2023-05-18,95.40872955322266,10813000
XLI,2023-05-19,95.17980194091797,10028200
XLI,2023-05-22,95.16072845458984,9038600
XLI,2023-05-23,94.01605224609375,11744600
XLI,2023-05-24,92.80460357666016,11654900
XLI,2023-05-25,93.10984802246094,14259300
XLI,2023-05-26,93.80619812011719,10790500
XLI,2023-05-30,93.6631088256836,9828300
XLI,2023-05-31,92.3848876953125,13021500
XLI,2023-06-01,93.56770324707031,12573600
XLI,2023-06-02,96.28633117675781,21451300
XLI,2023-06-05,95.61859893798828,9655500
XLI,2023-06-06,96.21956634521484,10509400
XLI,2023-06-07,97.76486206054688,13384300
XLI,2023-06-08,97.93655395507812,10074600
XLI,2023-06-09,97.67900848388672,9870800
XLI,2023-06-12,98.37535095214844,9905000
XLI,2023-06-13,99.52003479003906,14474000
XLI,2023-06-14,99.25294494628906,14953600
XLI,2023-06-15,100.75057220458984,12776600
XLI,2023-06-16,100.58839416503906,14448400
XLI,2023-06-20,99.84137725830078,9527500
XLI,2023-06-21,100.39686584472656,12206200
XLI,2023-06-22,99.66899871826172,11641800
XLI,2023-06-23,98.91239929199219,11246200
XLI,2023-06-26,99.73604583740234,7639200
XLI,2023-06-27,100.93318176269531,8210200
XLI,2023-06-28,100.93318176269531,7866600
XLI,2023-06-29,101.91004943847656,10236000
XLI,2023-06-30,102.78154754638672,11431400
XLI,2023-07-03,102.80070495605469,6786800
XLI,2023-07-05,102.24524688720703,9504700
XLI,2023-07-06,101.47906494140625,11209500
XLI,2023-07-07,101.70893096923828,9359300
XLI,2023-07-10,103.15506744384766,11765400
XLI,2023-07-11,104.37135314941406,10283200
XLI,2023-07-12,104.18938446044922,13492900
XLI,2023-07-13,104.32347869873047,8964900
XLI,2023-07-14,104.01700592041016,9288100
XLI,2023-07-17,104.40966796875,6517700
XLI,2023-07-18,104.9938735961914,8098000
XLI,2023-07-19,104.94598388671875,8563500
XLI,2023-07-20,105.41527557373047,10643900
XLI,2023-07-21,104.91724395751953,8993400
XLI,2023-07-24,105.15667724609375,6754800
XLI,2023-07-25,105.0226058959961,8768400
XLI,2023-07-26,105.76004791259766,10555200
XLI,2023-07-27,104.85022735595703,11837800
XLI,2023-07-28,105.50146484375,7466600
XLI,2023-07-31,105.7504653930664,6587200
XLI,2023-08-01,106.06649780273438,9003600
XLI,2023-08-02,104.95555877685547,9905900
XLI,2023-08-03,104.29473876953125,7991700
XLI,2023-08-04,103.66265106201172,10631100
XLI,2023-08-07,104.9364013671875,8462600
XLI,2023-08-08,104.45755767822266,7669100
XLI,2023-08-09,104.40009307861328,7881500
XLI,2023-08-10,104.11277770996094,7259200
XLI,2023-08-11,104.28516387939453,5720300
XLI,2023-08-14,104.32347869873047,6113000
XLI,2023-08-15,102.99226379394531,6911700
XLI,2023-08-16,102.4176254272461,10281000
XLI,2023-08-17,101.55570220947266,10867800
XLI,2023-08-18,101.7472152709961,10763900
XLI,2023-08-21,101.62272644042969,6464700
XLI,2023-08-22,101.38330078125,8152300
XLI,2023-08-23,102.42721557617188,7643300
XLI,2023-08-24,101.18217468261719,9483700
XLI,2023-08-25,102.03456115722656,13142500
XLI,2023-08-28,102.86774444580078,7673700
XLI,2023-08-29,103.653076171875,9326500
XLI,2023-08-30,104.12236022949219,7849600
XLI,2023-08-31,103.653076171875,5593400
XLI,2023-09-01,104.19896697998047,7034200
XLI,2023-09-05,102.44635772705078,8452200
XLI,2023-09-06,102.00582122802734,8586600
XLI,2023-09-07,101.67061614990234,7561200
XLI,2023-09-08,101.16302490234375,6828700
XLI,2023-09-11,101.1917495727539,6308000
XLI,2023-09-12,100.82784271240234,8099500
XLI,2023-09-13,100.15743255615234,10646100
XLI,2023-09-14,101.14386749267578,10123900
XLI,2023-09-15,100.55965423583984,11446100
XLI,2023-09-18,100.67122650146484,6446700
XLI,2023-09-19,100.24810028076172,7360600
XLI,2023-09-20,99.85384368896484,8286700
XLI,2023-09-21,98.2191162109375,8931200
XLI,2023-09-22,97.88253784179688,10971200
XLI,2023-09-25,98.37297821044922,7355500
XLI,2023-09-26,96.87284851074219,11490500
XLI,2023-09-27,97.59404754638672,12676700
XLI,2023-09-28,98.00756072998047,9804800
XLI,2023-09-29,97.48828125,11041900
XLI,2023-10-02,96.53628540039062,11079200
XLI,2023-10-03,95.8631591796875,12055500
XLI,2023-10-04,96.17086029052734,11394500
XLI,2023-10-05,95.603515625,10336400
XLI,2023-10-06,96.91130065917969,13842700
XLI,2023-10-09,98.43065643310547,11059700
XLI,2023-10-10,99.02687072753906,9658200
XLI,2023-10-11,99.62305450439453,7806500
XLI,2023-10-12,98.7191390991211,8102200
XLI,2023-10-13,97.84407043457031,9598000
XLI,2023-10-16,98.88262939453125,8344100
XLI,2023-10-17,99.19034576416016,10707200
XLI,2023-10-18,96.79593658447266,13582700
XLI,2023-10-19,95.90162658691406,12535100
XLI,2023-10-20,94.91116333007812,13641000
XLI,2023-10-23,94.46881866455078,12076800
XLI,2023-10-24,95.18041229248047,9324300
XLI,2023-10-25,93.95915985107422,10996000
XLI,2023-10-26,93.56490325927734,15387400
XLI,2023-10-27,92.73790740966797,13062000
XLI,2023-10-30,93.891845703125,11242700
XLI,2023-10-31,94.58422088623047,10540200
XLI,2023-11-01,94.89192962646484,14715300
XLI,2023-11-02,96.84400939941406,10739800
XLI,2023-11-03,97.69983673095703,10001200
XLI,2023-11-06,97.4402084350586,6899400
XLI,2023-11-07,97.19979858398438,7244500
XLI,2023-11-08,97.42095947265625,7494200
XLI,2023-11-09,97.20941162109375,12232900
XLI,2023-11-10,98.61336517333984,9576200
XLI,2023-11-13,98.69991302490234,6598000
XLI,2023-11-14,100.68083953857422,12873000
XLI,2023-11-15,100.89239501953125,8516300
XLI,2023-11-16,100.91162872314453,8611100
XLI,2023-11-17,101.55589294433594,8034400
XLI,2023-11-20,101.86360931396484,7338700
XLI,2023-11-21,101.78669738769531,7676500
XLI,2023-11-22,102.00786590576172,9059700
XLI,2023-11-24,102.25787353515625,4439200
XLI,2023-11-27,101.680908203125,9157900
XLI,2023-11-28,101.44050598144531,7976000
XLI,2023-11-29,101.82515716552734,9101400
XLI,2023-11-30,102.94062805175781,14101600
XLI,2023-12-01,104.56575012207031,13279800
XLI,2023-12-04,104.73883819580078,11010900
XLI,2023-12-05,103.89263153076172,10056300
XLI,2023-12-06,104.35420227050781,8336300
XLI,2023-12-07,104.45034790039062,8457600
XLI,2023-12-08,104.77729797363281,7150000
XLI,2023-12-11,105.77737426757812,9380200
XLI,2023-12-12,106.25818634033203,6524600
XLI,2023-12-13,107.44097900390625,12976800
XLI,2023-12-14,108.82568359375,15473800
XLI,2023-12-15,108.68144226074219,13800900
XLI,2023-12-18,108.6766128540039,6977200
XLI,2023-12-19,109.51779174804688,5249400
XLI,2023-12-20,107.74842071533203,8329600
XLI,2023-12-21,108.86031341552734,6962100
XLI,2023-12-22,109.3824234008789,5500100
XLI,2023-12-26,110.15592956542969,5181600
XLI,2023-12-27,110.32029724121094,5893900
XLI,2023-12-28,110.34930419921875,8240700
XLI,2023-12-29,110.21393585205078,7936300
XLI,2024-01-02,109.10203552246094,8558700
XLI,2024-01-03,107.47769927978516,18631200
XLI,2024-01-04,107.61304473876953,10715900
XLI,2024-01-05,107.7387466430664,7888100
XLI,2024-01-08,108.44457244873047,10855900
XLI,2024-01-09,108.10614776611328,8452000
XLI,2024-01-10,108.65727233886719,9109100
XLI,2024-01-11,108.40589141845703,9081700
XLI,2024-01-12,108.39623260498047,6631000
XLI,2024-01-16,107.30365753173828,10834200
XLI,2024-01-17,106.57850646972656,7604700
XLI,2024-01-18,108.01914978027344,9060600
XLI,2024-01-19,108.7249526977539,10355700
XLI,2024-01-22,109.56613159179688,9912900
XLI,2024-01-23,109.4791259765625,10275200
XLI,2024-01-24,108.80231475830078,9638600
XLI,2024-01-25,109.84652709960938,9898900
XLI,2024-01-26,109.67249298095703,7031100
XLI,2024-01-29,110.38797760009766,5849900
XLI,2024-01-30,110.42667388916016,8300000
XLI,2024-01-31,109.15037536621094,14462300
XLI,2024-02-01,111.00676727294922,13946100
XLI,2024-02-02,111.75127410888672,12830200
XLI,2024-02-05,111.14214324951172,9536700
XLI,2024-02-06,112.13803100585938,8722800
XLI,2024-02-07,112.88251495361328,7557100
XLI,2024-02-08,112.90184020996094,8532300
XLI,2024-02-09,113.07588195800781,10106000
XLI,2024-02-12,113.24027252197266,8383200
XLI,2024-02-13,112.08000183105469,14054200
XLI,2024-02-14,113.95574188232422,11889500
XLI,2024-02-15,114.80659484863281,11644100
XLI,2024-02-16,114.12010192871094,8740900
XLI,2024-02-20,113.76235961914062,7392100
XLI,2024-02-21,114.21680450439453,8873000
XLI,2024-02-22,115.6284408569336,10604300
XLI,2024-02-23,116.23756408691406,8757400
XLI,2024-02-26,116.06352233886719,7951300
XLI,2024-02-27,116.23756408691406,6275500
XLI,2024-02-28,116.63398742675781,8324000
XLI,2024-02-29,116.99172973632812,9662100
XLI,2024-03-01,117.4945068359375,10782400
XLI,2024-03-04,117.919921875,11886600
XLI,2024-03-05,116.95304870605469,11999000
XLI,2024-03-06,117.56217956542969,8644800
XLI,2024-03-07,118.50972747802734,7936800
XLI,2024-03-08,118.24866485595703,10157100
XLI,2024-03-11,117.6395263671875,9179300
XLI,2024-03-12,118.16163635253906,9125300
XLI,2024-03-13,118.480712890625,8009300
XLI,2024-03-14,117.9779281616211,9684800
XLI,2024-03-15,117.99726867675781,10739900
XLI,2024-03-18,118.20675659179688,7178800
XLI,2024-03-19,119.2251205444336,8842400
XLI,2024-03-20,120.6605224609375,10400900
XLI,2024-03-21,121.85345458984375,9965100
XLI,2024-03-22,121.43640899658203,6771100
XLI,2024-03-25,120.65082550048828,7658200
XLI,2024-03-26,120.2143783569336,7292700
XLI,2024-03-27,122.14441680908203,7162900
XLI,2024-03-28,122.163818359375,7287000
XLI,2024-04-01,121.22303009033203,6905300
XLI,2024-04-02,120.6605224609375,11049400
XLI,2024-04-03,121.28125,7589900
XLI,2024-04-04,120.2143783569336,10659800
XLI,2024-04-05,121.88253021240234,10718600
XLI,2024-04-08,121.6691665649414,6096100
XLI,2024-04-09,121.38793182373047,9042200
XLI,2024-04-10,120.35015869140625,14119500
XLI,2024-04-11,120.4859390258789,8228700
XLI,2024-04-12,119.1960220336914,11604300
XLI,2024-04-15,118.34254455566406,10374500
XLI,2024-04-16,118.07099151611328,11046200
XLI,2024-04-17,117.45997619628906,11084200
XLI,2024-04-18,117.05261993408203,9195800
XLI,2024-04-19,116.8392562866211,10832100
XLI,2024-04-22,117.72183990478516,10484900
XLI,2024-04-23,119.36090087890625,9870000
XLI,2024-04-24,118.41043090820312,11063800
XLI,2024-04-25,118.76927947998047,10321200
XLI,2024-04-26,118.96326446533203,6958100
XLI,2024-04-29,119.75855255126953,6339800
XLI,2024-04-30,117.85762786865234,15475900
XLI,2024-05-01,117.566650390625,15569500
XLI,2024-05-02,118.24555206298828,11999600
XLI,2024-05-03,119.06993865966797,9068500
XLI,2024-05-06,120.27256774902344,7157300
XLI,2024-05-07,120.6023178100586,5244200
XLI,2024-05-08,120.6023178100586,5062500
XLI,2024-05-09,121.80493927001953,6682000
XLI,2024-05-10,121.89224243164062,6038500
XLI,2024-05-13,121.37821197509766,5946900
XLI,2024-05-14,121.34912109375,5105700
XLI,2024-05-15,122.14441680908203,8404100
XLI,2024-05-16,121.4170150756836,7135900
XLI,2024-05-17,121.55280303955078,5714100
XLI,2024-05-20,121.78555297851562,4337600
XLI,2024-05-21,121.38793182373047,6010000
XLI,2024-05-22,121.53337860107422,7910500
XLI,2024-05-23,120.0979995727539,9078200
XLI,2024-05-24,120.70901489257812,7556800
XLI,2024-05-28,119.23482513427734,8525400
XLI,2024-05-29,117.5472640991211,16725400
XLI,2024-05-30,118.35223388671875,7816300
XLI,2024-05-31,119.78765106201172,9703500
XLI,2024-06-03,118.32315826416016,15241000
XLI,2024-06-04,118.0322036743164,10061500
XLI,2024-06-05,119.2251205444336,8666000
XLI,2024-06-06,118.51712036132812,6523900
XLI,2024-06-07,118.6432113647461,7036200
XLI,2024-06-10,119.0117416381836,6642600
XLI,2024-06-11,118.33283996582031,11217000
XLI,2024-06-12,119.4578857421875,11106700
XLI,2024-06-13,118.69169616699219,8056100
XLI,2024-06-14,117.49876403808594,15315800
XLI,2024-06-17,118.79838562011719,12522100
XLI,2024-06-18,119.43849182128906,8176500
XLI,2024-06-20,119.51609802246094,6350700
XLI,2024-06-21,119.263916015625,8231000
XLI,2024-06-24,119.77094268798828,8650600
XLI,2024-06-25,118.74908447265625,11365300
XLI,2024-06-26,118.42794799804688,7350500
XLI,2024-06-27,118.55445861816406,4804100
XLI,2024-06-28,118.60311889648438,9796400
XLI,2024-07-01,117.3282241821289,10008500
XLI,2024-07-02,117.97053527832031,6789000
XLI,2024-07-03,118.39875030517578,5467700
XLI,2024-07-05,117.97053527832031,6367100
XLI,2024-07-08,118.11651611328125,7405600
XLI,2024-07-09,117.60071563720703,4617900
XLI,2024-07-10,118.65177154541016,6930900
XLI,2024-07-11,120.16022491455078,11113900
XLI,2024-07-12,120.85118865966797,10565200
XLI,2024-07-15,121.71733856201172,9680800
XLI,2024-07-16,124.75369262695312,15501400
XLI,2024-07-17,123.15766143798828,14511200
XLI,2024-07-18,122.19420623779297,9267900
XLI,2024-07-19,121.5226821899414,9955300
XLI,2024-07-22,122.75865936279297,8334900
XLI,2024-07-23,122.52507781982422,9432900
XLI,2024-07-24,119.88773345947266,11370800
XLI,2024-07-25,120.85118865966797,14738900
XLI,2024-07-26,122.91436767578125,10620800
XLI,2024-07-29,122.70026397705078,8946500
XLI,2024-07-30,123.06033325195312,7811200
XLI,2024-07-31,124.43254852294922,10947600
XLI,2024-08-01,122.12606811523438,17283200
XLI,2024-08-02,119.4400634765625,16916300
XLI,2024-08-05,117.3671646118164,20012000
XLI,2024-08-06,118.7782974243164,13732600
XLI,2024-08-07,118.2041015625,8307700
XLI,2024-08-08,120.9290542602539,7976800
XLI,2024-08-09,120.9485092163086,5891400
XLI,2024-08-12,120.33540344238281,5733400
XLI,2024-08-13,121.60054779052734,7808300
XLI,2024-08-14,122.09687805175781,5506400
XLI,2024-08-15,123.74158477783203,5717400
XLI,2024-08-16,123.56639862060547,5448600
XLI,2024-08-19,124.31575775146484,3482900
XLI,2024-08-20,123.97513580322266,6443300
XLI,2024-08-21,124.7245101928711,4989200
XLI,2024-08-22,124.56877899169922,6355600
XLI,2024-08-23,125.81449127197266,5888000
XLI,2024-08-26,125.67823028564453,6226600
XLI,2024-08-27,125.7560806274414,4000900
XLI,2024-08-28,125.69770812988281,4336300
XLI,2024-08-29,126.58331298828125,8226000
XLI,2024-08-30,127.93606567382812,8347900
XLI,2024-09-03,125.10404968261719,9332600
XLI,2024-09-04,125.23056030273438,7809700
XLI,2024-09-05,123.77078247070312,8044500
XLI,2024-09-06,122.5153579711914,9567300
XLI,2024-09-09,124.39362335205078,7283100
XLI,2024-09-10,124.60770416259766,6270200
XLI,2024-09-11,124.83155822753906,7969700
XLI,2024-09-12,125.79501342773438,7012600
XLI,2024-09-13,127.06988525390625,7913800
XLI,2024-09-16,127.72195434570312,6400800
XLI,2024-09-17,128.4226531982422,7820700
XLI,2024-09-18,128.31558227539062,9191600
XLI,2024-09-19,130.5247344970703,8957800
XLI,2024-09-20,129.6099090576172,10907500
XLI,2024-09-23,130.47987365722656,8284000
XLI,2024-09-24,131.4171905517578,7507900
XLI,2024-09-25,130.80206298828125,4422400
XLI,2024-09-26,131.45620727539062,6620700
XLI,2024-09-27,131.6417236328125,5859200
XLI,2024-09-30,132.23731994628906,5321200
XLI,2024-10-01,132.30563354492188,9398600
XLI,2024-10-02,132.06153869628906,5189700
XLI,2024-10-03,131.38787841796875,6361400
XLI,2024-10-04,132.30563354492188,5797100
XLI,2024-10-07,131.98345947265625,5737800
XLI,2024-10-08,132.27635192871094,4980600
XLI,2024-10-09,133.45774841308594,5064800
XLI,2024-10-10,132.77430725097656,5495600
XLI,2024-10-11,135.14682006835938,8764800
XLI,2024-10-14,135.9571990966797,6817400
XLI,2024-10-15,134.91250610351562,7808900
XLI,2024-10-16,135.9571990966797,8207800
XLI,2024-10-17,135.56668090820312,5065100
XLI,2024-10-18,135.9767608642578,4782100
XLI,2024-10-21,135.49830627441406,5216700
XLI,2024-10-22,133.85804748535156,8579700
XLI,2024-10-23,133.46749877929688,8480700
XLI,2024-10-24,132.5497283935547,6720400
XLI,2024-10-25,132.19825744628906,6399300
XLI,2024-10-28,132.5887908935547,7132200
XLI,2024-10-29,132.4130401611328,11192300
XLI,2024-10-30,132.18849182128906,10469000
XLI,2024-10-31,130.66539001464844,16640000
XLI,2024-11-01,130.84109497070312,7482300
XLI,2024-11-04,130.69468688964844,6744400
XLI,2024-11-05,132.88169860839844,7469400
XLI,2024-11-06,138.0856475830078,17738800
XLI,2024-11-07,137.25576782226562,10062400
XLI,2024-11-08,138.7300567626953,8270000
XLI,2024-11-11,139.80404663085938,8237000
XLI,2024-11-12,138.60313415527344,7161100
XLI,2024-11-13,138.8960418701172,6033400
XLI,2024-11-14,136.55279541015625,9977100
XLI,2024-11-15,135.82052612304688,6628500
XLI,2024-11-18,135.63499450683594,6414200
XLI,2024-11-19,135.51783752441406,5554700
XLI,2024-11-20,135.664306640625,6527600
XLI,2024-11-21,137.36314392089844,9677300
XLI,2024-11-22,139.27682495117188,7924300
XLI,2024-11-25,140.145751953125,7411700
XLI,2024-11-26,140.31175231933594,6524900
XLI,2024-11-27,139.7942657470703,5561100
XLI,2024-11-29,140.58511352539062,3091500
XLI,2024-12-02,139.55018615722656,6217500
XLI,2024-12-03,138.67147827148438,4528000
XLI,2024-12-04,139.27682495117188,5727700
XLI,2024-12-05,137.58770751953125,5233900
XLI,2024-12-06,137.23622131347656,5432800
XLI,2024-12-09,136.04507446289062,7434200
XLI,2024-12-10,135.71311950683594,7382800
XLI,2024-12-11,135.4006805419922,6168900
XLI,2024-12-12,134.53172302246094,7081600
XLI,2024-12-13,134.18023681640625,6709900
XLI,2024-12-16,134.29739379882812,6573400
XLI,2024-12-17,133.06719970703125,6861700
XLI,2024-12-18,129.3082275390625,13428100
XLI,2024-12-19,129.1422576904297,12507400
XLI,2024-12-20,130.65560913085938,11849600
XLI,2024-12-23,130.62615966796875,8022300
XLI,2024-12-24,131.64669799804688,2972900
XLI,2024-12-26,131.7448272705078,4749500
XLI,2024-12-27,130.7635498046875,6060000
XLI,2024-12-30,129.4486541748047,8725500
XLI,2024-12-31,129.29164123535156,6009800
XLK,2020-01-02,44.24142837524414,26567000
XLK,2020-01-03,43.7440185546875,30023600
XLK,2020-01-06,43.848228454589844,15630000
XLK,2020-01-07,43.82929611206055,15363600
XLK,2020-01-08,44.298282623291016,23254400
XLK,2020-01-09,44.80043029785156,15554800
XLK,2020-01-10,44.69621658325195,15330600
XLK,2020-01-13,45.255210876464844,15524400
XLK,2020-01-14,45.042030334472656,16134600
XLK,2020-01-15,45.094139099121094,14417000
XLK,2020-01-16,45.70051574707031,11543200
XLK,2020-01-17,46.0084342956543,21661000
XLK,2020-01-21,45.98948669433594,17975000
XLK,2020-01-22,46.15529251098633,15491600
XLK,2020-01-23,46.37320327758789,14956400
XLK,2020-01-24,46.15529251098633,23617400
XLK,2020-01-27,45.056243896484375,35574600
XLK,2020-01-28,45.918426513671875,31184400
XLK,2020-01-29,46.03684616088867,21126600
XLK,2020-01-30,46.43478775024414,19933600
XLK,2020-01-31,45.160465240478516,26964600
XLK,2020-02-03,45.75735855102539,25075600
XLK,2020-02-04,46.95587921142578,19097800
XLK,2020-02-05,47.230648040771484,32697000
XLK,2020-02-06,47.6617431640625,13505600
XLK,2020-02-07,47.22591781616211,16598000
XLK,2020-02-10,47.865447998046875,16347600
XLK,2020-02-11,47.70438766479492,15105800
XLK,2020-02-12,48.22072982788086,12152800
XLK,2020-02-13,48.092830657958984,14802800
XLK,2020-02-14,48.30127716064453,12392400
XLK,2020-02-18,48.12125778198242,20633200
XLK,2020-02-19,48.69447326660156,16615600
XLK,2020-02-20,48.18757247924805,26324600
XLK,2020-02-21,47.10748291015625,29899000
XLK,2020-02-24,45.160465240478516,42365200
XLK,2020-02-25,43.71559143066406,62934400
XLK,2020-02-26,43.914554595947266,55759600
XLK,2020-02-27,41.54591751098633,67825800
XLK,2020-02-28,41.863319396972656,111854400
XLK,2020-03-02,44.28406524658203,70008600
XLK,2020-03-03,42.60233688354492,94989200
XLK,2020-03-04,44.430931091308594,44727600
XLK,2020-03-05,43.0286865234375,49019000
XLK,2020-03-06,42.11913299560547,57631800
XLK,2020-03-09,38.92146682739258,59119800
XLK,2020-03-10,41.51750183105469,71164600
XLK,2020-03-11,39.5562629699707,63304200
XLK,2020-03-12,35.69538879394531,65490600
XLK,2020-03-13,39.88313674926758,65849600
XLK,2020-03-16,34.37367630004883,81244800
XLK,2020-03-17,36.713897705078125,100814600
XLK,2020-03-18,35.33061599731445,107412400
XLK,2020-03-19,35.458518981933594,123454200
XLK,2020-03-20,33.833621978759766,90444000
XLK,2020-03-23,33.524574279785156,84958400
XLK,2020-03-24,36.9579963684082,75329000
XLK,2020-03-25,36.910369873046875,57480800
XLK,2020-03-26,39.196144104003906,56425800
XLK,2020-03-27,37.42466735839844,58485400
XLK,2020-03-30,39.000892639160156,47480200
XLK,2020-03-31,38.272300720214844,39988800
XLK,2020-04-01,36.44845199584961,54984800
XLK,2020-04-02,37.30085372924805,44223600
XLK,2020-04-03,36.72466278076172,31572000
XLK,2020-04-06,39.85805130004883,35987200
XLK,2020-04-07,39.50090408325195,44298800
XLK,2020-04-08,40.56283187866211,27428600
XLK,2020-04-09,40.57235336303711,39259800
XLK,2020-04-13,40.6628303527832,25301600
XLK,2020-04-14,42.36763000488281,31779000
XLK,2020-04-15,41.44379806518555,25858200
XLK,2020-04-16,41.94857406616211,23667600
XLK,2020-04-17,42.5057258605957,28284800
XLK,2020-04-20,41.82476043701172,20407000
XLK,2020-04-21,40.07234573364258,32765000
XLK,2020-04-22,41.615230560302734,24032000
XLK,2020-04-23,41.329524993896484,21169600
XLK,2020-04-24,42.20572280883789,16885000
XLK,2020-04-27,42.56764602661133,15598600
XLK,2020-04-28,42.000953674316406,25267600
XLK,2020-04-29,43.72480773925781,22925800
XLK,2020-04-30,43.529571533203125,30861200
XLK,2020-05-01,42.33430862426758,23990200
XLK,2020-05-04,42.89622116088867,21458000
XLK,2020-05-05,43.4867057800293,17374600
XLK,2020-05-06,43.824806213378906,16941000
XLK,2020-05-07,44.481964111328125,21088800
XLK,2020-05-08,45.13436508178711,15221600
XLK,2020-05-11,45.43437576293945,20768800
XLK,2020-05-12,44.49625015258789,27042000
XLK,2020-05-13,43.729576110839844,33942200
XLK,2020-05-14,44.28672790527344,30475200
XLK,2020-05-15,44.51054000854492,28032800
XLK,2020-05-18,45.60103988647461,20033400
XLK,2020-05-19,45.43437576293945,20092800
XLK,2020-05-20,46.429630279541016,18192000
XLK,2020-05-21,45.7819938659668,20581600
XLK,2020-05-22,45.94867706298828,18489600
XLK,2020-05-26,45.90105056762695,26001400
XLK,2020-05-27,46.1629638671875,38856800
XLK,2020-05-28,46.072479248046875,21147400
XLK,2020-05-29,46.6534423828125,35555000
XLK,2020-06-01,46.639156341552734,26719400
XLK,2020-06-02,47.077274322509766,22415200
XLK,2020-06-03,47.443939208984375,22035800
XLK,2020-06-04,47.05345153808594,15138800
XLK,2020-06-05,48.29158401489258,20756400
XLK,2020-06-08,48.534446716308594,16130200
XLK,2020-06-09,48.763023376464844,14707800
XLK,2020-06-10,49.577327728271484,24389600
XLK,2020-06-11,46.734405517578125,39742000
XLK,2020-06-12,47.33918762207031,43287000
XLK,2020-06-15,47.796321868896484,29924000
XLK,2020-06-16,48.815406799316406,27935800
XLK,2020-06-17,48.805885314941406,17324200
XLK,2020-06-18,49.02491760253906,13717200
XLK,2020-06-19,48.68682861328125,31280000
XLK,2020-06-22,49.604129791259766,14738000
XLK,2020-06-23,49.96226501464844,19028000
XLK,2020-06-24,48.8353385925293,25425600
XLK,2020-06-25,49.46087646484375,20534400
XLK,2020-06-26,48.48675537109375,44275600
XLK,2020-06-29,49.01679611206055,18547200
XLK,2020-06-30,49.895416259765625,16500000
XLK,2020-07-01,49.97658920288086,21709200
XLK,2020-07-02,50.267887115478516,19144600
XLK,2020-07-06,51.14649963378906,16046200
XLK,2020-07-07,50.6116828918457,15863600
XLK,2020-07-08,51.43778610229492,13327000
XLK,2020-07-09,51.6240234375,17767800
XLK,2020-07-10,51.60969543457031,14724600
XLK,2020-07-13,50.54005813598633,28910400
XLK,2020-07-14,51.12263107299805,30053200
XLK,2020-07-15,51.39957809448242,23779200
XLK,2020-07-16,50.764488220214844,17180600
XLK,2020-07-17,51.012794494628906,12710400
XLK,2020-07-20,52.31640625,17018400
XLK,2020-07-21,51.7911491394043,18794800
XLK,2020-07-22,52.206581115722656,15028000
XLK,2020-07-23,50.85044860839844,23349600
XLK,2020-07-24,50.23445129394531,22911600
XLK,2020-07-27,51.027122497558594,16908000
XLK,2020-07-28,50.43022918701172,17825400
XLK,2020-07-29,51.160831451416016,13187000
XLK,2020-07-30,51.447330474853516,21556800
XLK,2020-07-31,52.73184585571289,25185800
XLK,2020-08-03,54.03068923950195,24327000
XLK,2020-08-04,54.16916275024414,17971600
XLK,2020-08-05,54.36971664428711,12960200
XLK,2020-08-06,55.13373565673828,16399400
XLK,2020-08-07,54.312416076660156,27476200
XLK,2020-08-10,54.15962219238281,16481200
XLK,2020-08-11,53.185482025146484,18844400
XLK,2020-08-12,54.39359664916992,14196800
XLK,2020-08-13,54.41746520996094,11453600
XLK,2020-08-14,54.3792724609375,8334200
XLK,2020-08-17,54.74217224121094,8174600
XLK,2020-08-18,54.94751739501953,8930000
XLK,2020-08-19,54.88066482543945,14239400
XLK,2020-08-20,55.61124801635742,12803000
XLK,2020-08-21,56.31797790527344,15288600
XLK,2020-08-24,56.80503845214844,16440600
XLK,2020-08-25,57.091548919677734,18628200
XLK,2020-08-26,58.251914978027344,16463000
XLK,2020-08-27,58.29966354370117,18174200
XLK,2020-08-28,58.81059265136719,13092600
XLK,2020-08-31,58.99681854248047,19040000
XLK,2020-09-01,60.12376022338867,25612600
XLK,2020-09-02,60.65857696533203,40395000
XLK,2020-09-03,57.201377868652344,54162000
XLK,2020-09-04,56.403926849365234,62544200
XLK,2020-09-08,53.854007720947266,47860400
XLK,2020-09-09,55.61124801635742,36783800
XLK,2020-09-10,54.35539627075195,32109800
XLK,2020-09-11,53.93995666503906,37166400
XLK,2020-09-14,55.0716552734375,24730200
XLK,2020-09-15,55.616031646728516,18260400
XLK,2020-09-16,54.75651168823242,19637000
XLK,2020-09-17,54.30287170410156,30403600
XLK,2020-09-18,53.36693572998047,41837600
XLK,2020-09-21,53.81058120727539,38381800
XLK,2020-09-22,54.66243362426758,25537400
XLK,2020-09-23,52.95872497558594,23707800
XLK,2020-09-24,53.25544357299805,31838600
XLK,2020-09-25,54.528438568115234,19326600
XLK,2020-09-28,55.57172775268555,17473200
XLK,2020-09-29,55.38508224487305,20851000
XLK,2020-09-30,55.84929275512695,22318400
XLK,2020-10-01,56.437923431396484,27076400
XLK,2020-10-02,55.00700759887695,37251600
XLK,2020-10-05,56.21299743652344,12270600
XLK,2020-10-06,55.34199905395508,26862200
XLK,2020-10-07,56.356563568115234,12992400
XLK,2020-10-08,56.648494720458984,10109600
XLK,2020-10-09,57.51472091674805,14425400
XLK,2020-10-12,59.08442687988281,19163800
XLK,2020-10-13,58.706363677978516,17613800
XLK,2020-10-14,58.39529037475586,14534000
XLK,2020-10-15,58.13208770751953,13185000
XLK,2020-10-16,57.964576721191406,11544200
XLK,2020-10-19,56.90214920043945,16616400
XLK,2020-10-20,57.098358154296875,14566600
XLK,2020-10-21,57.012203216552734,12171800
XLK,2020-10-22,56.74421691894531,13486400
XLK,2020-10-23,56.6820068359375,10312800
XLK,2020-10-26,55.45207214355469,18189200
XLK,2020-10-27,55.72964096069336,19064800
XLK,2020-10-28,53.365509033203125,32756600
XLK,2020-10-29,54.255645751953125,19409000
XLK,2020-10-30,53.0544319152832,25848600
XLK,2020-11-02,53.18843078613281,24039800
XLK,2020-11-03,54.126434326171875,20970200
XLK,2020-11-04,56.23213577270508,30763800
XLK,2020-11-05,57.97893524169922,22189800
XLK,2020-11-06,58.184722900390625,19455200
XLK,2020-11-09,57.763580322265625,39768200
XLK,2020-11-10,56.686790466308594,23538400
XLK,2020-11-11,58.03157424926758,14488600
XLK,2020-11-12,57.51472091674805,14352800
XLK,2020-11-13,58.00286102294922,11851600
XLK,2020-11-16,58.56279373168945,14864200
XLK,2020-11-17,58.237361907958984,9939400
XLK,2020-11-18,57.61521911621094,9542800
XLK,2020-11-19,58.07943344116211,12155200
XLK,2020-11-20,57.48122024536133,9915800
XLK,2020-11-23,57.466854095458984,9807000
XLK,2020-11-24,58.26607131958008,13634000
XLK,2020-11-25,58.3905029296875,12186400
XLK,2020-11-27,58.70158004760742,7025800
XLK,2020-11-30,59.09400939941406,32229200
XLK,2020-12-01,59.850154876708984,22681200
XLK,2020-12-02,59.759220123291016,16038800
XLK,2020-12-03,59.72093200683594,13775400
XLK,2020-12-04,60.31915283203125,10358800
XLK,2020-12-07,60.49143981933594,8905400
XLK,2020-12-08,60.68764877319336,7886800
XLK,2020-12-09,59.524715423583984,17271800
XLK,2020-12-10,59.610862731933594,9997400
XLK,2020-12-11,59.4864387512207,13023200
XLK,2020-12-14,59.7017822265625,11055800
XLK,2020-12-15,60.69722366333008,9099200
XLK,2020-12-16,61.108795166015625,10309200
XLK,2020-12-17,61.59214782714844,11505000
XLK,2020-12-18,61.376792907714844,17693400
XLK,2020-12-21,61.438201904296875,15232200
XLK,2020-12-22,61.97064208984375,14334200
XLK,2020-12-23,61.50055694580078,11300800
XLK,2020-12-24,61.90828323364258,4384600
XLK,2020-12-28,62.608619689941406,8171000
XLK,2020-12-29,62.311214447021484,8841400
XLK,2020-12-30,62.27764129638672,8141400
XLK,2020-12-31,62.36878967285156,11058400
XLK,2021-01-04,61.35184860229492,21017200
XLK,2021-01-05,61.74999237060547,12361400
XLK,2021-01-06,60.685089111328125,27258000
XLK,2021-01-07,62.3208122253418,19652000
XLK,2021-01-08,62.723751068115234,12387600
XLK,2021-01-11,62.2056999206543,17853200
XLK,2021-01-12,61.90828323364258,17089200
XLK,2021-01-13,62.301631927490234,13605200
XLK,2021-01-14,61.75479507446289,15624800
XLK,2021-01-15,61.12160110473633,12641200
XLK,2021-01-19,61.917884826660156,11569600
XLK,2021-01-20,63.14586639404297,11770000
XLK,2021-01-21,63.96135330200195,8945200
XLK,2021-01-22,63.71669387817383,11243600
XLK,2021-01-25,64.24915313720703,18205200
XLK,2021-01-26,64.29231262207031,8593400
XLK,2021-01-27,63.07871627807617,24484600
XLK,2021-01-28,63.33774185180664,16181600
XLK,2021-01-29,61.84592056274414,19023200
XLK,2021-02-01,63.395294189453125,11232600
XLK,2021-02-02,64.25394439697266,8595000
XLK,2021-02-03,64.03327941894531,11574800
XLK,2021-02-04,65.05501556396484,8134200
XLK,2021-02-05,64.9111099243164,9413800
XLK,2021-02-08,65.59226989746094,11713200
XLK,2021-02-09,65.51551818847656,10552200
XLK,2021-02-10,65.4195785522461,9464400
XLK,2021-02-11,66.13912200927734,7565800
XLK,2021-02-12,66.47967529296875,6755600
XLK,2021-02-16,66.26382446289062,9722200
XLK,2021-02-17,65.67861938476562,15274800
XLK,2021-02-18,65.35722351074219,10954800
XLK,2021-02-19,65.26129150390625,11685600
XLK,2021-02-22,63.82222366333008,14262600
XLK,2021-02-23,63.64473342895508,24198400
XLK,2021-02-24,64.6185073852539,16472200
XLK,2021-02-25,62.35919952392578,34313800
XLK,2021-02-26,62.6901741027832,35511600
XLK,2021-03-01,64.70964813232422,24773800
XLK,2021-03-02,63.68311309814453,24802800
XLK,2021-03-03,62.08097839355469,29889600
XLK,2021-03-04,60.709068298339844,76955600
XLK,2021-03-05,61.85551071166992,46085800
XLK,2021-03-08,60.358890533447266,35242400
XLK,2021-03-09,62.411956787109375,22987200
XLK,2021-03-10,62.16250991821289,18459000
XLK,2021-03-11,63.49125289916992,13362800
XLK,2021-03-12,63.03554916381836,12442200
XLK,2021-03-15,63.707096099853516,16585000
XLK,2021-03-16,64.18678283691406,13106800
XLK,2021-03-17,64.1340103149414,19366400
XLK,2021-03-18,62.35440444946289,17584800
XLK,2021-03-19,62.16731643676758,27224800
XLK,2021-03-22,63.38971710205078,15984200
XLK,2021-03-23,62.995548248291016,12929200
XLK,2021-03-24,62.231239318847656,14209400
XLK,2021-03-25,62.19279861450195,22573000
XLK,2021-03-26,63.7742919921875,14883200
XLK,2021-03-29,63.44259262084961,17317800
XLK,2021-03-30,62.84171676635742,13235400
XLK,2021-03-31,63.84158706665039,15430400
XLK,2021-04-01,65.12503814697266,14351600
XLK,2021-04-05,66.47100067138672,12866800
XLK,2021-04-06,66.1874008178711,11315600
XLK,2021-04-07,66.5383071899414,10085200
XLK,2021-04-08,67.49970245361328,14144600
XLK,2021-04-09,68.1486587524414,9401000
XLK,2021-04-12,67.82177734375,15907000
XLK,2021-04-13,68.46109771728516,11315800
XLK,2021-04-14,67.73524475097656,11216200
XLK,2021-04-15,68.89852905273438,11028800
XLK,2021-04-16,68.88411712646484,11695600
XLK,2021-04-19,68.31210327148438,10254000
XLK,2021-04-20,67.7063980102539,9873400
XLK,2021-04-21,68.38899230957031,9254200
XLK,2021-04-22,67.58623504638672,11652200
XLK,2021-04-23,68.59569549560547,8886000
XLK,2021-04-26,68.94660949707031,7735000
XLK,2021-04-27,68.77836608886719,10822000
XLK,2021-04-28,68.13902282714844,10691200
XLK,2021-04-29,68.08135986328125,13416600
XLK,2021-04-30,67.15359497070312,10583400
XLK,2021-05-03,66.96612548828125,10805800
XLK,2021-05-04,65.76437377929688,19919600
XLK,2021-05-05,65.6057357788086,11245800
XLK,2021-05-06,66.26431274414062,14338600
XLK,2021-05-07,66.83152770996094,19196600
XLK,2021-05-10,65.14427185058594,20281000
XLK,2021-05-11,64.94719696044922,27046800
XLK,2021-05-12,63.120540618896484,29414600
XLK,2021-05-13,63.95695114135742,22610400
XLK,2021-05-14,65.36539459228516,16823000
XLK,2021-05-17,64.88468933105469,16267200
XLK,2021-05-18,64.36553955078125,11737200
XLK,2021-05-19,64.59146881103516,30581200
XLK,2021-05-20,65.82686614990234,16828200
XLK,2021-05-21,65.46635437011719,14148400
XLK,2021-05-24,66.6296615600586,13229000
XLK,2021-05-25,66.64885711669922,11245800
XLK,2021-05-26,66.6440658569336,13311400
XLK,2021-05-27,66.29315185546875,11354600
XLK,2021-05-28,66.52870178222656,9222600
XLK,2021-06-01,66.20181274414062,12907400
XLK,2021-06-02,66.65848541259766,10098200
XLK,2021-06-03,66.03838348388672,12721200
XLK,2021-06-04,67.30742645263672,11182600
XLK,2021-06-07,67.29299926757812,11784000
XLK,2021-06-08,67.29779815673828,8902600
XLK,2021-06-09,67.34587097167969,9763400
XLK,2021-06-10,67.84100341796875,11275400
XLK,2021-06-11,68.24478912353516,12100600
XLK,2021-06-14,68.93700408935547,11426600
XLK,2021-06-15,68.51396179199219,15079600
XLK,2021-06-16,68.14382934570312,19202800
XLK,2021-06-17,68.93217468261719,15864200
XLK,2021-06-18,68.3024673461914,20816600
XLK,2021-06-21,69.03446960449219,12276000
XLK,2021-06-22,69.66053009033203,9253200
XLK,2021-06-23,69.58346557617188,8271000
XLK,2021-06-24,70.02171325683594,12279000
XLK,2021-06-25,69.9398422241211,14385800
XLK,2021-06-28,70.67184448242188,12557400
XLK,2021-06-29,71.18714904785156,9829200
XLK,2021-06-30,71.1100845336914,11013600
XLK,2021-07-01,71.23046875,11636600
XLK,2021-07-02,72.1695785522461,12780000
XLK,2021-07-06,72.44404602050781,11870600
XLK,2021-07-07,72.83895111083984,14883800
XLK,2021-07-08,72.1502914428711,17086200
XLK,2021-07-09,72.81486511230469,9775800
XLK,2021-07-12,72.8726577758789,9619600
XLK,2021-07-13,73.17123413085938,15202800
XLK,2021-07-14,73.7105941772461,12886800
XLK,2021-07-15,73.10382080078125,12506200
XLK,2021-07-16,72.3814468383789,15080400
XLK,2021-07-19,71.38459014892578,24254000
XLK,2021-07-20,72.44404602050781,14715600
XLK,2021-07-21,73.14234161376953,12234000
XLK,2021-07-22,73.68171691894531,9577800
XLK,2021-07-23,74.41373443603516,12576200
XLK,2021-07-26,74.37519836425781,8993400
XLK,2021-07-27,73.67207336425781,18089800
XLK,2021-07-28,73.5805892944336,13941200
XLK,2021-07-29,73.92249298095703,12030600
XLK,2021-07-30,73.87432861328125,10148800
XLK,2021-08-02,73.6094741821289,12205200
XLK,2021-08-03,74.0814437866211,10824800
XLK,2021-08-04,74.2306900024414,11322800
XLK,2021-08-05,74.64005279541016,6674600
XLK,2021-08-06,74.57746124267578,7602800
XLK,2021-08-09,74.3366470336914,7198200
XLK,2021-08-10,73.8021011352539,10421400
XLK,2021-08-11,73.81173706054688,10831600
XLK,2021-08-12,74.23551940917969,6947800
XLK,2021-08-13,74.64005279541016,5630800
XLK,2021-08-16,74.9771728515625,9493800
XLK,2021-08-17,74.35592651367188,19052600
XLK,2021-08-18,73.33015441894531,13481200
XLK,2021-08-19,74.0477066040039,19291000
XLK,2021-08-20,75.0012435913086,14769400
XLK,2021-08-23,75.96923065185547,10802400
XLK,2021-08-24,75.88253784179688,9537000
XLK,2021-08-25,75.83920288085938,9430400
XLK,2021-08-26,75.36243438720703,12056600
XLK,2021-08-27,76.08963012695312,14088800
XLK,2021-08-30,76.90830993652344,10026800
XLK,2021-08-31,76.50376892089844,21971000
XLK,2021-09-01,76.52303314208984,20289800
XLK,2021-09-02,76.44116973876953,21769600
XLK,2021-09-03,76.74455261230469,21204800
XLK,2021-09-07,76.76382446289062,19721800
XLK,2021-09-08,76.47007751464844,11466400
XLK,2021-09-09,76.18111419677734,11161000
XLK,2021-09-10,75.42984771728516,17080200
XLK,2021-09-13,75.45392608642578,22637800
XLK,2021-09-14,75.35761260986328,18431600
XLK,2021-09-15,76.01737976074219,16339200
XLK,2021-09-16,76.06071472167969,16148600
XLK,2021-09-17,74.87603759765625,22663000
XLK,2021-09-20,73.5122299194336,35669400
XLK,2021-09-21,73.54116821289062,18455000
XLK,2021-09-22,74.54943084716797,27990600
XLK,2021-09-23,75.54804992675781,19534000
XLK,2021-09-24,75.60111236572266,11652400
XLK,2021-09-27,74.86785888671875,15015000
XLK,2021-09-28,72.64866638183594,38190600
XLK,2021-09-29,72.55699157714844,25012000
XLK,2021-09-30,72.03599548339844,33415600
XLK,2021-10-01,73.1214370727539,45483800
XLK,2021-10-04,71.4281234741211,50773000
XLK,2021-10-05,72.44605255126953,32967000
XLK,2021-10-06,72.9188232421875,40004800
XLK,2021-10-07,73.58457946777344,19895600
XLK,2021-10-08,73.30962371826172,18426400
XLK,2021-10-11,72.90435028076172,14970600
XLK,2021-10-12,72.52806091308594,17853400
XLK,2021-10-13,72.97189331054688,19521600
XLK,2021-10-14,74.6169662475586,15197200
XLK,2021-10-15,75.21517944335938,12779200
XLK,2021-10-18,75.85197448730469,11630200
XLK,2021-10-19,76.60458374023438,13201400
XLK,2021-10-20,76.3923110961914,12025400
XLK,2021-10-21,76.68658447265625,10023200
XLK,2021-10-22,76.4212417602539,12490000
XLK,2021-10-25,76.67211151123047,10336800
XLK,2021-10-26,76.8891830444336,13189600
XLK,2021-10-27,76.8216552734375,17448000
XLK,2021-10-28,77.5935287475586,12756800
XLK,2021-10-29,77.92642211914062,20131800
XLK,2021-11-01,77.81062316894531,24421200
XLK,2021-11-02,78.49567413330078,26814600
XLK,2021-11-03,78.95398712158203,25978600
XLK,2021-11-04,80.1889877319336,28691400
XLK,2021-11-05,80.60386657714844,24223600
XLK,2021-11-08,81.03807067871094,12781000
XLK,2021-11-09,80.7051773071289,16823000
XLK,2021-11-10,79.37370300292969,25788800
XLK,2021-11-11,79.74517059326172,10103800
XLK,2021-11-12,80.71483612060547,12244200
XLK,2021-11-15,80.63282012939453,12490200
XLK,2021-11-16,81.48189544677734,13538800
XLK,2021-11-17,81.23587799072266,15417800
XLK,2021-11-18,82.04634857177734,19964000
XLK,2021-11-19,82.64456939697266,17714600
XLK,2021-11-22,81.72311401367188,28451600
XLK,2021-11-23,81.53495788574219,29239800
XLK,2021-11-24,82.12836456298828,18241000
XLK,2021-11-26,80.07803344726562,24767800
XLK,2021-11-29,82.0801010131836,24979800
XLK,2021-11-30,81.39507293701172,54066800
XLK,2021-12-01,80.28065490722656,39084200
XLK,2021-12-02,81.01878356933594,46872400
XLK,2021-12-03,79.66315460205078,48470000
XLK,2021-12-06,80.4205551147461,37800400
XLK,2021-12-07,83.22828674316406,28691000
XLK,2021-12-08,83.60940551757812,23261600
XLK,2021-12-09,82.707275390625,17201000
XLK,2021-12-10,84.36681365966797,24776600
XLK,2021-12-13,83.11248779296875,20974000
XLK,2021-12-14,81.74724578857422,27094800
XLK,2021-12-15,83.91333770751953,28270800
XLK,2021-12-16,81.53495788574219,31275600
XLK,2021-12-17,80.98983001708984,44821600
XLK,2021-12-20,80.02653503417969,32649600
XLK,2021-12-21,82.05171966552734,16810800
XLK,2021-12-22,83.12474822998047,13376200
XLK,2021-12-23,83.58876037597656,9792600
XLK,2021-12-27,85.38191986083984,13266600
XLK,2021-12-28,84.937255859375,11422200
XLK,2021-12-29,85.009765625,9687800
XLK,2021-12-30,84.44908905029297,10526400
XLK,2021-12-31,84.03825378417969,10243000
XLK,2022-01-03,84.83576965332031,20302800
XLK,2022-01-04,83.93675231933594,16648000
XLK,2022-01-05,81.35572814941406,23628400
XLK,2022-01-06,80.94487762451172,23767200
XLK,2022-01-07,80.20053100585938,30488600
XLK,2022-01-10,80.21504211425781,32501400
XLK,2022-01-11,81.1768798828125,19207600
XLK,2022-01-12,81.5587158203125,18144000
XLK,2022-01-13,79.44651794433594,20942600
XLK,2022-01-14,80.1183853149414,22351400
XLK,2022-01-18,78.1946792602539,24694200
XLK,2022-01-19,77.10233306884766,24961400
XLK,2022-01-20,76.10665130615234,37609000
XLK,2022-01-21,74.59381866455078,48016600
XLK,2022-01-24,74.98048400878906,67413400
XLK,2022-01-25,73.24528503417969,48886200
XLK,2022-01-26,73.67544555664062,53596200
XLK,2022-01-27,73.16795349121094,39446800
XLK,2022-01-28,76.36766052246094,44236000
XLK,2022-01-31,78.28651428222656,29121000
XLK,2022-02-01,78.48950958251953,23389800
XLK,2022-02-02,79.12752532958984,25504800
XLK,2022-02-03,76.8316650390625,27865400
XLK,2022-02-04,77.14099884033203,29721400
XLK,2022-02-07,76.62866973876953,14622600
XLK,2022-02-08,77.57598876953125,21139800
XLK,2022-02-09,79.29669189453125,17795600
XLK,2022-02-10,77.2231674194336,31692200
XLK,2022-02-11,74.86445617675781,34878800
XLK,2022-02-14,74.84030151367188,41030400
XLK,2022-02-15,76.8074951171875,24437400
XLK,2022-02-16,76.73017120361328,20318200
XLK,2022-02-17,74.43426513671875,24906400
XLK,2022-02-18,73.68028259277344,25310800
XLK,2022-02-22,72.99877166748047,26893600
XLK,2022-02-23,71.17176055908203,37879400
XLK,2022-02-24,73.60296630859375,50967800
XLK,2022-02-25,74.60347747802734,28301600
XLK,2022-02-28,74.4681396484375,34822200
XLK,2022-03-01,72.97944641113281,29925000
XLK,2022-03-02,74.55998229980469,25592400
XLK,2022-03-03,73.67062377929688,23450600
XLK,2022-03-04,72.38008117675781,26731200
XLK,2022-03-07,69.73139190673828,32864200
XLK,2022-03-08,69.39307403564453,36898400
XLK,2022-03-09,72.13844299316406,35327400
XLK,2022-03-10,70.87691497802734,27448400
XLK,2022-03-11,69.6299057006836,21457800
XLK,2022-03-14,68.3393783569336,27852400
XLK,2022-03-15,70.63526916503906,22993800
XLK,2022-03-16,72.93108367919922,27176000
XLK,2022-03-17,73.44829559326172,18518800
XLK,2022-03-18,74.95146942138672,27897800
XLK,2022-03-21,74.80912017822266,22341400
XLK,2022-03-22,75.88410186767578,17485800
XLK,2022-03-23,74.71709442138672,12360600
XLK,2022-03-24,76.65886688232422,14263400
XLK,2022-03-25,76.61528778076172,14874600
XLK,2022-03-28,77.52565002441406,18593000
XLK,2022-03-29,79.17204284667969,18829800
XLK,2022-03-30,78.11641693115234,18680200
XLK,2022-03-31,76.95909118652344,19424000
XLK,2022-04-01,76.73149871826172,28209600
XLK,2022-04-04,78.18904876708984,23048200
XLK,2022-04-05,76.54264831542969,23588200
XLK,2022-04-06,74.73162841796875,34225400
XLK,2022-04-07,74.84783172607422,23200200
XLK,2022-04-08,73.8019027709961,26354600
XLK,2022-04-11,71.94245147705078,21595400
XLK,2022-04-12,71.62286376953125,22172200
XLK,2022-04-13,72.77532196044922,14446800
XLK,2022-04-14,71.00789642333984,17407000
XLK,2022-04-18,71.24029541015625,14060600
XLK,2022-04-19,72.5768051147461,13562200
XLK,2022-04-20,72.50898742675781,15652600
XLK,2022-04-21,71.27906036376953,18509200
XLK,2022-04-22,69.28401184082031,22094800
XLK,2022-04-25,70.32511138916016,28707600
XLK,2022-04-26,67.70541381835938,25953200
XLK,2022-04-27,68.707763671875,40048600
XLK,2022-04-28,71.45822143554688,27762400
XLK,2022-04-29,68.4802017211914,29589800
XLK,2022-05-02,69.52128601074219,37004400
XLK,2022-05-03,69.642333984375,27469800
XLK,2022-05-04,72.08769226074219,28650400
XLK,2022-05-05,68.62061309814453,36442200
XLK,2022-05-06,68.0685806274414,34862200
XLK,2022-05-09,65.43435668945312,41124600
XLK,2022-05-10,66.43187713623047,36370400
XLK,2022-05-11,64.33516693115234,34781800
XLK,2022-05-12,63.67176055908203,36506600
XLK,2022-05-13,65.78785705566406,24495400
XLK,2022-05-16,65.2067642211914,17423400
XLK,2022-05-17,67.09527587890625,18602200
XLK,2022-05-18,64.02523040771484,23670200
XLK,2022-05-19,63.32312774658203,20874800
XLK,2022-05-20,63.46352767944336,20252600
XLK,2022-05-23,64.92107391357422,17219600
XLK,2022-05-24,63.95743942260742,17122000
XLK,2022-05-25,64.70317077636719,13656600
XLK,2022-05-26,66.2575454711914,15556600
XLK,2022-05-27,68.49954223632812,16281800
XLK,2022-05-31,68.01049041748047,19420800
XLK,2022-06-01,67.8071060180664,13304800
XLK,2022-06-02,69.44866180419922,13868400
XLK,2022-06-03,67.78771209716797,11263800
XLK,2022-06-06,67.7925796508789,12589600
XLK,2022-06-07,68.60123443603516,11016600
XLK,2022-06-08,67.82647705078125,8814200
XLK,2022-06-09,66.01543426513672,9765200
XLK,2022-06-10,63.47807312011719,20886400
XLK,2022-06-13,60.66466522216797,36332600
XLK,2022-06-14,61.04720687866211,18250400
XLK,2022-06-15,62.33527755737305,25069600
XLK,2022-06-16,59.797889709472656,32690800
XLK,2022-06-17,60.3450813293457,27684200
XLK,2022-06-21,61.880680084228516,17245000
XLK,2022-06-22,61.618526458740234,15163400
XLK,2022-06-23,62.540958404541016,16042200
XLK,2022-06-24,64.78878784179688,25492200
XLK,2022-06-27,64.35184478759766,13917200
XLK,2022-06-28,62.424434661865234,15260800
XLK,2022-06-29,62.550662994384766,13607200
XLK,2022-06-30,61.715614318847656,15720400
XLK,2022-07-01,61.85641098022461,13930600
XLK,2022-07-05,62.6331901550293,14341000
XLK,2022-07-06,63.17207717895508,16167000
XLK,2022-07-07,64.47806549072266,13082200
XLK,2022-07-08,64.50719451904297,12627000
XLK,2022-07-11,63.61874008178711,11416600
XLK,2022-07-12,62.74971389770508,16553400
XLK,2022-07-13,62.58464813232422,15162600
XLK,2022-07-14,63.15753936767578,13728800
XLK,2022-07-15,64.26931762695312,13529200
XLK,2022-07-18,63.64787292480469,9897600
XLK,2022-07-19,65.58984375,12330600
XLK,2022-07-20,66.61421203613281,12537200
XLK,2022-07-21,67.55121612548828,12957600
XLK,2022-07-22,66.61909484863281,10583600
XLK,2022-07-25,66.19670867919922,13951200
XLK,2022-07-26,65.1237564086914,10167800
XLK,2022-07-27,67.92504119873047,17076200
XLK,2022-07-28,68.95913696289062,12408000
XLK,2022-07-29,70.01751708984375,10177400
XLK,2022-08-01,69.86701202392578,12515800
XLK,2022-08-02,69.3718032836914,15921800
XLK,2022-08-03,71.21668243408203,14243200
XLK,2022-08-04,71.54195404052734,11679800
XLK,2022-08-05,71.37688446044922,7921000
XLK,2022-08-08,70.77003479003906,11102200
XLK,2022-08-09,70.06122589111328,8565600
XLK,2022-08-10,71.97405242919922,19273200
XLK,2022-08-11,71.69245147705078,11025800
XLK,2022-08-12,73.11980438232422,8093600
XLK,2022-08-15,73.5810317993164,7162600
XLK,2022-08-16,73.3819808959961,10990600
XLK,2022-08-17,72.8576431274414,12632800
XLK,2022-08-18,73.236328125,9976800
XLK,2022-08-19,71.90605926513672,10146200
XLK,2022-08-22,69.90097045898438,10744200
XLK,2022-08-23,69.71652221679688,14777200
XLK,2022-08-24,69.76020050048828,8983200
XLK,2022-08-25,70.93994140625,7126600
XLK,2022-08-26,67.91048431396484,14321800
XLK,2022-08-29,67.0123291015625,13231600
XLK,2022-08-30,66.31322479248047,13268800
XLK,2022-08-31,65.66751098632812,14171400
XLK,2022-09-01,65.34709930419922,15988600
XLK,2022-09-02,64.49748229980469,16606600
XLK,2022-09-06,64.07025146484375,14990000
XLK,2022-09-07,65.09464263916016,11657000
XLK,2022-09-08,65.31794738769531,11210600
XLK,2022-09-09,66.60935974121094,11418600
XLK,2022-09-12,67.67743682861328,10181000
XLK,2022-09-13,64.08480072021484,20148800
XLK,2022-09-14,64.31784057617188,13229200
XLK,2022-09-15,62.837093353271484,14885200
XLK,2022-09-16,62.487548828125,20762200
XLK,2022-09-19,62.997108459472656,15683000
XLK,2022-09-20,62.627227783203125,12109400
XLK,2022-09-21,61.64897155761719,16808800
XLK,2022-09-22,61.02115249633789,16033800
XLK,2022-09-23,60.22298049926758,19396200
XLK,2022-09-26,59.8044319152832,17193600
XLK,2022-09-27,59.882301330566406,18714800
XLK,2022-09-28,60.51499557495117,18933400
XLK,2022-09-29,58.9381217956543,31096600
XLK,2022-09-30,57.808998107910156,19513000
XLK,2022-10-03,59.60002136230469,17332200
XLK,2022-10-04,61.60030746459961,17779000
XLK,2022-10-05,61.804725646972656,14600400
XLK,2022-10-06,61.2985725402832,14348200
XLK,2022-10-07,58.77751159667969,15749000
XLK,2022-10-10,57.78953552246094,16706200
XLK,2022-10-11,56.90375518798828,21044800
XLK,2022-10-12,56.728553771972656,14111600
XLK,2022-10-13,58.49036407470703,38114600
XLK,2022-10-14,56.845359802246094,22484000
XLK,2022-10-17,58.577972412109375,14599600
XLK,2022-10-18,59.07439422607422,13998000
XLK,2022-10-19,58.904056549072266,10984000
XLK,2022-10-20,58.9381217956543,12429600
XLK,2022-10-21,60.51499557495117,17126000
XLK,2022-10-24,61.35209655761719,13385200
XLK,2022-10-25,62.52503204345703,10265000
XLK,2022-10-26,61.13309860229492,15169400
XLK,2022-10-27,60.43712615966797,11694800
XLK,2022-10-28,63.065250396728516,14935400
XLK,2022-10-31,62.23301315307617,13292200
XLK,2022-11-01,61.712249755859375,9413200
XLK,2022-11-02,59.58055114746094,18092400
XLK,2022-11-03,57.828468322753906,16010600
XLK,2022-11-04,58.884586334228516,17896200
XLK,2022-11-07,59.867698669433594,10427600
XLK,2022-11-08,60.44200134277344,12722000
XLK,2022-11-09,58.869991302490234,11962600
XLK,2022-11-10,63.707679748535156,27932200
XLK,2022-11-11,64.79786682128906,15977800
XLK,2022-11-14,64.24302673339844,14526600
XLK,2022-11-15,65.02175903320312,12716200
XLK,2022-11-16,64.13111114501953,10095800
XLK,2022-11-17,64.21382904052734,8149600
XLK,2022-11-18,64.2868423461914,11912400
XLK,2022-11-21,63.595741271972656,8363800
XLK,2022-11-22,64.82707977294922,9019200
XLK,2022-11-23,65.40135192871094,9480600
XLK,2022-11-25,65.02175903320312,3263000
XLK,2022-11-28,63.62981033325195,13030200
XLK,2022-11-29,63.00684356689453,11570200
XLK,2022-11-30,66.17033386230469,23334400
XLK,2022-12-01,66.26278686523438,15165800
XLK,2022-12-02,65.87831115722656,8934400
XLK,2022-12-05,64.78325653076172,11526200
XLK,2022-12-06,63.39618682861328,11799200
XLK,2022-12-07,63.074989318847656,10413800
XLK,2022-12-08,64.10676574707031,8965800
XLK,2022-12-09,63.712554931640625,10402800
XLK,2022-12-12,65.1044692993164,14806200
XLK,2022-12-13,65.87345886230469,18607600
XLK,2022-12-14,65.3186264038086,19541000
XLK,2022-12-15,62.875450134277344,19223800
XLK,2022-12-16,62.04320526123047,23999200
XLK,2022-12-19,61.215885162353516,14276600
XLK,2022-12-20,61.30863571166992,12622000
XLK,2022-12-21,62.32386016845703,14670600
XLK,2022-12-22,60.7522087097168,15323600
XLK,2022-12-23,60.81566619873047,8231600
XLK,2022-12-27,60.239723205566406,9530200
XLK,2022-12-28,59.26841735839844,10362600
XLK,2022-12-29,60.82054138183594,10954200
XLK,2022-12-30,60.73756790161133,8905800
XLK,2023-01-03,60.161624908447266,15196200
XLK,2023-01-04,60.317813873291016,11813000
XLK,2023-01-05,59.146400451660156,11341000
XLK,2023-01-06,60.879112243652344,13825400
XLK,2023-01-09,61.58683395385742,21427200
XLK,2023-01-10,61.96754455566406,17209000
XLK,2023-01-11,63.04133987426758,13758000
XLK,2023-01-12,63.509883880615234,15358600
XLK,2023-01-13,63.69050598144531,10153200
XLK,2023-01-17,63.978458404541016,10425800
XLK,2023-01-18,63.15359878540039,13936000
XLK,2023-01-19,62.416587829589844,14645000
XLK,2023-01-20,64.10536193847656,14127800
XLK,2023-01-23,65.56475830078125,23472600
XLK,2023-01-24,65.53545379638672,12575600
XLK,2023-01-25,65.39881134033203,14342200
XLK,2023-01-26,66.44330596923828,11161800
XLK,2023-01-27,66.72151184082031,13549400
XLK,2023-01-30,65.4476089477539,9705600
XLK,2023-01-31,66.36034393310547,8871600
XLK,2023-02-01,67.9222183227539,18852800
XLK,2023-02-02,69.77693176269531,18824000
XLK,2023-02-03,69.19612121582031,16145400
XLK,2023-02-06,68.35173034667969,12977400
XLK,2023-02-07,70.06002044677734,15708200
XLK,2023-02-08,69.21563720703125,12577000
XLK,2023-02-09,68.83493041992188,12624000
XLK,2023-02-10,68.51769256591797,9861600
XLK,2023-02-13,69.7037353515625,8411800
XLK,2023-02-14,70.00146484375,12622000
XLK,2023-02-15,70.3284683227539,10491000
XLK,2023-02-16,69.10826873779297,13001200
XLK,2023-02-17,68.24434661865234,10606600
XLK,2023-02-21,66.6239013671875,12277800
XLK,2023-02-22,66.52629089355469,14338400
XLK,2023-02-23,67.62936401367188,13120000
XLK,2023-02-24,66.42378234863281,14347400
XLK,2023-02-27,66.78009033203125,9389000
XLK,2023-02-28,66.63365936279297,10485800
XLK,2023-03-01,66.14556884765625,15069400
XLK,2023-03-02,66.96067810058594,10969400
XLK,2023-03-03,68.40052795410156,14439600
XLK,2023-03-06,68.72755432128906,15999200
XLK,2023-03-07,67.8733901977539,14120000
XLK,2023-03-08,68.43470764160156,13247000
XLK,2023-03-09,67.4536361694336,15624600
XLK,2023-03-10,66.26760864257812,30556800
XLK,2023-03-13,66.62879180908203,34439400
XLK,2023-03-14,68.16625213623047,21202200
XLK,2023-03-15,68.20530700683594,23060000
XLK,2023-03-16,70.11859893798828,26086800
XLK,2023-03-17,70.02098846435547,23078600
XLK,2023-03-20,70.20980072021484,11981600
XLK,2023-03-21,70.77723693847656,13066400
XLK,2023-03-22,70.07282257080078,14224400
XLK,2023-03-23,71.21260070800781,17595800
XLK,2023-03-24,71.39846801757812,11872600
XLK,2023-03-27,70.84571838378906,10810600
XLK,2023-03-28,70.5130844116211,9968000
XLK,2023-03-29,71.9903564453125,14256600
XLK,2023-03-30,72.82683563232422,11202400
XLK,2023-03-31,73.8687515258789,15069800
XLK,2023-04-03,73.7513656616211,21142200
XLK,2023-04-04,73.34534454345703,15824800
XLK,2023-04-05,72.50888061523438,15737600
XLK,2023-04-06,72.9197769165039,15696000
XLK,2023-04-10,72.88063049316406,9517200
XLK,2023-04-11,72.19581604003906,12791600
XLK,2023-04-12,71.78491973876953,13235800
XLK,2023-04-13,73.1203384399414,13641800
XLK,2023-04-14,72.71432495117188,13003600
XLK,2023-04-17,72.97847747802734,8306000
XLK,2023-04-18,73.20349884033203,9212800
XLK,2023-04-19,72.99314880371094,8623200
XLK,2023-04-20,72.5137710571289,11416200
XLK,2023-04-21,72.27896881103516,12237600
XLK,2023-04-24,71.96101379394531,9079800
XLK,2023-04-25,70.42503356933594,11022600
XLK,2023-04-26,71.47184753417969,13603400
XLK,2023-04-27,72.98825073242188,12084800
XLK,2023-04-28,73.78070068359375,11792000
XLK,2023-05-01,73.8247299194336,8194400
XLK,2023-05-02,73.13500213623047,12058800
XLK,2023-05-03,72.5186538696289,11630200
XLK,2023-05-04,72.17134857177734,10861000
XLK,2023-05-05,73.98126983642578,12230000
XLK,2023-05-08,73.942138671875,6795600
XLK,2023-05-09,73.37469482421875,12473200
XLK,2023-05-10,74.26988220214844,10551800
XLK,2023-05-11,73.93724060058594,8956800
XLK,2023-05-12,73.83940124511719,7908000
XLK,2023-05-15,74.45086669921875,6796600
XLK,2023-05-16,74.52912902832031,9398200
XLK,2023-05-17,75.5221176147461,11916600
XLK,2023-05-18,77.06790924072266,15491200
XLK,2023-05-19,77.03364562988281,9805000
XLK,2023-05-22,77.1803970336914,10794200
XLK,2023-05-23,76.04063415527344,11691000
XLK,2023-05-24,75.48298645019531,10925600
XLK,2023-05-25,78.37885284423828,18078000
XLK,2023-05-26,80.60454559326172,15160000
XLK,2023-05-30,81.03500366210938,18123600
XLK,2023-05-31,80.35997009277344,19301000
XLK,2023-06-01,81.1768798828125,17419400
XLK,2023-06-02,81.64157104492188,14270600
XLK,2023-06-05,81.17198181152344,10909000
XLK,2023-06-06,81.15242004394531,9975600
XLK,2023-06-07,79.93928527832031,13703800
XLK,2023-06-08,80.80510711669922,10665200
XLK,2023-06-09,81.20623779296875,14413600
XLK,2023-06-12,82.97211456298828,13787200
XLK,2023-06-13,83.47593688964844,16595800
XLK,2023-06-14,84.3368911743164,16769000
XLK,2023-06-15,85.42283630371094,17732600
XLK,2023-06-16,84.71841430664062,17366600
XLK,2023-06-20,84.14588928222656,14137800
XLK,2023-06-21,82.90080261230469,12058000
XLK,2023-06-22,83.57727813720703,15224200
XLK,2023-06-23,82.67041015625,14729000
XLK,2023-06-26,82.0772933959961,10890200
XLK,2023-06-27,83.69490814208984,13833000
XLK,2023-06-28,83.74393463134766,11371600
XLK,2023-06-29,83.8909912109375,9128200
XLK,2023-06-30,85.22428894042969,11398400
XLK,2023-07-03,85.04293060302734,6182200
XLK,2023-07-05,84.5184326171875,9395600
XLK,2023-07-06,84.29293823242188,12116400
XLK,2023-07-07,83.92530059814453,11622200
XLK,2023-07-10,84.14588928222656,16877200
XLK,2023-07-11,84.32725524902344,9996000
XLK,2023-07-12,85.28311920166016,16104400
XLK,2023-07-13,86.39585876464844,9349200
XLK,2023-07-14,86.2684097290039,11543800
XLK,2023-07-17,87.371337890625,11858800
XLK,2023-07-18,88.36151123046875,16406000
XLK,2023-07-19,88.14092254638672,20990000
XLK,2023-07-20,86.38114166259766,24356000
XLK,2023-07-21,86.3370361328125,14871400
XLK,2023-07-24,86.4889907836914,11308200
XLK,2023-07-25,87.47917175292969,10802200
XLK,2023-07-26,86.3027114868164,15501600
XLK,2023-07-27,86.05271911621094,13857000
XLK,2023-07-28,87.22428131103516,11287400
XLK,2023-07-31,87.42524719238281,10138400
XLK,2023-08-01,87.5722885131836,8845800
XLK,2023-08-02,85.40567016601562,15818600
XLK,2023-08-03,85.0576400756836,11321000
XLK,2023-08-04,83.90078735351562,14431800
XLK,2023-08-07,84.13609313964844,9536000
XLK,2023-08-08,83.48904418945312,11461800
XLK,2023-08-09,82.4106216430664,14301800
XLK,2023-08-10,82.4204330444336,12731400
XLK,2023-08-11,81.81257629394531,10772000
XLK,2023-08-14,83.11649322509766,10328000
XLK,2023-08-15,82.2978744506836,9366400
XLK,2023-08-16,81.51356506347656,9779400
XLK,2023-08-17,80.73908233642578,12614800
XLK,2023-08-18,80.86161804199219,13658600
XLK,2023-08-21,82.40571594238281,13132800
XLK,2023-08-22,82.31256866455078,11361800
XLK,2023-08-23,83.79784393310547,10113200
XLK,2023-08-24,81.86651611328125,13929000
XLK,2023-08-25,82.6998291015625,15686600
XLK,2023-08-28,83.37628173828125,8963800
XLK,2023-08-29,85.0478286743164,13713800
XLK,2023-08-30,85.68998718261719,12266600
XLK,2023-08-31,86.10664367675781,11963400
XLK,2023-09-01,86.371337890625,9244600
XLK,2023-09-05,86.68016815185547,10060400
XLK,2023-09-06,85.76351165771484,18143200
XLK,2023-09-07,84.52332305908203,12513600
XLK,2023-09-08,84.69979095458984,8584800
XLK,2023-09-11,85.14098358154297,8272800
XLK,2023-09-12,83.59687042236328,12243000
XLK,2023-09-13,83.80766296386719,10008800
XLK,2023-09-14,84.41548919677734,9473200
XLK,2023-09-15,82.79295349121094,13116800
XLK,2023-09-18,83.19086456298828,9943800
XLK,2023-09-19,83.14665222167969,8236600
XLK,2023-09-20,81.83997344970703,10760400
XLK,2023-09-21,80.59223175048828,14741200
XLK,2023-09-22,80.76416015625,12537800
XLK,2023-09-25,81.02452087402344,10577400
XLK,2023-09-26,79.56554412841797,14926000
XLK,2023-09-27,79.6883544921875,11665200
XLK,2023-09-28,80.25326538085938,12829400
XLK,2023-09-29,80.52836608886719,15883800
XLK,2023-10-02,81.39295196533203,13656200
XLK,2023-10-03,80.0125732421875,14838800
XLK,2023-10-04,81.00978088378906,15194200
XLK,2023-10-05,81.11783599853516,12023000
XLK,2023-10-06,82.63577270507812,16625600
XLK,2023-10-09,83.06314849853516,13139200
XLK,2023-10-10,83.19086456298828,20402800
XLK,2023-10-11,83.96209716796875,10389200
XLK,2023-10-12,84.04069519042969,15405800
XLK,2023-10-13,82.83717346191406,15183200
XLK,2023-10-16,83.63298034667969,14544200
XLK,2023-10-17,83.24491119384766,15317800
XLK,2023-10-18,82.39015197753906,12862800
XLK,2023-10-19,81.9185562133789,19991800
XLK,2023-10-20,80.53329467773438,15350400
XLK,2023-10-23,80.62661743164062,15159000
XLK,2023-10-24,81.18170928955078,11180400
XLK,2023-10-25,80.22380065917969,15529600
XLK,2023-10-26,78.6911392211914,20646400
XLK,2023-10-27,79.14799499511719,16231600
XLK,2023-10-30,79.99784088134766,14180800
XLK,2023-10-31,80.56767272949219,10893600
XLK,2023-11-01,82.12488555908203,20945800
XLK,2023-11-02,83.51508331298828,16192600
XLK,2023-11-03,84.37474822998047,15661800
XLK,2023-11-06,84.92984008789062,11099200
XLK,2023-11-07,85.85828399658203,13029800
XLK,2023-11-08,86.34461212158203,10722400
XLK,2023-11-09,85.94178771972656,14374600
XLK,2023-11-10,88.18675231933594,13346400
XLK,2023-11-13,87.67094421386719,11725000
XLK,2023-11-14,89.42463684082031,16508400
XLK,2023-11-15,89.53765869140625,13147800
XLK,2023-11-16,89.98467254638672,11553600
XLK,2023-11-17,89.79800415039062,13277800
XLK,2023-11-20,91.09976959228516,11116200
XLK,2023-11-21,90.36292266845703,13350800
XLK,2023-11-22,90.76573181152344,11213400
XLK,2023-11-24,90.58887481689453,4193800
XLK,2023-11-27,90.5839614868164,8420000
XLK,2023-11-28,90.75590515136719,11012400
XLK,2023-11-29,90.82467651367188,10765400
XLK,2023-11-30,90.95731353759766,13744000
XLK,2023-12-01,91.16363525390625,13992200
XLK,2023-12-04,90.05345153808594,18221800
XLK,2023-12-05,90.59379577636719,10841400
XLK,2023-12-06,89.82746124267578,14731400
XLK,2023-12-07,90.91800689697266,13928800
XLK,2023-12-08,91.69417572021484,12808800
XLK,2023-12-11,92.49488067626953,37795400
XLK,2023-12-12,93.10892486572266,15055400
XLK,2023-12-13,93.92929077148438,29395000
XLK,2023-12-14,93.69841766357422,15427400
XLK,2023-12-15,94.16999816894531,18131200
XLK,2023-12-18,94.45160675048828,10138000
XLK,2023-12-19,94.81099700927734,9003600
XLK,2023-12-20,93.37834167480469,13734800
XLK,2023-12-21,94.42699432373047,11336000
XLK,2023-12-22,94.55007934570312,10215000
XLK,2023-12-26,94.9439468383789,6207600
XLK,2023-12-27,94.93900299072266,11764600
XLK,2023-12-28,95.05223846435547,9615400
XLK,2023-12-29,94.76176452636719,12190600
XLK,2024-01-02,92.28048706054688,23545400
XLK,2024-01-03,91.34014129638672,18190000
XLK,2024-01-04,90.67059326171875,12127200
XLK,2024-01-05,90.6459732055664,16350600
XLK,2024-01-08,92.92049407958984,16434600
XLK,2024-01-09,93.06818389892578,10633800
XLK,2024-01-10,93.86080932617188,9785400
XLK,2024-01-11,94.3383560180664,13296600
XLK,2024-01-12,94.64362335205078,8834600
XLK,2024-01-16,94.87992858886719,11775600
XLK,2024-01-17,94.41222381591797,14109000
XLK,2024-01-18,96.32735443115234,18918800
XLK,2024-01-19,98.5477066040039,18333200
XLK,2024-01-22,98.98095703125,14969000
XLK,2024-01-23,99.37974548339844,13263800
XLK,2024-01-24,100.06404876708984,17651200
XLK,2024-01-25,100.48253631591797,17071400
XLK,2024-01-26,99.32557678222656,10553000
XLK,2024-01-29,100.23637390136719,7639600
XLK,2024-01-30,99.40927124023438,12251600
XLK,2024-01-31,97.32182312011719,16295200
XLK,2024-02-01,98.5477066040039,14303400
XLK,2024-02-02,99.56681823730469,12872200
XLK,2024-02-05,99.79328155517578,10086200
XLK,2024-02-06,99.3354263305664,12677200
XLK,2024-02-07,100.64991760253906,11365800
XLK,2024-02-08,100.96499633789062,9948200
XLK,2024-02-09,102.32379150390625,11612200
XLK,2024-02-12,101.54594421386719,10753200
XLK,2024-02-13,99.82282257080078,19459400
XLK,2024-02-14,100.86654663085938,11791600
XLK,2024-02-15,100.65483856201172,10796400
XLK,2024-02-16,99.7292709350586,11090400
XLK,2024-02-20,98.71509552001953,17447600
XLK,2024-02-21,98.09476470947266,15954400
XLK,2024-02-22,101.3047103881836,18551600
XLK,2024-02-23,101.06838989257812,12324000
XLK,2024-02-26,101.1668472290039,18248800
XLK,2024-02-27,101.2554702758789,9984400
XLK,2024-02-28,100.77791595458984,8329000
XLK,2024-02-29,101.9004135131836,11986800
XLK,2024-03-01,103.7613754272461,13136800
XLK,2024-03-04,103.7613754272461,20443800
XLK,2024-03-05,101.2111587524414,18042800
XLK,2024-03-06,102.01365661621094,14303200
XLK,2024-03-07,103.62351989746094,12120800
XLK,2024-03-08,102.08256530761719,14912200
XLK,2024-03-11,101.80194091796875,15648400
XLK,2024-03-12,103.8893814086914,17382800
XLK,2024-03-13,102.76689910888672,12815400
XLK,2024-03-14,102.78658294677734,16023200
XLK,2024-03-15,101.23577880859375,19633400
XLK,2024-03-18,101.73336029052734,14176600
XLK,2024-03-19,102.26100158691406,13390200
XLK,2024-03-20,103.40506744384766,13357400
XLK,2024-03-21,103.47903442382812,12312000
XLK,2024-03-22,103.51355743408203,11507000
XLK,2024-03-25,102.82810974121094,8777800
XLK,2024-03-26,102.40401458740234,8538400
XLK,2024-03-27,102.92671966552734,12495000
XLK,2024-03-28,102.704833984375,8854400
XLK,2024-04-01,102.9908447265625,11654800
XLK,2024-04-02,101.99964141845703,11418200
XLK,2024-04-03,102.27085876464844,10670000
XLK,2024-04-04,100.65338897705078,16464800
XLK,2024-04-05,101.80731964111328,12808800
XLK,2024-04-08,101.68897247314453,8125800
XLK,2024-04-09,102.20182037353516,9400800
XLK,2024-04-10,100.94927978515625,13836800
XLK,2024-04-11,102.96617889404297,10563600
XLK,2024-04-12,101.29939270019531,16186800
XLK,2024-04-15,99.37618255615234,17189000
XLK,2024-04-16,99.4945297241211,14914000
XLK,2024-04-17,98.05952453613281,13090400
XLK,2024-04-18,96.94010925292969,15280600
XLK,2024-04-19,94.94290924072266,21880000
XLK,2024-04-22,95.79109954833984,13293400
XLK,2024-04-23,97.21131896972656,12151600
XLK,2024-04-24,97.6551284790039,9160200
XLK,2024-04-25,97.44309997558594,11568000
XLK,2024-04-26,98.54278564453125,10104200
XLK,2024-04-29,98.96688842773438,7494800
XLK,2024-04-30,96.7872314453125,14929000
XLK,2024-05-01,95.7960205078125,20453600
XLK,2024-05-02,97.17680358886719,13340000
XLK,2024-05-03,99.88410186767578,13316400
XLK,2024-05-06,101.05775451660156,8021000
XLK,2024-05-07,100.72736358642578,10020800
XLK,2024-05-08,101.01338195800781,7176000
XLK,2024-05-09,100.9837875366211,9589600
XLK,2024-05-10,101.35855865478516,8753800
XLK,2024-05-13,101.83690643310547,6582000
XLK,2024-05-14,102.73934936523438,9825200
XLK,2024-05-15,105.05213928222656,14308600
XLK,2024-05-16,104.68721008300781,12066600
XLK,2024-05-17,104.45545196533203,7616000
XLK,2024-05-20,105.68334197998047,6276800
XLK,2024-05-21,105.85594177246094,6140400
XLK,2024-05-22,106.09263610839844,11783000
XLK,2024-05-23,105.22966003417969,9400400
XLK,2024-05-24,106.11730194091797,5906400
XLK,2024-05-28,106.5660629272461,8786400
XLK,2024-05-29,105.89047241210938,8569000
XLK,2024-05-30,103.47410583496094,10450600
XLK,2024-05-31,103.63683319091797,12081000
XLK,2024-06-03,103.89820098876953,9628000
XLK,2024-06-04,104.11518859863281,6405400
XLK,2024-06-05,106.42798614501953,8788800
XLK,2024-06-06,106.07292175292969,7057600
XLK,2024-06-07,106.31948852539062,6398600
XLK,2024-06-10,106.59071350097656,6734800
XLK,2024-06-11,108.57310485839844,12719200
XLK,2024-06-12,110.97464752197266,17821200
XLK,2024-06-13,111.8524398803711,12693600
XLK,2024-06-14,112.2716064453125,7864600
XLK,2024-06-17,113.97290802001953,11602600
XLK,2024-06-18,114.11593627929688,8677800
XLK,2024-06-20,112.83377838134766,13243000
XLK,2024-06-21,112.63652038574219,13560200
XLK,2024-06-24,109.87506103515625,13748600
XLK,2024-06-25,111.89059448242188,9126200
XLK,2024-06-26,111.76215362548828,9459600
XLK,2024-06-27,111.81649780273438,7923600
XLK,2024-06-28,111.7572021484375,12488200
XLK,2024-07-01,112.60194396972656,9281600
XLK,2024-07-02,113.16510009765625,7076600
XLK,2024-07-03,114.69154357910156,6249200
XLK,2024-07-05,115.04228973388672,6671800
XLK,2024-07-08,115.82775115966797,7671000
XLK,2024-07-09,115.73388671875,8678600
XLK,2024-07-10,117.41348266601562,8749400
XLK,2024-07-11,114.47420501708984,14106000
XLK,2024-07-12,115.49678802490234,9767600
XLK,2024-07-15,115.7042465209961,8628000
XLK,2024-07-16,115.3189468383789,7652200
XLK,2024-07-17,110.83342742919922,12440400
XLK,2024-07-18,110.84331512451172,10837200
XLK,2024-07-19,109.109375,8472800
XLK,2024-07-22,111.69298553466797,10601600
XLK,2024-07-23,111.24838256835938,5530800
XLK,2024-07-24,106.64433288574219,14300800
XLK,2024-07-25,105.5031967163086,21158000
XLK,2024-07-26,106.8419189453125,11697800
XLK,2024-07-29,106.3676986694336,7343800
XLK,2024-07-30,103.6951675415039,10694600
XLK,2024-07-31,108.08679962158203,14614000
XLK,2024-08-01,104.05577087402344,16991400
XLK,2024-08-02,101.13130950927734,18621600
XLK,2024-08-05,97.76223754882812,31430000
XLK,2024-08-06,99.0910873413086,24575800
XLK,2024-08-07,97.48560333251953,17653600
XLK,2024-08-08,101.1263656616211,14477200
XLK,2024-08-09,101.58084106445312,9535600
XLK,2024-08-12,102.4107666015625,8580200
XLK,2024-08-13,105.55751037597656,9999600
XLK,2024-08-14,106.135498046875,8922400
XLK,2024-08-15,109.18841552734375,9518800
XLK,2024-08-16,109.3711929321289,6706400
XLK,2024-08-19,111.17430114746094,13004200
XLK,2024-08-20,110.78402709960938,7221600
XLK,2024-08-21,111.43611145019531,7538800
XLK,2024-08-22,108.87225341796875,9083600
XLK,2024-08-23,110.63582611083984,10681000
XLK,2024-08-26,109.24769592285156,6268800
XLK,2024-08-27,109.90966033935547,7656000
XLK,2024-08-28,108.39308166503906,9002200
XLK,2024-08-29,107.41496276855469,13314800
XLK,2024-08-30,108.84262084960938,10048400
XLK,2024-09-03,103.84335327148438,14765800
XLK,2024-09-04,103.57659149169922,12330000
XLK,2024-09-05,103.41851043701172,8874800
XLK,2024-09-06,100.7361068725586,12441000
XLK,2024-09-09,102.38606262207031,10922000
XLK,2024-09-10,103.9174575805664,10123000
XLK,2024-09-11,107.46436309814453,12768800
XLK,2024-09-12,108.35357666015625,10604200
XLK,2024-09-13,108.89695739746094,8047400
XLK,2024-09-16,108.48200225830078,6897800
XLK,2024-09-17,108.26958465576172,6990000
XLK,2024-09-18,107.28158569335938,12741600
XLK,2024-09-19,110.4678726196289,13934000
XLK,2024-09-20,109.92940521240234,14492800
XLK,2024-09-23,109.90913391113281,7490600
XLK,2024-09-24,110.6613540649414,7025800
XLK,2024-09-25,110.97808074951172,6111600
XLK,2024-09-26,112.4478988647461,9244800
XLK,2024-09-27,111.39873504638672,6093800
XLK,2024-09-30,111.72534942626953,5500400
XLK,2024-10-01,109.00347900390625,11295400
XLK,2024-10-02,109.81015014648438,4532400
XLK,2024-10-03,110.26544189453125,5784800
XLK,2024-10-04,111.49274444580078,5009200
XLK,2024-10-07,110.7256851196289,4430400
XLK,2024-10-08,112.79430389404297,7864800
XLK,2024-10-09,114.05626678466797,7579800
XLK,2024-10-10,114.02657318115234,5692200
XLK,2024-10-11,114.22452545166016,8849000
XLK,2024-10-14,115.71414184570312,9810200
XLK,2024-10-15,113.17041778564453,14179400
XLK,2024-10-16,113.52178955078125,5758800
XLK,2024-10-17,113.86821746826172,6051200
XLK,2024-10-18,114.27400970458984,4537000
XLK,2024-10-21,114.8084945678711,6322400
XLK,2024-10-22,114.6897201538086,6169200
XLK,2024-10-23,113.04669952392578,6083600
XLK,2024-10-24,113.3782730102539,4832800
XLK,2024-10-25,113.9671859741211,8314800
XLK,2024-10-28,113.93254852294922,5899200
XLK,2024-10-29,115.46670532226562,7451600
XLK,2024-10-30,113.63066101074219,8341200
XLK,2024-10-31,109.98336791992188,12110200
XLK,2024-11-01,110.809814453125,11565800
XLK,2024-11-04,110.7256851196289,6311800
XLK,2024-11-05,112.28457641601562,7273000
XLK,2024-11-06,115.48152923583984,10967800
XLK,2024-11-07,117.49571990966797,10463000
XLK,2024-11-08,117.36705017089844,7236400
XLK,2024-11-11,116.71875762939453,7267200
XLK,2024-11-12,116.8672103881836,7530800
XLK,2024-11-13,116.46141052246094,6329600
XLK,2024-11-14,116.06549835205078,6602000
XLK,2024-11-15,113.1852798461914,11229800
XLK,2024-11-18,113.55147552490234,6166800
XLK,2024-11-19,114.48186492919922,6906800
XLK,2024-11-20,114.38288879394531,8874400
XLK,2024-11-21,115.54586029052734,10591800
XLK,2024-11-22,115.60525512695312,7090800
XLK,2024-11-25,115.60031127929688,11137200
XLK,2024-11-26,116.17932891845703,6229400
XLK,2024-11-27,114.60559844970703,6369400
XLK,2024-11-29,115.6695785522461,4168400
XLK,2024-12-02,116.76823425292969,9398200
XLK,2024-12-03,117.18889617919922,5576000
XLK,2024-12-04,119.33175659179688,10840000
XLK,2024-12-05,118.72798156738281,5638000
XLK,2024-12-06,119.18822479248047,6654200
XLK,2024-12-09,118.41126251220703,8032400
XLK,2024-12-10,116.76823425292969,11234400
XLK,2024-12-11,118.46074676513672,8689600
XLK,2024-12-12,117.797607421875,7218200
XLK,2024-12-13,118.30238342285156,8677000
XLK,2024-12-16,119.48516082763672,9442600
XLK,2024-12-17,118.76261901855469,8145000
XLK,2024-12-18,114.93221282958984,16927200
XLK,2024-12-19,115.0559310913086,13383400
XLK,2024-12-20,116.77317810058594,14924800
XLK,2024-12-23,118.01044464111328,7973400
XLK,2024-12-24,119.2298583984375,4653400
XLK,2024-12-26,119.30917358398438,7150800
XLK,2024-12-27,117.72294616699219,8726400
XLK,2024-12-30,116.2259292602539,7950400
XLK,2024-12-31,115.25933074951172,9381200
XLP,2020-01-02,52.624794006347656,14460700
XLP,2020-01-03,52.54056930541992,26388900
XLP,2020-01-06,52.650054931640625,22541700
XLP,2020-01-07,52.24576950073242,15607600
XLP,2020-01-08,52.439491271972656,11451400
XLP,2020-01-09,52.810089111328125,6854500
XLP,2020-01-10,52.776405334472656,7410800
XLP,2020-01-13,53.12172317504883,9625700
XLP,2020-01-14,53.13856506347656,7512300
XLP,2020-01-15,53.51759338378906,12454300
XLP,2020-01-16,53.66077423095703,8048600
XLP,2020-01-17,53.753421783447266,14902700
XLP,2020-01-21,53.9387321472168,11300300
XLP,2020-01-22,53.9808349609375,8046500
XLP,2020-01-23,53.930294036865234,14563100
XLP,2020-01-24,53.55970764160156,11935100
XLP,2020-01-27,53.39125442504883,8748400
XLP,2020-01-28,53.458641052246094,7899500
XLP,2020-01-29,53.18911361694336,8300800
XLP,2020-01-30,53.82080078125,13824800
XLP,2020-01-31,53.214385986328125,15280000
XLP,2020-02-03,53.214385986328125,21797600
XLP,2020-02-04,53.53443908691406,14290900
XLP,2020-02-05,53.9639892578125,20911400
XLP,2020-02-06,54.05664825439453,9628500
XLP,2020-02-07,54.1240234375,14849000
XLP,2020-02-10,54.35143280029297,7394100
XLP,2020-02-11,54.14928436279297,8375700
XLP,2020-02-12,54.1240234375,8479000
XLP,2020-02-13,54.444087982177734,7950900
XLP,2020-02-14,54.5704231262207,5421200
XLP,2020-02-18,54.376712799072266,6902300
XLP,2020-02-19,54.317745208740234,4971300
XLP,2020-02-20,54.359859466552734,13397700
XLP,2020-02-21,54.45249938964844,10027800
XLP,2020-02-24,53.19754409790039,19892700
XLP,2020-02-25,52.23735427856445,25721400
XLP,2020-02-26,51.94255065917969,26066400
XLP,2020-02-27,49.828460693359375,39092300
XLP,2020-02-28,48.843017578125,50978800
XLP,2020-03-02,51.454036712646484,27103100
XLP,2020-03-03,50.75495147705078,35237500
XLP,2020-03-04,53.24806213378906,26214300
XLP,2020-03-05,52.24576950073242,16556300
XLP,2020-03-06,51.833072662353516,24800200
XLP,2020-03-09,49.5757942199707,19126300
XLP,2020-03-10,50.99921798706055,28174800
XLP,2020-03-11,48.4976921081543,17759800
XLP,2020-03-12,43.9410285949707,26713800
XLP,2020-03-13,47.68069839477539,24835800
XLP,2020-03-16,44.44640350341797,27436800
XLP,2020-03-17,48.19447326660156,32318100
XLP,2020-03-18,46.95634078979492,35524900
XLP,2020-03-19,45.38972091674805,26807900
XLP,2020-03-20,42.450218200683594,26903700
XLP,2020-03-23,41.193973541259766,31822200
XLP,2020-03-24,43.29476547241211,28041800
XLP,2020-03-25,43.17618179321289,25526400
XLP,2020-03-26,45.539554595947266,25754100
XLP,2020-03-27,45.32777404785156,26004700
XLP,2020-03-30,47.09818649291992,15892600
XLP,2020-03-31,46.140987396240234,15203200
XLP,2020-04-01,45.361663818359375,11979800
XLP,2020-04-02,46.52216720581055,14748100
XLP,2020-04-03,46.88643264770508,15374100
XLP,2020-04-06,48.63142776489258,14835200
XLP,2020-04-07,48.07234573364258,22985400
XLP,2020-04-08,48.783905029296875,13877400
XLP,2020-04-09,49.241336822509766,20376000
XLP,2020-04-13,48.8770866394043,10679500
XLP,2020-04-14,50.952457427978516,17745300
XLP,2020-04-15,50.14772033691406,12553400
XLP,2020-04-16,50.478092193603516,14486100
XLP,2020-04-17,51.24894714355469,12083100
XLP,2020-04-20,50.24090576171875,9263900
XLP,2020-04-21,49.17356872558594,13021900
XLP,2020-04-22,49.64793014526367,15086800
XLP,2020-04-23,49.207462310791016,21074200
XLP,2020-04-24,49.73264694213867,9638300
XLP,2020-04-27,49.87664794921875,11024000
XLP,2020-04-28,50.156185150146484,13608800
XLP,2020-04-29,49.944419860839844,16038500
XLP,2020-04-30,49.35145950317383,16397100
XLP,2020-05-01,48.809322357177734,13023600
XLP,2020-05-04,48.783905029296875,11314200
XLP,2020-05-05,48.826263427734375,9705200
XLP,2020-05-06,48.292598724365234,10700100
XLP,2020-05-07,48.15706253051758,11203600
XLP,2020-05-08,49.232852935791016,13405000
XLP,2020-05-11,49.16510009765625,8807200
XLP,2020-05-12,48.750022888183594,20587300
XLP,2020-05-13,48.309532165527344,12186800
XLP,2020-05-14,48.19094467163086,11793500
XLP,2020-05-15,48.61448669433594,20847900
XLP,2020-05-18,49.38534164428711,15213600
XLP,2020-05-19,48.47896194458008,15313100
XLP,2020-05-20,49.054969787597656,8519600
XLP,2020-05-21,48.512847900390625,13913900
XLP,2020-05-22,48.682254791259766,7216300
XLP,2020-05-26,48.944854736328125,10487200
XLP,2020-05-27,49.681827545166016,10937800
XLP,2020-05-28,50.1223030090332,10184300
XLP,2020-05-29,50.173133850097656,12890900
XLP,2020-06-01,50.520442962646484,9101400
XLP,2020-06-02,50.65597152709961,9837900
XLP,2020-06-03,50.7237434387207,10155300
XLP,2020-06-04,50.478092193603516,8973800
XLP,2020-06-05,51.18116760253906,11502200
XLP,2020-06-08,51.731781005859375,13094200
XLP,2020-06-09,51.308223724365234,13735400
XLP,2020-06-10,51.16423034667969,9877800
XLP,2020-06-11,49.224395751953125,14738500
XLP,2020-06-12,49.232852935791016,17837500
XLP,2020-06-15,49.800418853759766,11366700
XLP,2020-06-16,50.57973861694336,10840300
XLP,2020-06-17,50.50349807739258,8388400
XLP,2020-06-18,50.76609802246094,6022600
XLP,2020-06-19,50.50349807739258,10777200
XLP,2020-06-22,50.35922622680664,9039600
XLP,2020-06-23,50.28239822387695,7951000
XLP,2020-06-24,49.437232971191406,14343200
XLP,2020-06-25,49.78725814819336,12128900
XLP,2020-06-26,48.7713623046875,14476500
XLP,2020-06-29,49.6933479309082,9654200
XLP,2020-06-30,50.06043243408203,7379800
XLP,2020-07-01,50.10310745239258,7261600
XLP,2020-07-02,50.35922622680664,6857200
XLP,2020-07-06,50.6068000793457,10091300
XLP,2020-07-07,51.067787170410156,8161000
XLP,2020-07-08,50.939735412597656,9328000
XLP,2020-07-09,50.53850555419922,7672500
XLP,2020-07-10,51.469024658203125,14142800
XLP,2020-07-13,51.392189025878906,10906200
XLP,2020-07-14,52.1434440612793,14270100
XLP,2020-07-15,52.18612289428711,14952700
XLP,2020-07-16,52.29710388183594,7770200
XLP,2020-07-17,52.578819274902344,6321700
XLP,2020-07-20,52.04952621459961,6818600
XLP,2020-07-21,52.50199508666992,7847300
XLP,2020-07-22,52.920291900634766,7022700
XLP,2020-07-23,53.10810852050781,9468000
XLP,2020-07-24,53.03981399536133,6809200
XLP,2020-07-27,53.30445861816406,6801900
XLP,2020-07-28,53.50080871582031,6699300
XLP,2020-07-29,53.57763671875,7486400
XLP,2020-07-30,53.57763671875,10901300
XLP,2020-07-31,53.52642059326172,10277200
XLP,2020-08-03,53.38129806518555,8614400
XLP,2020-08-04,54.04717254638672,7417400
XLP,2020-08-05,53.93619155883789,7143600
XLP,2020-08-06,53.92764663696289,11983700
XLP,2020-08-07,54.21790313720703,9175700
XLP,2020-08-10,54.499629974365234,4345600
XLP,2020-08-11,54.124000549316406,8633500
XLP,2020-08-12,54.82402420043945,8021600
XLP,2020-08-13,54.781333923339844,5857100
XLP,2020-08-14,54.77280807495117,3776300
XLP,2020-08-17,55.080135345458984,5172900
XLP,2020-08-18,55.302093505859375,4927300
XLP,2020-08-19,54.86671829223633,5871600
XLP,2020-08-20,54.7557373046875,10178600
XLP,2020-08-21,54.8923225402832,5713900
XLP,2020-08-24,55.36185836791992,6978500
XLP,2020-08-25,55.24233627319336,4517100
XLP,2020-08-26,55.310638427734375,5375300
XLP,2020-08-27,55.652103424072266,8711200
XLP,2020-08-28,56.147254943847656,6868200
XLP,2020-08-31,55.985050201416016,7661200
XLP,2020-09-01,56.04481506347656,9723000
XLP,2020-09-02,57.060691833496094,11174600
XLP,2020-09-03,56.078956604003906,26304400
XLP,2020-09-04,55.95089340209961,15604800
XLP,2020-09-08,54.77280807495117,16316600
XLP,2020-09-09,55.566734313964844,12848500
XLP,2020-09-10,54.88379669189453,11060600
XLP,2020-09-11,55.19111633300781,10212500
XLP,2020-09-14,55.5496711730957,6397000
XLP,2020-09-15,55.47283935546875,5672900
XLP,2020-09-16,55.22526550292969,7270700
XLP,2020-09-17,54.875244140625,10108700
XLP,2020-09-18,54.37157440185547,9988900
XLP,2020-09-21,53.956783294677734,11326200
XLP,2020-09-22,54.27452850341797,7148600
XLP,2020-09-23,53.458702087402344,7015900
XLP,2020-09-24,53.85373306274414,9141700
XLP,2020-09-25,54.13712692260742,7432100
XLP,2020-09-28,54.74685287475586,6077600
XLP,2020-09-29,54.386165618896484,8150400
XLP,2020-09-30,55.047428131103516,8284100
XLP,2020-10-01,55.356571197509766,9262900
XLP,2020-10-02,55.047428131103516,7463000
XLP,2020-10-05,55.41670227050781,4501200
XLP,2020-10-06,55.05602264404297,6552800
XLP,2020-10-07,55.648563385009766,8073100
XLP,2020-10-08,56.0178337097168,6659000
XLP,2020-10-09,56.45581817626953,7894700
XLP,2020-10-12,57.108482360839844,8685600
XLP,2020-10-13,57.06553649902344,7505700
XLP,2020-10-14,56.7735710144043,6566200
XLP,2020-10-15,56.807918548583984,6650000
XLP,2020-10-16,56.825096130371094,6701200
XLP,2020-10-19,56.0865364074707,7733900
XLP,2020-10-20,56.026432037353516,7660200
XLP,2020-10-21,56.077964782714844,7013900
XLP,2020-10-22,56.05218505859375,7779700
XLP,2020-10-23,56.155250549316406,5094100
XLP,2020-10-26,55.433876037597656,9352300
XLP,2020-10-27,55.28787612915039,5331400
XLP,2020-10-28,53.67339324951172,10980600
XLP,2020-10-29,53.656211853027344,8942700
XLP,2020-10-30,53.467288970947266,10093200
XLP,2020-11-02,54.317466735839844,10935100
XLP,2020-11-03,55.21059799194336,20578800
XLP,2020-11-04,55.23636245727539,25605800
XLP,2020-11-05,55.63999557495117,13919500
XLP,2020-11-06,55.89760971069336,12703600
XLP,2020-11-09,55.76880645751953,15142600
XLP,2020-11-10,56.86802291870117,15134300
XLP,2020-11-11,57.357521057128906,10382100
XLP,2020-11-12,57.20296096801758,8945500
XLP,2020-11-13,57.99303436279297,6167300
XLP,2020-11-16,58.525447845458984,12955900
XLP,2020-11-17,58.113250732421875,8147900
XLP,2020-11-18,57.31459045410156,7607700
XLP,2020-11-19,57.46915817260742,8830200
XLP,2020-11-20,57.108482360839844,4663400
XLP,2020-11-23,57.125648498535156,5825300
XLP,2020-11-24,57.51211166381836,6064900
XLP,2020-11-25,57.47776794433594,5245400
XLP,2020-11-27,57.46915817260742,3228600
XLP,2020-11-30,57.46057891845703,11581900
XLP,2020-12-01,57.967254638671875,12126200
XLP,2020-12-02,57.486351013183594,11392100
XLP,2020-12-03,57.63233947753906,10951400
XLP,2020-12-04,58.07891082763672,11055800
XLP,2020-12-07,57.855613708496094,9466300
XLP,2020-12-08,58.173370361328125,7090900
XLP,2020-12-09,57.94150161743164,10420100
XLP,2020-12-10,57.68386459350586,5723400
XLP,2020-12-11,57.81269836425781,5000800
XLP,2020-12-14,57.58940124511719,6663200
XLP,2020-12-15,57.72679901123047,6121300
XLP,2020-12-16,57.838443756103516,10505500
XLP,2020-12-17,58.207725524902344,4673300
XLP,2020-12-18,58.336544036865234,6980500
XLP,2020-12-21,57.707847595214844,8255600
XLP,2020-12-22,57.30084991455078,9107900
XLP,2020-12-23,57.49134826660156,4302600
XLP,2020-12-24,57.7771110534668,1954900
XLP,2020-12-28,58.236083984375,6315400
XLP,2020-12-29,58.062889099121094,4993600
XLP,2020-12-30,58.00227737426758,7359900
XLP,2020-12-31,58.40925979614258,6062200
XLP,2021-01-04,57.7771110534668,12992600
XLP,2021-01-05,57.7771110534668,10871900
XLP,2021-01-06,57.8204231262207,14206600
XLP,2021-01-07,57.64723205566406,13963500
XLP,2021-01-08,57.9329948425293,17960800
XLP,2021-01-11,57.43939971923828,9648700
XLP,2021-01-12,57.2488899230957,11089500
XLP,2021-01-13,57.33548355102539,8337500
XLP,2021-01-14,57.03240203857422,11549000
XLP,2021-01-15,56.833221435546875,13260300
XLP,2021-01-19,56.58208084106445,8130800
XLP,2021-01-20,56.686012268066406,10700600
XLP,2021-01-21,56.49549865722656,8461200
XLP,2021-01-22,56.34828567504883,8329300
XLP,2021-01-25,56.911155700683594,17486100
XLP,2021-01-26,57.42206954956055,9304200
XLP,2021-01-27,56.452205657958984,17826800
XLP,2021-01-28,56.6686897277832,19925900
XLP,2021-01-29,55.499637603759766,19374700
XLP,2021-02-01,55.551605224609375,13283300
XLP,2021-02-02,55.92395782470703,13278400
XLP,2021-02-03,56.01055145263672,9542000
XLP,2021-02-04,56.41756820678711,7292400
XLP,2021-02-05,56.94580078125,8889300
XLP,2021-02-08,57.16228485107422,9412200
XLP,2021-02-09,57.11032485961914,12345400
XLP,2021-02-10,57.04971694946289,6957200
XLP,2021-02-11,56.79857635498047,7478500
XLP,2021-02-12,56.88518524169922,7131800
XLP,2021-02-16,56.78125762939453,9246600
XLP,2021-02-17,56.98910140991211,8871000
XLP,2021-02-18,56.954463958740234,7464900
XLP,2021-02-19,56.235713958740234,10246100
XLP,2021-02-22,56.28766632080078,8649600
XLP,2021-02-23,56.365604400634766,12743400
XLP,2021-02-24,56.33096694946289,9103700
XLP,2021-02-25,55.71612548828125,17558500
XLP,2021-02-26,54.815521240234375,17718400
XLP,2021-03-01,55.36974334716797,11263900
XLP,2021-03-02,55.274497985839844,12942700
XLP,2021-03-03,55.01469802856445,13450900
XLP,2021-03-04,54.815521240234375,25968700
XLP,2021-03-05,56.027870178222656,21719300
XLP,2021-03-08,56.27034378051758,18947000
XLP,2021-03-09,56.2183837890625,17259600
XLP,2021-03-10,56.954463958740234,15827600
XLP,2021-03-11,56.8159065246582,12386500
XLP,2021-03-12,57.28351974487305,10518200
XLP,2021-03-15,57.53464889526367,8383700
XLP,2021-03-16,57.60392379760742,13550200
XLP,2021-03-17,57.517333984375,12254200
XLP,2021-03-18,57.28351974487305,14497600
XLP,2021-03-19,57.48269271850586,20807100
XLP,2021-03-22,58.08952713012695,14499400
XLP,2021-03-23,58.333309173583984,13216300
XLP,2021-03-24,58.106937408447266,15831000
XLP,2021-03-25,58.67285919189453,14764000
XLP,2021-03-26,59.708946228027344,15098600
XLP,2021-03-29,60.309688568115234,11857300
XLP,2021-03-30,59.665409088134766,14042700
XLP,2021-03-31,59.473854064941406,18241100
XLP,2021-04-01,59.18656539916992,21191800
XLP,2021-04-05,59.944007873535156,20093000
XLP,2021-04-06,60.19649124145508,19302100
XLP,2021-04-07,60.048492431640625,20763900
XLP,2021-04-08,60.109439849853516,10244700
XLP,2021-04-09,60.00495147705078,7020400
XLP,2021-04-12,60.32710647583008,10117800
XLP,2021-04-13,60.00495147705078,11982600
XLP,2021-04-14,59.95271301269531,12087500
XLP,2021-04-15,60.43157958984375,7714900
XLP,2021-04-16,60.77981185913086,7810000
XLP,2021-04-19,60.54475021362305,10867400
XLP,2021-04-20,60.87560272216797,13168800
XLP,2021-04-21,61.18033218383789,10794900
XLP,2021-04-22,60.72758102416992,10762900
XLP,2021-04-23,60.570892333984375,9133800
XLP,2021-04-26,59.89176559448242,8750100
XLP,2021-04-27,59.84824752807617,10078900
XLP,2021-04-28,59.89176559448242,7925300
XLP,2021-04-29,60.52733612060547,9202600
XLP,2021-04-30,60.57958984375,10784800
XLP,2021-05-03,61.07584762573242,12671500
XLP,2021-05-04,60.762420654296875,11147300
XLP,2021-05-05,60.718894958496094,8726200
XLP,2021-05-06,61.502471923828125,10192000
XLP,2021-05-07,61.502471923828125,9841800
XLP,2021-05-10,61.97262191772461,10558400
XLP,2021-05-11,61.43280792236328,14385700
XLP,2021-05-12,60.61441421508789,13223100
XLP,2021-05-13,61.4676513671875,18490900
XLP,2021-05-14,61.73756408691406,9672600
XLP,2021-05-17,61.65046691894531,10705800
XLP,2021-05-18,61.45893859863281,11168900
XLP,2021-05-19,61.2586784362793,13709500
XLP,2021-05-20,61.82460403442383,11336300
XLP,2021-05-21,61.83330535888672,7779600
XLP,2021-05-24,62.01613998413086,6535900
XLP,2021-05-25,62.033565521240234,8271800
XLP,2021-05-26,61.9029655456543,10622500
XLP,2021-05-27,61.5198860168457,12693900
XLP,2021-05-28,61.65046691894531,8476400
XLP,2021-06-01,61.44152069091797,8893800
XLP,2021-06-02,61.66788864135742,6411300
XLP,2021-06-03,62.05097198486328,9410000
XLP,2021-06-04,62.26863479614258,6078200
XLP,2021-06-07,62.164161682128906,7306900
XLP,2021-06-08,61.641780853271484,8545200
XLP,2021-06-09,61.34575271606445,8273800
XLP,2021-06-10,61.72884750366211,8213000
XLP,2021-06-11,61.76365280151367,6232300
XLP,2021-06-14,61.72884750366211,10449400
XLP,2021-06-15,61.58082580566406,5151600
XLP,2021-06-16,60.762420654296875,10507100
XLP,2021-06-17,60.98007583618164,9239700
XLP,2021-06-18,59.900489807128906,16882500
XLP,2021-06-21,60.587493896484375,14278400
XLP,2021-06-22,60.675132751464844,8351000
XLP,2021-06-23,60.29831314086914,7072900
XLP,2021-06-24,60.59626770019531,6343700
XLP,2021-06-25,61.060707092285156,9241300
XLP,2021-06-28,61.11328887939453,7570600
XLP,2021-06-29,60.84162521362305,13155400
XLP,2021-06-30,61.31484603881836,8815100
XLP,2021-07-01,61.130802154541016,11633100
XLP,2021-07-02,61.279788970947266,20733300
XLP,2021-07-06,61.02565002441406,7595700
XLP,2021-07-07,61.34988784790039,7880500
XLP,2021-07-08,61.122039794921875,9212900
XLP,2021-07-09,61.47256088256836,6286900
XLP,2021-07-12,61.37616729736328,7384200
XLP,2021-07-13,61.35865020751953,12057600
XLP,2021-07-14,61.901954650878906,7616100
XLP,2021-07-15,62.156097412109375,8662500
XLP,2021-07-16,62.25247573852539,8634300
XLP,2021-07-19,62.06844711303711,20734400
XLP,2021-07-20,62.08597183227539,20404900
XLP,2021-07-21,61.9282341003418,9366300
XLP,2021-07-22,61.82307815551758,9632100
XLP,2021-07-23,62.56794357299805,9732400
XLP,2021-07-26,62.673091888427734,5952200
XLP,2021-07-27,62.804542541503906,14720700
XLP,2021-07-28,62.25247573852539,9114100
XLP,2021-07-29,62.559173583984375,8811100
XLP,2021-07-30,62.66435241699219,10403700
XLP,2021-08-02,62.40144729614258,12049800
XLP,2021-08-03,62.68186569213867,8647700
XLP,2021-08-04,61.866905212402344,8886500
XLP,2021-08-05,62.16482925415039,7063000
XLP,2021-08-06,62.16482925415039,13492100
XLP,2021-08-09,62.3926887512207,9054900
XLP,2021-08-10,62.83960723876953,11291700
XLP,2021-08-11,63.04990005493164,14992700
XLP,2021-08-12,63.01485824584961,6432100
XLP,2021-08-13,63.54064178466797,8808500
XLP,2021-08-16,63.90868377685547,7903100
XLP,2021-08-17,63.943756103515625,15666000
XLP,2021-08-18,63.14628982543945,10669200
XLP,2021-08-19,63.65456008911133,13035600
XLP,2021-08-20,63.75972366333008,10454500
XLP,2021-08-23,63.55815887451172,8794500
XLP,2021-08-24,63.07619094848633,8494200
XLP,2021-08-25,62.97105026245117,8007400
XLP,2021-08-26,62.68186569213867,13078000
XLP,2021-08-27,62.90093994140625,9126200
XLP,2021-08-30,63.18134307861328,5645800
XLP,2021-08-31,63.321563720703125,8037000
XLP,2021-09-01,63.65456008911133,8399100
XLP,2021-09-02,63.8999137878418,6623300
XLP,2021-09-03,63.82105255126953,6010700
XLP,2021-09-07,63.08496856689453,9206300
XLP,2021-09-08,63.628257751464844,10662900
XLP,2021-09-09,63.26021194458008,7741500
XLP,2021-09-10,62.98857116699219,10269900
XLP,2021-09-13,63.14628982543945,13798000
XLP,2021-09-14,62.857120513916016,9145500
XLP,2021-09-15,63.08496856689453,8824700
XLP,2021-09-16,62.8746337890625,9789900
XLP,2021-09-17,62.53287887573242,13150000
XLP,2021-09-20,61.908592224121094,17880700
XLP,2021-09-21,61.83806228637695,11140400
XLP,2021-09-22,62.01441955566406,10025900
XLP,2021-09-23,62.243675231933594,8440500
XLP,2021-09-24,62.2701301574707,6717300
XLP,2021-09-27,61.98794937133789,8467100
XLP,2021-09-28,61.256103515625,14982900
XLP,2021-09-29,61.811607360839844,13329500
XLP,2021-09-30,60.70057678222656,16259900
XLP,2021-10-01,60.85930633544922,15889200
XLP,2021-10-04,60.66532897949219,20351600
XLP,2021-10-05,60.973941802978516,16186100
XLP,2021-10-06,61.564735412597656,14909900
XLP,2021-10-07,61.83806228637695,8396800
XLP,2021-10-08,61.767520904541016,7285700
XLP,2021-10-11,61.7498893737793,8218300
XLP,2021-10-12,61.776336669921875,12401200
XLP,2021-10-13,61.890968322753906,9548300
XLP,2021-10-14,62.58755111694336,9975100
XLP,2021-10-15,62.43764877319336,11575200
XLP,2021-10-18,62.067325592041016,10043300
XLP,2021-10-19,62.09377670288086,10203100
XLP,2021-10-20,62.45528793334961,8829700
XLP,2021-10-21,62.375953674316406,7976400
XLP,2021-10-22,62.860897064208984,9575700
XLP,2021-10-25,62.81681823730469,6844600
XLP,2021-10-26,63.0372428894043,8805500
XLP,2021-10-27,62.66692352294922,10334900
XLP,2021-10-28,62.88735580444336,8614800
XLP,2021-10-29,62.82563018798828,8105300
XLP,2021-11-01,62.92263412475586,7033700
XLP,2021-11-02,63.34587478637695,9942700
XLP,2021-11-03,63.93666076660156,10471100
XLP,2021-11-04,63.99839782714844,11701700
XLP,2021-11-05,64.36872100830078,9929100
XLP,2021-11-08,63.8573112487793,12813600
XLP,2021-11-09,64.07774353027344,13527600
XLP,2021-11-10,64.27172088623047,11350400
XLP,2021-11-11,64.22765350341797,6319100
XLP,2021-11-12,64.22765350341797,7469800
XLP,2021-11-15,64.5362548828125,6381300
XLP,2021-11-16,64.1306381225586,6562200
XLP,2021-11-17,63.98954772949219,10444900
XLP,2021-11-18,63.76030349731445,11269500
XLP,2021-11-19,63.53105163574219,11924000
XLP,2021-11-22,64.03366088867188,13425400
XLP,2021-11-23,64.45690155029297,13405700
XLP,2021-11-24,64.26290130615234,9556400
XLP,2021-11-26,63.45167922973633,11715600
XLP,2021-11-29,63.61040496826172,13646600
XLP,2021-11-30,61.97915267944336,23715100
XLP,2021-12-01,61.67934036254883,22897400
XLP,2021-12-02,62.33186340332031,18704000
XLP,2021-12-03,63.10780715942383,22867600
XLP,2021-12-06,64.21881103515625,18524400
XLP,2021-12-07,64.35990905761719,13169300
XLP,2021-12-08,64.1571044921875,14489800
XLP,2021-12-09,64.33345031738281,8613900
XLP,2021-12-10,65.41802215576172,10890000
XLP,2021-12-13,66.27333068847656,16518100
XLP,2021-12-14,66.31742095947266,16048300
XLP,2021-12-15,66.9875717163086,21277000
XLP,2021-12-16,67.4637222290039,14499000
XLP,2021-12-17,66.30859375,23809700
XLP,2021-12-20,66.328125,14116700
XLP,2021-12-21,66.2393569946289,11872100
XLP,2021-12-22,66.6566162109375,7650200
XLP,2021-12-23,66.80754852294922,8089000
XLP,2021-12-27,67.51781463623047,7343200
XLP,2021-12-28,67.8995590209961,7285200
XLP,2021-12-29,68.21028900146484,7891600
XLP,2021-12-30,67.9972152709961,6802800
XLP,2021-12-31,68.45885467529297,11289000
XLP,2022-01-03,68.45001220703125,22320300
XLP,2022-01-04,68.91166687011719,23066000
XLP,2022-01-05,68.84952545166016,29748500
XLP,2022-01-06,68.66307830810547,25023900
XLP,2022-01-07,68.73408508300781,12650300
XLP,2022-01-10,68.1925277709961,18578300
XLP,2022-01-11,68.11264038085938,19571600
XLP,2022-01-12,68.1392593383789,11155200
XLP,2022-01-13,68.26356506347656,14287300
XLP,2022-01-14,68.3878402709961,21391700
XLP,2022-01-18,67.40237426757812,16683800
XLP,2022-01-19,67.82852935791016,18518500
XLP,2022-01-20,67.38463592529297,15677800
XLP,2022-01-21,67.4378890991211,25270600
XLP,2022-01-24,67.2159423828125,35518900
XLP,2022-01-25,66.47018432617188,28638500
XLP,2022-01-26,65.96412658691406,33222000
XLP,2022-01-27,66.40803527832031,23816500
XLP,2022-01-28,67.18932342529297,25111500
XLP,2022-01-31,67.44678497314453,15453000
XLP,2022-02-01,67.38463592529297,15620900
XLP,2022-02-02,68.1925277709961,13630400
XLP,2022-02-03,68.21028900146484,14414700
XLP,2022-02-04,67.37574768066406,17939500
XLP,2022-02-07,67.50003051757812,10949400
XLP,2022-02-08,67.75751495361328,11472900
XLP,2022-02-09,67.77526092529297,14899300
XLP,2022-02-10,67.04725646972656,19828500
XLP,2022-02-11,66.80754852294922,18498300
XLP,2022-02-14,66.6211166381836,23550800
XLP,2022-02-15,66.73651885986328,12300400
XLP,2022-02-16,66.86082458496094,13507700
XLP,2022-02-17,67.37574768066406,12873300
XLP,2022-02-18,67.50003051757812,16470100
XLP,2022-02-22,66.97624206542969,21545800
XLP,2022-02-23,66.4346694946289,15134300
XLP,2022-02-24,65.28939819335938,30125500
XLP,2022-02-25,67.39350891113281,21141600
XLP,2022-02-28,66.496826171875,20975100
XLP,2022-03-01,66.1061782836914,18750300
XLP,2022-03-02,66.80754852294922,18935000
XLP,2022-03-03,67.34912109375,19576500
XLP,2022-03-04,67.3580093383789,22078900
XLP,2022-03-07,66.13279724121094,20057300
XLP,2022-03-08,64.34833526611328,29710400
XLP,2022-03-09,64.7833480834961,18254000
XLP,2022-03-10,64.17076110839844,21892400
XLP,2022-03-11,63.42499542236328,14276500
XLP,2022-03-14,63.76237487792969,18438900
XLP,2022-03-15,65.19173431396484,17078100
XLP,2022-03-16,65.26276397705078,18783200
XLP,2022-03-17,65.7155532836914,14484600
XLP,2022-03-18,65.86647033691406,20278600
XLP,2022-03-21,65.95118713378906,17659100
XLP,2022-03-22,66.44169616699219,11667300
XLP,2022-03-23,65.90660095214844,14027800
XLP,2022-03-24,66.37034606933594,9458800
XLP,2022-03-25,66.92329406738281,12508400
XLP,2022-03-28,67.19976806640625,11602600
XLP,2022-03-29,67.79729461669922,16595100
XLP,2022-03-30,67.84188842773438,13367500
XLP,2022-03-31,67.68136596679688,12388500
XLP,2022-04-01,68.35916900634766,12644000
XLP,2022-04-04,68.1451187133789,9618400
XLP,2022-04-05,68.2075424194336,12717200
XLP,2022-04-06,69.07262420654297,23849600
XLP,2022-04-07,69.91092681884766,18311500
XLP,2022-04-08,70.20525360107422,13879400
XLP,2022-04-11,69.91986083984375,18229900
XLP,2022-04-12,69.93769073486328,19804800
XLP,2022-04-13,70.3301010131836,11715500
XLP,2022-04-14,70.31226348876953,12195600
XLP,2022-04-18,69.73255920410156,11426700
XLP,2022-04-19,70.79386138916016,12814100
XLP,2022-04-20,71.85514831542969,21659600
XLP,2022-04-21,71.79270935058594,18501800
XLP,2022-04-22,70.66900634765625,19747900
XLP,2022-04-25,70.98114776611328,30868200
XLP,2022-04-26,69.88419342041016,26864500
XLP,2022-04-27,70.14282989501953,29441700
XLP,2022-04-28,71.17735290527344,22128500
XLP,2022-04-29,69.24205017089844,27802900
XLP,2022-05-02,68.3323974609375,55145100
XLP,2022-05-03,68.13619232177734,47646900
XLP,2022-05-04,69.67017364501953,37161600
XLP,2022-05-05,68.35023498535156,32186100
XLP,2022-05-06,68.42157745361328,34046900
XLP,2022-05-09,68.39482116699219,33323800
XLP,2022-05-10,67.92215728759766,32510900
XLP,2022-05-11,67.62783813476562,30110100
XLP,2022-05-12,67.6100082397461,29049700
XLP,2022-05-13,68.62670135498047,15405300
XLP,2022-05-16,68.93885040283203,14613700
XLP,2022-05-17,68.4661636352539,20637000
XLP,2022-05-18,64.06050109863281,40188900
XLP,2022-05-19,62.9189567565918,38772000
XLP,2022-05-20,63.05272674560547,26185000
XLP,2022-05-23,64.35481262207031,17710900
XLP,2022-05-24,65.40716552734375,23272400
XLP,2022-05-25,65.42500305175781,16647300
XLP,2022-05-26,66.12063598632812,16580500
XLP,2022-05-27,66.88763427734375,16921300
XLP,2022-05-31,66.41495513916016,19212200
XLP,2022-06-01,65.54985809326172,17552000
XLP,2022-06-02,66.50414276123047,17618500
XLP,2022-06-03,65.83526611328125,9750300
XLP,2022-06-06,65.86199951171875,10924200
XLP,2022-06-07,66.20982360839844,9070200
XLP,2022-06-08,65.39825439453125,7896600
XLP,2022-06-09,64.41725158691406,9442200
XLP,2022-06-10,64.14077758789062,17720500
XLP,2022-06-13,62.7584228515625,22813000
XLP,2022-06-14,62.01819610595703,19864600
XLP,2022-06-15,62.08063888549805,20069400
XLP,2022-06-16,61.60796356201172,19017100
XLP,2022-06-17,61.38499069213867,24825300
XLP,2022-06-21,63.02301788330078,16147200
XLP,2022-06-22,62.978092193603516,15207200
XLP,2022-06-23,64.20008850097656,16570700
XLP,2022-06-24,65.45804595947266,13437000
XLP,2022-06-27,65.27833557128906,10936500
XLP,2022-06-28,64.40675354003906,11004000
XLP,2022-06-29,64.81110382080078,9230600
XLP,2022-06-30,64.85601806640625,12670700
XLP,2022-07-01,65.7905044555664,11664100
XLP,2022-07-05,65.36819458007812,12828700
XLP,2022-07-06,65.55687713623047,11768100
XLP,2022-07-07,65.6197738647461,8476300
XLP,2022-07-08,65.50298309326172,10732500
XLP,2022-07-11,65.4131088256836,7172500
XLP,2022-07-12,65.22441864013672,11032200
XLP,2022-07-13,65.26933288574219,13851600
XLP,2022-07-14,65.3232650756836,10801700
XLP,2022-07-15,65.53890991210938,9300100
XLP,2022-07-18,64.90096282958984,8473600
XLP,2022-07-19,65.5838394165039,8729100
XLP,2022-07-20,65.14356994628906,10232000
XLP,2022-07-21,65.34122467041016,11944800
XLP,2022-07-22,65.77253723144531,9369800
XLP,2022-07-25,66.09600067138672,8157500
XLP,2022-07-26,65.9432601928711,9764200
XLP,2022-07-27,66.39251708984375,10995600
XLP,2022-07-28,67.4527816772461,9372000
XLP,2022-07-29,66.93163299560547,13198900
XLP,2022-08-01,67.76728057861328,13150400
XLP,2022-08-02,67.2281494140625,10632700
XLP,2022-08-03,67.6684341430664,12808400
XLP,2022-08-04,67.21915435791016,11983600
XLP,2022-08-05,67.0664291381836,7125700
XLP,2022-08-08,67.0304946899414,6966100
XLP,2022-08-09,66.93163299560547,8086200
XLP,2022-08-10,67.42582702636719,11262300
XLP,2022-08-11,67.26409912109375,8959500
XLP,2022-08-12,67.84815216064453,11094400
XLP,2022-08-15,68.52204132080078,10207200
XLP,2022-08-16,69.2947769165039,12312600
XLP,2022-08-17,69.09709167480469,9667600
XLP,2022-08-18,69.33072662353516,5777700
XLP,2022-08-19,69.10609436035156,6456500
XLP,2022-08-22,68.40522766113281,7113700
XLP,2022-08-23,68.10871124267578,10183400
XLP,2022-08-24,68.27943420410156,8061900
XLP,2022-08-25,68.59390258789062,6105000
XLP,2022-08-26,66.89570617675781,11212500
XLP,2022-08-29,66.78785705566406,13214300
XLP,2022-08-30,66.09600067138672,10316700
XLP,2022-08-31,65.6916732788086,10397800
XLP,2022-09-01,66.06005859375,15968200
XLP,2022-09-02,65.19745635986328,15846700
XLP,2022-09-06,64.82908630371094,21871800
XLP,2022-09-07,65.99715423583984,19632300
XLP,2022-09-08,65.8264389038086,14843900
XLP,2022-09-09,66.473388671875,18139000
XLP,2022-09-12,66.73396301269531,8680000
XLP,2022-09-13,64.50560760498047,12940800
XLP,2022-09-14,64.47864532470703,12291500
XLP,2022-09-15,63.93954086303711,11234700
XLP,2022-09-16,64.09227752685547,13452600
XLP,2022-09-19,64.51823425292969,9370400
XLP,2022-09-20,64.16553497314453,9169900
XLP,2022-09-21,63.92134475708008,14189700
XLP,2022-09-22,63.830909729003906,10428400
XLP,2022-09-23,62.745662689208984,15909500
XLP,2022-09-26,62.790889739990234,11638000
XLP,2022-09-27,61.70561981201172,17159300
XLP,2022-09-28,62.44721984863281,14259200
XLP,2022-09-29,61.416229248046875,13508200
XLP,2022-09-30,60.34906768798828,13427400
XLP,2022-10-03,61.389095306396484,12703300
XLP,2022-10-04,62.32061004638672,13366400
XLP,2022-10-05,61.9588508605957,10596100
XLP,2022-10-06,61.05448913574219,10607000
XLP,2022-10-07,60.14105224609375,13741600
XLP,2022-10-10,60.35811233520508,11799000
XLP,2022-10-11,60.85551071166992,10783400
XLP,2022-10-12,61.18109130859375,10963200
XLP,2022-10-13,62.19398498535156,18475600
XLP,2022-10-14,61.07255554199219,11611200
XLP,2022-10-17,61.73278045654297,9105200
XLP,2022-10-18,62.53765869140625,11000700
XLP,2022-10-19,62.24824523925781,8985300
XLP,2022-10-20,61.38005447387695,10023200
XLP,2022-10-21,62.32061004638672,9613300
XLP,2022-10-24,63.44202423095703,11076000
XLP,2022-10-25,64.27405548095703,10619600
XLP,2022-10-26,64.69912719726562,9483700
XLP,2022-10-27,64.75337982177734,9988200
XLP,2022-10-28,66.17322540283203,9545400
XLP,2022-10-31,65.78437805175781,9201000
XLP,2022-11-01,65.57637023925781,9535200
XLP,2022-11-02,64.43685913085938,16291600
XLP,2022-11-03,64.21979522705078,10624500
XLP,2022-11-04,64.97947692871094,11938600
XLP,2022-11-07,65.55828857421875,7133600
XLP,2022-11-08,65.7481918334961,9091700
XLP,2022-11-09,65.03372955322266,9465200
XLP,2022-11-10,66.56214141845703,19286100
XLP,2022-11-11,66.4897689819336,14289300
XLP,2022-11-14,65.96524047851562,14803000
XLP,2022-11-15,66.51691436767578,15064200
XLP,2022-11-16,66.84249114990234,9748600
XLP,2022-11-17,66.82439422607422,7827000
XLP,2022-11-18,67.53885650634766,9070800
XLP,2022-11-21,68.18094635009766,8054900
XLP,2022-11-22,68.67835998535156,6307100
XLP,2022-11-23,68.91351318359375,6286400
XLP,2022-11-25,68.95873260498047,2978000
XLP,2022-11-28,68.69646453857422,8698300
XLP,2022-11-29,68.43418884277344,7755100
XLP,2022-11-30,69.808837890625,11704200
XLP,2022-12-01,69.49230194091797,10215700
XLP,2022-12-02,69.808837890625,6087200
XLP,2022-12-05,68.93160247802734,8632900
XLP,2022-12-06,68.50652313232422,8136300
XLP,2022-12-07,68.79595184326172,7298700
XLP,2022-12-08,69.166748046875,7803400
XLP,2022-12-09,68.6331558227539,9761700
XLP,2022-12-12,69.35665893554688,6996800
XLP,2022-12-13,69.25719451904297,11349000
XLP,2022-12-14,69.21196746826172,13820200
XLP,2022-12-15,68.03626251220703,11281000
XLP,2022-12-16,67.70164489746094,14561500
XLP,2022-12-19,67.65884399414062,8093900
XLP,2022-12-20,67.60417938232422,7368900
XLP,2022-12-21,68.27821350097656,7953100
XLP,2022-12-22,68.12336730957031,6888300
XLP,2022-12-23,68.47863006591797,4874700
XLP,2022-12-27,68.80652618408203,4839700
XLP,2022-12-28,67.95030975341797,5028900
XLP,2022-12-29,68.24178314208984,5574800
XLP,2022-12-30,67.90477752685547,6249900
XLP,2023-01-03,67.64972686767578,14433300
XLP,2023-01-04,67.91387939453125,12197300
XLP,2023-01-05,67.23072814941406,9848200
XLP,2023-01-06,69.02513122558594,9982400
XLP,2023-01-09,68.35108947753906,11081800
XLP,2023-01-10,68.260009765625,8427900
XLP,2023-01-11,68.29644012451172,9848300
XLP,2023-01-12,67.75904083251953,9841300
XLP,2023-01-13,68.07783508300781,9274200
XLP,2023-01-17,68.12336730957031,9006800
XLP,2023-01-18,66.26521301269531,16069900
XLP,2023-01-19,65.63671112060547,12421500
XLP,2023-01-20,66.14680480957031,12349600
XLP,2023-01-23,66.35630798339844,12000200
XLP,2023-01-24,66.62955474853516,13465600
XLP,2023-01-25,66.79351806640625,11606800
XLP,2023-01-26,66.55670166015625,8081500
XLP,2023-01-27,66.36540985107422,10341700
XLP,2023-01-30,66.4473876953125,10463100
XLP,2023-01-31,67.1669692993164,8002700
XLP,2023-02-01,67.7043685913086,15447600
XLP,2023-02-02,67.12142181396484,12238800
XLP,2023-02-03,66.8572769165039,12874800
XLP,2023-02-06,66.93925476074219,7208900
XLP,2023-02-07,66.65689849853516,9268200
XLP,2023-02-08,66.14680480957031,8933500
XLP,2023-02-09,65.85533905029297,8341500
XLP,2023-02-10,66.46561431884766,8197200
XLP,2023-02-13,67.22161865234375,7440500
XLP,2023-02-14,66.61133575439453,9344700
XLP,2023-02-15,66.73886108398438,9006000
XLP,2023-02-16,66.25611877441406,8355100
XLP,2023-02-17,67.11231994628906,11116000
XLP,2023-02-21,66.8572769165039,8974700
XLP,2023-02-22,66.75706481933594,8851000
XLP,2023-02-23,66.67510223388672,12700000
XLP,2023-02-24,66.2287826538086,11340600
XLP,2023-02-27,66.15591430664062,10162300
XLP,2023-02-28,65.60940551757812,9757300
XLP,2023-03-01,65.12664031982422,10475000
XLP,2023-03-02,66.01927185058594,9876000
XLP,2023-03-03,66.07394409179688,12384300
XLP,2023-03-06,66.24701690673828,8356000
XLP,2023-03-07,65.59117126464844,10059400
XLP,2023-03-08,65.7004623413086,11170800
XLP,2023-03-09,65.0901870727539,15612700
XLP,2023-03-10,64.77140808105469,19026300
XLP,2023-03-13,65.09930419921875,29831400
XLP,2023-03-14,65.69136810302734,19139200
XLP,2023-03-15,66.11947631835938,21438000
XLP,2023-03-16,66.1650161743164,15712500
XLP,2023-03-17,65.6822509765625,13283900
XLP,2023-03-20,66.59292602539062,14130900
XLP,2023-03-21,66.53800964355469,12499700
XLP,2023-03-22,65.9248046875,11942200
XLP,2023-03-23,65.66853332519531,12160300
XLP,2023-03-24,66.78512573242188,12352500
XLP,2023-03-27,67.14208221435547,10865500
XLP,2023-03-28,67.26105499267578,11593400
XLP,2023-03-29,67.63630676269531,9483400
XLP,2023-03-30,67.8285140991211,10737800
XLP,2023-03-31,68.37764739990234,10338700
XLP,2023-04-03,68.73458099365234,9607700
XLP,2023-04-04,68.59729766845703,7272900
XLP,2023-04-05,68.91766357421875,12409900
XLP,2023-04-06,68.9725570678711,8616800
XLP,2023-04-10,68.9725570678711,9423400
XLP,2023-04-11,69.17391204833984,12944300
XLP,2023-04-12,68.86271667480469,10386400
XLP,2023-04-13,69.24713134765625,12919000
XLP,2023-04-14,68.80781555175781,8789700
XLP,2023-04-17,69.24713134765625,9683400
XLP,2023-04-18,69.45762634277344,7233100
XLP,2023-04-19,69.41187286376953,6283600
XLP,2023-04-20,69.57661437988281,7329500
XLP,2023-04-21,70.07999420166016,10431000
XLP,2023-04-24,70.36371612548828,8723100
XLP,2023-04-25,70.27220153808594,12179700
XLP,2023-04-26,69.72305297851562,8778800
XLP,2023-04-27,70.5009994506836,11287800
XLP,2023-04-28,70.87625885009766,9757600
XLP,2023-05-01,70.9311752319336,10860800
XLP,2023-05-02,70.73897552490234,19136000
XLP,2023-05-03,70.16236877441406,11656600
XLP,2023-05-04,69.98846435546875,11682600
XLP,2023-05-05,70.63829040527344,10479400
XLP,2023-05-08,70.42778778076172,8069200
XLP,2023-05-09,70.20813751220703,6939500
XLP,2023-05-10,70.09829711914062,12259100
XLP,2023-05-11,70.30880737304688,11790600
XLP,2023-05-12,70.58338165283203,7012000
XLP,2023-05-15,70.40947723388672,8652200
XLP,2023-05-16,69.81456756591797,11310700
XLP,2023-05-17,69.77796936035156,10891300
XLP,2023-05-18,69.4393310546875,10765300
XLP,2023-05-19,69.4850845336914,10457600
XLP,2023-05-22,68.43255615234375,14575700
XLP,2023-05-23,67.92916870117188,13700400
XLP,2023-05-24,67.48986053466797,11901800
XLP,2023-05-25,66.97734069824219,17725000
XLP,2023-05-26,67.20613861083984,15531000
XLP,2023-05-30,66.43733978271484,22766900
XLP,2023-05-31,66.51056671142578,22328600
XLP,2023-06-01,66.45565032958984,13836100
XLP,2023-06-02,67.37088775634766,14719800
XLP,2023-06-05,67.12376403808594,9629600
XLP,2023-06-06,66.78512573242188,10796900
XLP,2023-06-07,66.56548309326172,13595100
XLP,2023-06-08,67.0230941772461,8881300
XLP,2023-06-09,66.91326141357422,8756200
XLP,2023-06-12,66.89495849609375,11357600
XLP,2023-06-13,67.1695327758789,8401800
XLP,2023-06-14,67.58138275146484,13849900
XLP,2023-06-15,68.25867462158203,16251200
XLP,2023-06-16,68.3410415649414,12672900
XLP,2023-06-20,67.82117462158203,9731800
XLP,2023-06-21,68.06082916259766,13633500
XLP,2023-06-22,68.4571762084961,17247600
XLP,2023-06-23,68.00553131103516,9706900
XLP,2023-06-26,68.09770965576172,8955400
XLP,2023-06-27,68.30048370361328,8965400
XLP,2023-06-28,67.83961486816406,12800400
XLP,2023-06-29,67.77510070800781,10018000
XLP,2023-06-30,68.36499786376953,14266200
XLP,2023-07-03,68.89961242675781,12817100
XLP,2023-07-05,68.77977752685547,17579200
XLP,2023-07-06,68.60465240478516,14881300
XLP,2023-07-07,67.7105712890625,16405400
XLP,2023-07-10,67.69214630126953,11953600
XLP,2023-07-11,67.79353332519531,9812500
XLP,2023-07-12,67.95022583007812,12680900
XLP,2023-07-13,68.23596954345703,10581500
XLP,2023-07-14,68.46637725830078,12475600
XLP,2023-07-17,68.26361083984375,9496300
XLP,2023-07-18,68.18987274169922,10124100
XLP,2023-07-19,68.88117980957031,14718700
XLP,2023-07-20,69.47108459472656,16106300
XLP,2023-07-21,69.71073150634766,13836800
XLP,2023-07-24,69.97804260253906,10692500
XLP,2023-07-25,69.95960235595703,8576600
XLP,2023-07-26,70.04254913330078,10506500
XLP,2023-07-27,69.42499542236328,10008500
XLP,2023-07-28,70.1439437866211,9672400
XLP,2023-07-31,69.82135009765625,10057100
XLP,2023-08-01,69.44343566894531,9376700
XLP,2023-08-02,69.69229888916016,11509700
XLP,2023-08-03,69.49872589111328,8774900
XLP,2023-08-04,68.80744171142578,10022800
XLP,2023-08-07,69.36968994140625,8875600
XLP,2023-08-08,68.87195587158203,11413600
XLP,2023-08-09,68.97335815429688,11912200
XLP,2023-08-10,68.83509063720703,10357700
XLP,2023-08-11,68.94570922851562,7472500
XLP,2023-08-14,68.60465240478516,11483800
XLP,2023-08-15,67.86725616455078,13257500
XLP,2023-08-16,67.7105712890625,14814900
XLP,2023-08-17,67.05614471435547,11798000
XLP,2023-08-18,67.30500030517578,12334500
XLP,2023-08-21,66.85336303710938,12005400
XLP,2023-08-22,66.47545623779297,11496100
XLP,2023-08-23,66.91787719726562,10796800
XLP,2023-08-24,66.38329315185547,13797500
XLP,2023-08-25,66.75196838378906,13088500
XLP,2023-08-28,67.05614471435547,6914800
XLP,2023-08-29,67.29578399658203,9502800
XLP,2023-08-30,67.4063949584961,9679300
XLP,2023-08-31,67.06535339355469,7731300
XLP,2023-09-01,66.49388122558594,8346400
XLP,2023-09-05,65.92239379882812,8634200
XLP,2023-09-06,65.84867095947266,9050100
XLP,2023-09-07,66.00537109375,10149000
XLP,2023-09-08,66.08831024169922,8323000
XLP,2023-09-11,66.6597900390625,8450700
XLP,2023-09-12,66.08831024169922,13300200
XLP,2023-09-13,66.29109954833984,7863700
XLP,2023-09-14,66.96398162841797,9356000
XLP,2023-09-15,66.41093444824219,10891600
XLP,2023-09-18,66.38772583007812,6841200
XLP,2023-09-19,66.22996520996094,7733500
XLP,2023-09-20,66.29492950439453,10841700
XLP,2023-09-21,65.44117736816406,11869900
XLP,2023-09-22,65.08855438232422,12243000
XLP,2023-09-25,64.85655975341797,9137600
XLP,2023-09-26,64.37401580810547,11541000
XLP,2023-09-27,63.845069885253906,14182700
XLP,2023-09-28,64.0399398803711,12094400
XLP,2023-09-29,63.854339599609375,11797500
XLP,2023-10-02,63.41819381713867,12642500
XLP,2023-10-03,62.96349334716797,15396200
XLP,2023-10-04,63.46459197998047,15125900
XLP,2023-10-05,62.211814880371094,15757300
XLP,2023-10-06,61.868465423583984,28723400
XLP,2023-10-09,61.924137115478516,15662900
XLP,2023-10-10,62.555171966552734,18809600
XLP,2023-10-11,62.1282958984375,18293200
XLP,2023-10-12,61.45087432861328,15185000
XLP,2023-10-13,61.98910903930664,15641000
XLP,2023-10-16,62.6294059753418,16172800
XLP,2023-10-17,62.89851760864258,13192200
XLP,2023-10-18,63.13051223754883,16617700
XLP,2023-10-19,62.66652297973633,18237000
XLP,2023-10-20,62.42524719238281,14730500
XLP,2023-10-23,62.30460739135742,13777300
XLP,2023-10-24,62.83355712890625,12055600
XLP,2023-10-25,63.04698944091797,11351100
XLP,2023-10-26,62.6386833190918,13662200
XLP,2023-10-27,61.78493881225586,17587700
XLP,2023-10-30,62.75004196166992,12224000
XLP,2023-10-31,62.972755432128906,8586400
XLP,2023-11-01,62.90779113769531,18709400
XLP,2023-11-02,63.72442626953125,21175900
XLP,2023-11-03,63.798667907714844,17201100
XLP,2023-11-06,63.9007453918457,14663200
XLP,2023-11-07,64.0584945678711,12567700
XLP,2023-11-08,63.807945251464844,10481700
XLP,2023-11-09,63.54811096191406,10336900
XLP,2023-11-10,63.99354934692383,9266200
XLP,2023-11-13,64.19768524169922,8540800
XLP,2023-11-14,64.85655975341797,13606200
XLP,2023-11-15,65.37623596191406,10618900
XLP,2023-11-16,64.56890106201172,16536300
XLP,2023-11-17,64.48536682128906,10761100
XLP,2023-11-20,64.43896484375,11651300
XLP,2023-11-21,64.63385009765625,11681400
XLP,2023-11-22,65.09783935546875,8862100
XLP,2023-11-24,65.339111328125,4500800
XLP,2023-11-27,65.15352630615234,11746800
XLP,2023-11-28,65.45046997070312,8562300
XLP,2023-11-29,64.92152404785156,9873800
XLP,2023-11-30,65.57111358642578,11803600
XLP,2023-12-01,65.84022521972656,13490300
XLP,2023-12-04,65.92375183105469,11386300
XLP,2023-12-05,65.4040756225586,11565900
XLP,2023-12-06,65.2370376586914,11008700
XLP,2023-12-07,65.5154037475586,8460000
XLP,2023-12-08,65.06069946289062,8191300
XLP,2023-12-11,65.68245697021484,16192800
XLP,2023-12-12,65.8958969116211,8764500
XLP,2023-12-13,67.09300231933594,14052700
XLP,2023-12-14,66.10933685302734,16056700
XLP,2023-12-15,66.10933685302734,17434600
XLP,2023-12-18,66.79750061035156,11816000
XLP,2023-12-19,66.92839813232422,8283200
XLP,2023-12-20,65.62873840332031,16705400
XLP,2023-12-21,66.08688354492188,10971900
XLP,2023-12-22,66.59180450439453,7831800
XLP,2023-12-26,66.8722915649414,6915800
XLP,2023-12-27,67.18086242675781,7566700
XLP,2023-12-28,67.20891571044922,6466000
XLP,2023-12-29,67.34916687011719,10412700
XLP,2024-01-02,68.10651397705078,12912000
XLP,2024-01-03,67.57354736328125,13979700
XLP,2024-01-04,67.48005676269531,10865000
XLP,2024-01-05,67.3304672241211,12802800
XLP,2024-01-08,67.8260269165039,9409000
XLP,2024-01-09,68.0036849975586,7838600
XLP,2024-01-10,67.8634262084961,11113300
XLP,2024-01-11,67.85407257080078,9507800
XLP,2024-01-12,68.06912994384766,7712800
XLP,2024-01-16,67.69511413574219,11566900
XLP,2024-01-17,67.64836120605469,9641400
XLP,2024-01-18,67.56421661376953,10548800
XLP,2024-01-19,67.36787414550781,11309600
XLP,2024-01-22,67.04059600830078,15078600
XLP,2024-01-23,67.7699203491211,13859600
XLP,2024-01-24,66.93775939941406,12290500
XLP,2024-01-25,67.58292388916016,12160900
XLP,2024-01-26,67.91017150878906,7432800
XLP,2024-01-29,68.3028793334961,9321900
XLP,2024-01-30,68.68623352050781,11058900
XLP,2024-01-31,68.18132019042969,17220600
XLP,2024-02-01,69.57450103759766,20588700
XLP,2024-02-02,69.35009765625,23158000
XLP,2024-02-05,68.91998291015625,14564700
XLP,2024-02-06,69.07894897460938,11224200
XLP,2024-02-07,69.01348876953125,7544100
XLP,2024-02-08,68.99478912353516,16287600
XLP,2024-02-09,68.35897827148438,20698800
XLP,2024-02-12,68.84517669677734,13422900
XLP,2024-02-13,68.10651397705078,21640600
XLP,2024-02-14,67.97562408447266,15191300
XLP,2024-02-15,68.4150619506836,14235700
XLP,2024-02-16,68.51793670654297,15568300
XLP,2024-02-20,69.2378921508789,15388700
XLP,2024-02-21,69.4903564453125,13776600
XLP,2024-02-22,69.70539855957031,11744900
XLP,2024-02-23,69.92046356201172,12548300
XLP,2024-02-26,69.63996124267578,11806000
XLP,2024-02-27,69.6492919921875,8294300
XLP,2024-02-28,69.7240982055664,6768700
XLP,2024-02-29,69.61189270019531,14083400
XLP,2024-03-01,69.6212387084961,15512500
XLP,2024-03-04,69.67736053466797,15912700
XLP,2024-03-05,69.84564971923828,15708400
XLP,2024-03-06,70.43470764160156,11816200
XLP,2024-03-07,70.83678436279297,9174900
XLP,2024-03-08,70.27576446533203,13301600
XLP,2024-03-11,70.65911865234375,9316500
XLP,2024-03-12,71.02377319335938,10454900
XLP,2024-03-13,71.201416015625,9739500
XLP,2024-03-14,70.64976501464844,14086100
XLP,2024-03-15,70.62171173095703,14248300
XLP,2024-03-18,71.07571411132812,10229000
XLP,2024-03-19,71.33943939208984,10245900
XLP,2024-03-20,71.55607604980469,10986100
XLP,2024-03-21,71.59375762939453,8936100
XLP,2024-03-22,71.24525451660156,10942300
XLP,2024-03-25,71.0474624633789,11003700
XLP,2024-03-26,71.08513641357422,7964400
XLP,2024-03-27,71.82923889160156,9848100
XLP,2024-03-28,71.92342376708984,9172700
XLP,2024-04-01,71.34886169433594,13205200
XLP,2024-04-02,70.98152160644531,16269200
XLP,2024-04-03,70.19975280761719,16094700
XLP,2024-04-04,69.8983383178711,18289500
XLP,2024-04-05,70.01136779785156,11148900
XLP,2024-04-08,69.90776062011719,10040700
XLP,2024-04-09,70.24683380126953,12629600
XLP,2024-04-10,69.9925308227539,15018400
XLP,2024-04-11,69.822998046875,10551900
XLP,2024-04-12,69.11656188964844,14605900
XLP,2024-04-15,68.83399200439453,12119600
XLP,2024-04-16,68.86224365234375,12737600
XLP,2024-04-17,69.11656188964844,12731500
XLP,2024-04-18,69.43681335449219,11964200
XLP,2024-04-19,70.11498260498047,15843100
XLP,2024-04-22,70.78372192382812,12181600
XLP,2024-04-23,70.98152160644531,12821100
XLP,2024-04-24,71.51838684082031,15011000
XLP,2024-04-25,71.34886169433594,14352600
XLP,2024-04-26,71.19816589355469,13488200
XLP,2024-04-29,71.42423248291016,9244000
XLP,2024-04-30,71.11339569091797,12517400
XLP,2024-05-01,70.66128540039062,24867400
XLP,2024-05-02,71.25468444824219,22820400
XLP,2024-05-03,71.47129821777344,18088200
XLP,2024-05-06,71.50897979736328,12508400
XLP,2024-05-07,72.29075622558594,14641800
XLP,2024-05-08,72.07412719726562,12686000
XLP,2024-05-09,72.69578552246094,12851900
XLP,2024-05-10,73.11021423339844,10774900
XLP,2024-05-13,72.90298461914062,11755400
XLP,2024-05-14,72.76171875,10117600
XLP,2024-05-15,72.8088150024414,18143000
XLP,2024-05-16,73.84490203857422,17360400
XLP,2024-05-17,73.66593170166016,11265700
XLP,2024-05-20,73.15731811523438,9226400
XLP,2024-05-21,73.59059143066406,6595200
XLP,2024-05-22,73.29859924316406,9395100
XLP,2024-05-23,72.43204498291016,10751300
XLP,2024-05-24,72.62042999267578,6943200
XLP,2024-05-28,72.05529022216797,8840700
XLP,2024-05-29,71.5372314453125,10402400
XLP,2024-05-30,71.72562408447266,7404400
XLP,2024-05-31,72.84646606445312,11873900
XLP,2024-06-03,72.81822204589844,12223400
XLP,2024-06-04,73.44930267333984,9097500
XLP,2024-06-05,73.28916931152344,9095100
XLP,2024-06-06,73.51524353027344,9759400
XLP,2024-06-07,73.14790344238281,7490500
XLP,2024-06-10,73.09136962890625,10033800
XLP,2024-06-11,73.05370330810547,8583700
XLP,2024-06-12,72.2530746459961,14172800
XLP,2024-06-13,72.34728240966797,8723500
XLP,2024-06-14,72.47914123535156,7246400
XLP,2024-06-17,73.1667251586914,8762000
XLP,2024-06-18,73.26092529296875,6567100
XLP,2024-06-20,73.10079193115234,9316300
XLP,2024-06-21,73.15731811523438,11594000
XLP,2024-06-24,73.9374008178711,9722600
XLP,2024-06-25,73.462890625,10705700
XLP,2024-06-26,73.31106567382812,8405200
XLP,2024-06-27,72.99788665771484,4592300
XLP,2024-06-28,72.67520904541016,8396900
XLP,2024-07-01,72.1627426147461,9275300
XLP,2024-07-02,72.66572570800781,8233400
XLP,2024-07-03,72.54235076904297,5600600
XLP,2024-07-05,73.4344253540039,7202900
XLP,2024-07-08,73.32054901123047,4486800
XLP,2024-07-09,73.1307373046875,5635700
XLP,2024-07-10,73.45339965820312,7249100
XLP,2024-07-11,73.17819213867188,11414600
XLP,2024-07-12,73.50084686279297,10028200
XLP,2024-07-15,73.07380676269531,8481200
XLP,2024-07-16,73.77606201171875,7987300
XLP,2024-07-17,74.72506713867188,18297900
XLP,2024-07-18,74.35496520996094,14877200
XLP,2024-07-19,74.10821533203125,11816500
XLP,2024-07-22,74.1556625366211,9408200
XLP,2024-07-23,73.88993835449219,6937900
XLP,2024-07-24,73.82351684570312,10620400
XLP,2024-07-25,73.73809814453125,15686200
XLP,2024-07-26,74.48782348632812,10271900
XLP,2024-07-29,74.51628112792969,9115000
XLP,2024-07-30,74.0133056640625,11818400
XLP,2024-07-31,73.88044738769531,10474100
XLP,2024-08-01,74.56375122070312,16535000
XLP,2024-08-02,75.21855926513672,24086900
XLP,2024-08-05,73.73809814453125,29057400
XLP,2024-08-06,74.25055694580078,15801400
XLP,2024-08-07,74.32649230957031,14182300
XLP,2024-08-08,75.00028991699219,13889800
XLP,2024-08-09,75.11417388916016,10319800
XLP,2024-08-12,74.73455047607422,9735300
XLP,2024-08-13,75.07621002197266,7513900
XLP,2024-08-14,75.41785430908203,7264000
XLP,2024-08-15,76.196044921875,7745200
XLP,2024-08-16,76.40483093261719,6976700
XLP,2024-08-19,76.66105651855469,7330000
XLP,2024-08-20,77.04065704345703,6931200
XLP,2024-08-21,77.56262969970703,7960700
XLP,2024-08-22,77.44873809814453,7632600
XLP,2024-08-23,77.66700744628906,6505100
XLP,2024-08-26,78.21742248535156,7270700
XLP,2024-08-27,78.40724182128906,5674600
XLP,2024-08-28,78.0750732421875,6666800
XLP,2024-08-29,77.68598937988281,6343700
XLP,2024-08-30,78.30284118652344,8884800
XLP,2024-09-03,78.853271484375,15503700
XLP,2024-09-04,79.22339630126953,19276700
XLP,2024-09-05,78.91970825195312,12775800
XLP,2024-09-06,78.75837707519531,12616500
XLP,2024-09-09,79.36573791503906,10061000
XLP,2024-09-10,79.34674835205078,14002500
XLP,2024-09-11,78.60652923583984,14556400
XLP,2024-09-12,79.09052276611328,8659100
XLP,2024-09-13,79.65043640136719,5953700
XLP,2024-09-16,79.963623046875,7794600
XLP,2024-09-17,79.20439910888672,8404900
XLP,2024-09-18,78.90071868896484,12935600
XLP,2024-09-19,78.43571472167969,14934200
XLP,2024-09-20,78.81529998779297,12719100
XLP,2024-09-23,79.27230072021484,11985900
XLP,2024-09-24,79.08148956298828,8985100
XLP,2024-09-25,78.88114166259766,6100900
XLP,2024-09-26,79.06241607666016,8565600
XLP,2024-09-27,79.20550537109375,6432600
XLP,2024-09-30,79.18643188476562,8468900
XLP,2024-10-01,78.91930389404297,15725800
XLP,2024-10-02,78.25147247314453,10788300
XLP,2024-10-03,77.4691390991211,11507900
XLP,2024-10-04,77.72673797607422,12463000
XLP,2024-10-07,76.95396423339844,9270800
XLP,2024-10-08,77.3355712890625,8218300
XLP,2024-10-09,77.80306243896484,9276300
XLP,2024-10-10,77.45960235595703,9122600
XLP,2024-10-11,77.888916015625,8741500
XLP,2024-10-14,78.2037582397461,6263000
XLP,2024-10-15,78.69986724853516,11287700
XLP,2024-10-16,78.64263153076172,7720300
XLP,2024-10-17,78.28962707519531,7716400
XLP,2024-10-18,78.46135711669922,8314200
XLP,2024-10-21,77.80306243896484,8704600
XLP,2024-10-22,78.24192810058594,8912400
XLP,2024-10-23,78.08927917480469,6926500
XLP,2024-10-24,77.98433685302734,6211500
XLP,2024-10-25,77.3355712890625,6546900
XLP,2024-10-28,77.47867584228516,5714200
XLP,2024-10-29,76.71544647216797,9459900
XLP,2024-10-30,76.5914077758789,8504800
XLP,2024-10-31,76.43876647949219,10905300
XLP,2024-11-01,76.4673843383789,7916100
XLP,2024-11-04,76.67728424072266,6958900
XLP,2024-11-05,77.1638412475586,5304800
XLP,2024-11-06,75.90448760986328,18487700
XLP,2024-11-07,76.18116760253906,17598100
XLP,2024-11-08,77.10661315917969,11530300
XLP,2024-11-11,76.83946990966797,9273800
XLP,2024-11-12,76.9253158569336,13518000
XLP,2024-11-13,77.154296875,6781600
XLP,2024-11-14,76.96349334716797,7572200
XLP,2024-11-15,76.2861099243164,11359100
XLP,2024-11-18,76.82038116455078,8747600
XLP,2024-11-19,76.9253158569336,8020800
XLP,2024-11-20,76.53417205810547,7687200
XLP,2024-11-21,77.36420440673828,8185800
XLP,2024-11-22,78.0797348022461,7703800
XLP,2024-11-25,78.50907135009766,8243100
XLP,2024-11-26,78.83344268798828,6973600
XLP,2024-11-27,78.99563598632812,7067800
XLP,2024-11-29,79.39633178710938,4982600
XLP,2024-12-02,79.3009262084961,10750100
XLP,2024-12-03,78.89067840576172,11053200
XLP,2024-12-04,78.6712417602539,10100900
XLP,2024-12-05,78.98609924316406,12639000
XLP,2024-12-06,78.59492492675781,7180600
XLP,2024-12-09,78.47089385986328,11614000
XLP,2024-12-10,78.84297943115234,8497200
XLP,2024-12-11,78.24192810058594,9046100
XLP,2024-12-12,78.47089385986328,5410800
XLP,2024-12-13,78.27053833007812,8154300
XLP,2024-12-16,77.86029815673828,6495000
XLP,2024-12-17,77.72673797607422,8535900
XLP,2024-12-18,76.54370880126953,17223000
XLP,2024-12-19,75.9999008178711,15778400
XLP,2024-12-20,76.26702880859375,11035400
XLP,2024-12-23,75.86519622802734,11469000
XLP,2024-12-24,76.36508178710938,3932600
XLP,2024-12-26,76.60541534423828,4253700
XLP,2024-12-27,76.23051452636719,6601700
XLP,2024-12-30,75.33650970458984,7249300
XLP,2024-12-31,75.56720733642578,6125500
XLV,2020-01-02,91.90079498291016,6277400
XLV,2020-01-03,91.09992980957031,8247500
XLV,2020-01-06,91.66683959960938,6441800
XLV,2020-01-07,91.48684692382812,6335300
XLV,2020-01-08,92.08075714111328,7494700
XLV,2020-01-09,92.4767074584961,6660600
XLV,2020-01-10,92.50367736816406,9300300
XLV,2020-01-13,92.17974090576172,7621700
XLV,2020-01-14,92.73762512207031,7294900
XLV,2020-01-15,93.53849792480469,7521800
XLV,2020-01-16,94.0244140625,5479900
XLV,2020-01-17,94.0244140625,6533400
XLV,2020-01-21,94.12340545654297,6644800
XLV,2020-01-22,94.2403793334961,9431500
XLV,2020-01-23,93.76344299316406,8522600
XLV,2020-01-24,92.19774627685547,15962700
XLV,2020-01-27,91.49586486816406,11762300
XLV,2020-01-28,91.9457778930664,8079900
XLV,2020-01-29,91.6938247680664,6435700
XLV,2020-01-30,91.02793884277344,10989400
XLV,2020-01-31,89.21027374267578,14476700
XLV,2020-02-03,90.0201187133789,11850600
XLV,2020-02-04,91.60385131835938,9575100
XLV,2020-02-05,93.36754608154297,14131000
XLV,2020-02-06,93.44852447509766,6166500
XLV,2020-02-07,92.71965789794922,6057200
XLV,2020-02-10,93.21456909179688,4010100
XLV,2020-02-11,93.77246856689453,10277100
XLV,2020-02-12,93.88943481445312,4705700
XLV,2020-02-13,93.44852447509766,4778500
XLV,2020-02-14,93.52051544189453,5114200
XLV,2020-02-18,93.18758392333984,8409300
XLV,2020-02-19,93.61949157714844,6427900
XLV,2020-02-20,93.01658630371094,8080900
XLV,2020-02-21,93.07059478759766,6510800
XLV,2020-02-24,90.13710021972656,16284500
XLV,2020-02-25,87.4015884399414,20301600
XLV,2020-02-26,87.39258575439453,13721600
XLV,2020-02-27,84.42311096191406,22047900
XLV,2020-02-28,83.33429718017578,27750600
XLV,2020-03-02,87.23960876464844,22359400
XLV,2020-03-03,85.07099151611328,33385500
XLV,2020-03-04,89.97513580322266,26418700
XLV,2020-03-05,87.88748168945312,17873000
XLV,2020-03-06,87.4195785522461,17917700
XLV,2020-03-09,82.8753662109375,21968500
XLV,2020-03-10,85.7188949584961,26473200
XLV,2020-03-11,82.44346618652344,23217900
XLV,2020-03-12,76.28854370117188,20652200
XLV,2020-03-13,81.57962036132812,29162800
XLV,2020-03-16,73.53504180908203,21474800
XLV,2020-03-17,78.15119934082031,27899700
XLV,2020-03-18,75.55970001220703,28931000
XLV,2020-03-19,74.0119400024414,27121100
XLV,2020-03-20,71.16845703125,22004900
XLV,2020-03-23,67.47205352783203,33633000
XLV,2020-03-24,72.6712417602539,16775800
XLV,2020-03-25,73.63874816894531,16851800
XLV,2020-03-26,78.5304946899414,18822500
XLV,2020-03-27,76.84868621826172,13043200
XLV,2020-03-30,80.44742584228516,13766700
XLV,2020-03-31,80.09481048583984,13584900
XLV,2020-04-01,77.04759216308594,15255200
XLV,2020-04-02,79.1815414428711,13588000
XLV,2020-04-03,78.46723937988281,12934200
XLV,2020-04-06,82.58136749267578,13472900
XLV,2020-04-07,81.90321350097656,16699200
XLV,2020-04-08,85.27590942382812,32624300
XLV,2020-04-09,85.74609375,12982500
XLV,2020-04-13,84.99560546875,9606600
XLV,2020-04-14,87.8167495727539,12830800
XLV,2020-04-15,87.36463165283203,11019000
XLV,2020-04-16,89.27250671386719,11331600
XLV,2020-04-17,91.12614440917969,11504400
XLV,2020-04-20,90.40276336669922,10558100
XLV,2020-04-21,87.65396881103516,9291400
XLV,2020-04-22,88.9922103881836,11994100
XLV,2020-04-23,89.48048400878906,16013300
XLV,2020-04-24,90.68309020996094,7853300
XLV,2020-04-27,91.84949493408203,8022100
XLV,2020-04-28,89.99585723876953,11517500
XLV,2020-04-29,90.5926742553711,9939900
XLV,2020-04-30,90.17670440673828,12768900
XLV,2020-05-01,88.45873260498047,10102000
XLV,2020-05-04,88.41350555419922,8991300
XLV,2020-05-05,90.33043670654297,11498300
XLV,2020-05-06,89.43527221679688,9493200
XLV,2020-05-07,89.4262466430664,9453900
XLV,2020-05-08,89.88738250732422,10374500
XLV,2020-05-11,91.43358612060547,15115100
XLV,2020-05-12,90.04109954833984,18471000
XLV,2020-05-13,89.06453704833984,12667200
XLV,2020-05-14,90.04109954833984,12021400
XLV,2020-05-15,90.80064392089844,15170200
XLV,2020-05-18,91.55110931396484,10557300
XLV,2020-05-19,90.44796752929688,10561400
XLV,2020-05-20,90.55650329589844,10058000
XLV,2020-05-21,89.88738250732422,12259500
XLV,2020-05-22,90.0772476196289,10233200
XLV,2020-05-26,89.91451263427734,10828800
XLV,2020-05-27,90.84581756591797,15551900
XLV,2020-05-28,92.03032684326172,11707700
XLV,2020-05-29,93.14253234863281,19055300
XLV,2020-06-01,92.2202377319336,8436200
XLV,2020-06-02,92.75370025634766,13162300
XLV,2020-06-03,92.57286071777344,10020900
XLV,2020-06-04,91.8404541015625,10848300
XLV,2020-06-05,93.3233413696289,14579500
XLV,2020-06-08,93.96537017822266,8191300
XLV,2020-06-09,92.98882293701172,10371100
XLV,2020-06-10,92.84412384033203,10519700
XLV,2020-06-11,87.6811294555664,39561900
XLV,2020-06-12,88.2507553100586,19397200
XLV,2020-06-15,88.4496841430664,14521800
XLV,2020-06-16,90.62882995605469,13272800
XLV,2020-06-17,90.53837585449219,9086200
XLV,2020-06-18,90.2309799194336,7115200
XLV,2020-06-19,91.09901428222656,12177000
XLV,2020-06-22,90.74942779541016,6889200
XLV,2020-06-23,91.1398696899414,5369900
XLV,2020-06-24,88.76080322265625,15739700
XLV,2020-06-25,89.63253021240234,10506300
XLV,2020-06-26,88.54288482666016,16631400
XLV,2020-06-29,89.3419418334961,7490200
XLV,2020-06-30,90.8674545288086,9183000
XLV,2020-07-01,91.566650390625,10932800
XLV,2020-07-02,92.25676727294922,6502400
XLV,2020-07-06,93.19204711914062,6374400
XLV,2020-07-07,92.38389587402344,5913200
XLV,2020-07-08,92.3929672241211,5624900
XLV,2020-07-09,91.66651916503906,10521700
XLV,2020-07-10,91.4486083984375,10502700
XLV,2020-07-13,91.96619415283203,10167200
XLV,2020-07-14,93.79134368896484,10889900
XLV,2020-07-15,95.00811004638672,9606900
XLV,2020-07-16,94.85374450683594,6412200
XLV,2020-07-17,96.1522445678711,7548600
XLV,2020-07-20,96.13407135009766,6776300
XLV,2020-07-21,96.07051849365234,7458600
XLV,2020-07-22,96.93315887451172,5648400
XLV,2020-07-23,96.49729919433594,6970100
XLV,2020-07-24,95.43490600585938,6241000
XLV,2020-07-27,96.1522445678711,5934200
XLV,2020-07-28,96.04327392578125,6239400
XLV,2020-07-29,97.05119323730469,5449800
XLV,2020-07-30,96.3792724609375,5349200
XLV,2020-07-31,95.82536315917969,6920400
XLV,2020-08-03,96.81512451171875,8811800
XLV,2020-08-04,96.38835144042969,6092900
XLV,2020-08-05,96.83329010009766,4406600
XLV,2020-08-06,96.31568145751953,5369700
XLV,2020-08-07,96.62442779541016,4274000
XLV,2020-08-10,96.29753112792969,4640200
XLV,2020-08-11,95.68914794921875,8115900
XLV,2020-08-12,97.29638671875,8205500
XLV,2020-08-13,97.16923522949219,5323300
XLV,2020-08-14,96.97857666015625,3826200
XLV,2020-08-17,97.55062866210938,4610200
XLV,2020-08-18,97.52337646484375,4220500
XLV,2020-08-19,97.20558166503906,6308100
XLV,2020-08-20,96.8968276977539,4938300
XLV,2020-08-21,96.9967269897461,6466700
XLV,2020-08-24,96.55177307128906,6363200
XLV,2020-08-25,97.20558166503906,5096500
XLV,2020-08-26,97.08753204345703,6995300
XLV,2020-08-27,97.85028839111328,7775200
XLV,2020-08-28,98.06822204589844,5159600
XLV,2020-08-31,98.3043212890625,6721100
XLV,2020-09-01,97.42350769042969,10999300
XLV,2020-09-02,99.37579345703125,8495800
XLV,2020-09-03,96.66983795166016,13337300
XLV,2020-09-04,95.9797134399414,14715500
XLV,2020-09-08,94.39974212646484,9660200
XLV,2020-09-09,96.07051849365234,8200800
XLV,2020-09-10,94.59950256347656,9186200
XLV,2020-09-11,94.9718017578125,8764300
XLV,2020-09-14,96.3338623046875,5846900
XLV,2020-09-15,96.46099853515625,5580500
XLV,2020-09-16,96.29753112792969,7193300
XLV,2020-09-17,95.9797134399414,7597300
XLV,2020-09-18,95.83444213867188,8649300
XLV,2020-09-21,94.06401824951172,8783000
XLV,2020-09-22,93.86344909667969,7833300
XLV,2020-09-23,92.89712524414062,7681900
XLV,2020-09-24,92.43214416503906,8434600
XLV,2020-09-25,93.91814422607422,6769000
XLV,2020-09-28,94.7659912109375,6511100
XLV,2020-09-29,94.64747619628906,5402700
XLV,2020-09-30,96.16082000732422,7565500
XLV,2020-10-01,95.83262634277344,9113200
XLV,2020-10-02,94.95743560791016,8628700
XLV,2020-10-05,96.90837097167969,6661200
XLV,2020-10-06,95.62294006347656,7747200
XLV,2020-10-07,97.42800903320312,7873100
XLV,2020-10-08,97.90204620361328,5942700
XLV,2020-10-09,98.78634643554688,5636300
XLV,2020-10-12,99.46096801757812,5065000
XLV,2020-10-13,98.70431518554688,6773600
XLV,2020-10-14,98.1299819946289,5999900
XLV,2020-10-15,97.41888427734375,6197700
XLV,2020-10-16,98.38524627685547,7462100
XLV,2020-10-19,96.82630920410156,8308500
XLV,2020-10-20,96.9539566040039,7421100
XLV,2020-10-21,96.47078704833984,5474300
XLV,2020-10-22,97.92938995361328,6127100
XLV,2020-10-23,98.29405212402344,5697900
XLV,2020-10-26,97.2000961303711,8135500
XLV,2020-10-27,96.53459167480469,6893100
XLV,2020-10-28,93.47144317626953,11431700
XLV,2020-10-29,92.70564270019531,15974200
XLV,2020-10-30,92.67829132080078,10741700
XLV,2020-11-02,94.34661865234375,10287300
XLV,2020-11-03,95.72321319580078,9812900
XLV,2020-11-04,99.97151184082031,25531500
XLV,2020-11-05,100.17205810546875,12864800
XLV,2020-11-06,100.20853424072266,12311200
XLV,2020-11-09,101.14752960205078,20443000
XLV,2020-11-10,101.43927001953125,12526500
XLV,2020-11-11,101.31161499023438,9935400
XLV,2020-11-12,100.93785095214844,7856300
XLV,2020-11-13,102.21417236328125,6576100
XLV,2020-11-16,102.04094696044922,7586000
XLV,2020-11-17,101.37544250488281,8898100
XLV,2020-11-18,99.48831176757812,9849900
XLV,2020-11-19,99.41539764404297,10410900
XLV,2020-11-20,99.18749237060547,7674500
XLV,2020-11-23,98.93222045898438,7747700
XLV,2020-11-24,99.22393798828125,9615900
XLV,2020-11-25,98.8592758178711,11671800
XLV,2020-11-27,99.77094268798828,4443900
XLV,2020-11-30,100.04443359375,12723400
XLV,2020-12-01,100.8831558227539,12682400
XLV,2020-12-02,101.63982391357422,8552400
XLV,2020-12-03,101.5121841430664,9795700
XLV,2020-12-04,102.5970458984375,7859600
XLV,2020-12-07,101.96800231933594,5803200
XLV,2020-12-08,102.74293518066406,7953200
XLV,2020-12-09,102.38737487792969,7386400
XLV,2020-12-10,102.21417236328125,5411000
XLV,2020-12-11,101.81304168701172,5222400
XLV,2020-12-14,101.0472412109375,8469300
XLV,2020-12-15,102.1412353515625,5007500
XLV,2020-12-16,101.84037017822266,5355400
XLV,2020-12-17,102.93437194824219,4263700
XLV,2020-12-18,103.01640319824219,7876700
XLV,2020-12-21,101.98568725585938,6129600
XLV,2020-12-22,101.67442321777344,13104100
XLV,2020-12-23,101.74766540527344,3920700
XLV,2020-12-24,102.04058074951172,1674700
XLV,2020-12-28,102.2968978881836,4390100
XLV,2020-12-29,102.78207397460938,5053300
XLV,2020-12-30,102.76376342773438,3563700
XLV,2020-12-31,103.84394073486328,5581200
XLV,2021-01-04,103.39539337158203,12911800
XLV,2021-01-05,104.14604187011719,11081900
XLV,2021-01-06,105.57405853271484,17833700
XLV,2021-01-07,106.94717407226562,12407100
XLV,2021-01-08,107.45980072021484,9350600
XLV,2021-01-11,107.9632797241211,6428200
XLV,2021-01-12,106.79154968261719,9225500
XLV,2021-01-13,107.08450317382812,5259600
XLV,2021-01-14,106.74578857421875,5792300
XLV,2021-01-15,107.07533264160156,10335200
XLV,2021-01-19,107.88088989257812,6194500
XLV,2021-01-20,108.4759292602539,6872000
XLV,2021-01-21,107.9632797241211,5796200
XLV,2021-01-22,107.64289093017578,4796400
XLV,2021-01-25,108.34774017333984,6962000
XLV,2021-01-26,107.94497680664062,5504000
XLV,2021-01-27,104.66780853271484,13096900
XLV,2021-01-28,106.1965560913086,12626100
XLV,2021-01-29,105.29944610595703,10462400
XLV,2021-02-01,105.70222473144531,10105300
XLV,2021-02-02,106.00431823730469,11515700
XLV,2021-02-03,105.25366973876953,11280300
XLV,2021-02-04,105.69305419921875,8451500
XLV,2021-02-05,105.88529205322266,5557000
XLV,2021-02-08,106.01348114013672,6956700
XLV,2021-02-09,106.16907501220703,4730300
XLV,2021-02-10,106.36132049560547,5406400
XLV,2021-02-11,106.56270599365234,4684000
XLV,2021-02-12,107.35910034179688,6345300
XLV,2021-02-16,106.29722595214844,9531900
XLV,2021-02-17,106.68170928955078,5022200
XLV,2021-02-18,106.01348114013672,7756600
XLV,2021-02-19,104.73189544677734,9390800
XLV,2021-02-22,104.48472595214844,7213300
XLV,2021-02-23,104.31082153320312,8731500
XLV,2021-02-24,105.0339584350586,9842000
XLV,2021-02-25,103.98124694824219,14494800
XLV,2021-02-26,103.08413696289062,14687000
XLV,2021-03-01,104.42980194091797,7361800
XLV,2021-03-02,104.12773895263672,8456100
XLV,2021-03-03,102.80953979492188,14946600
XLV,2021-03-04,101.4272689819336,23441700
XLV,2021-03-05,103.45946502685547,15645200
XLV,2021-03-08,103.20317077636719,12691800
XLV,2021-03-09,103.80734252929688,11022300
XLV,2021-03-10,104.04534149169922,11641100
XLV,2021-03-11,104.67694091796875,6549400
XLV,2021-03-12,104.90579986572266,7452400
XLV,2021-03-15,105.62899017333984,7119100
XLV,2021-03-16,105.56492614746094,8618600
XLV,2021-03-17,105.18043518066406,7524900
XLV,2021-03-18,104.96074676513672,8553300
XLV,2021-03-19,105.3360595703125,12595800
XLV,2021-03-22,106.25279235839844,6156800
XLV,2021-03-23,105.17805480957031,9170500
XLV,2021-03-24,105.05864715576172,12647000
XLV,2021-03-25,105.49955749511719,11505300
XLV,2021-03-26,107.49291229248047,8286500
XLV,2021-03-29,107.99811553955078,8958900
XLV,2021-03-30,107.02442169189453,6865700
XLV,2021-03-31,107.23567199707031,8504100
XLV,2021-04-01,106.9141845703125,6676400
XLV,2021-04-05,107.65824127197266,7190900
XLV,2021-04-06,107.24488830566406,5206700
XLV,2021-04-07,107.00605010986328,5753200
XLV,2021-04-08,107.17138671875,4292400
XLV,2021-04-09,108.34717559814453,5919100
XLV,2021-04-12,108.45741271972656,8279500
XLV,2021-04-13,108.90752410888672,6519600
XLV,2021-04-14,108.89834594726562,6226600
XLV,2021-04-15,110.76305389404297,8438300
XLV,2021-04-16,111.58979034423828,7447400
XLV,2021-04-19,111.61734008789062,7094300
XLV,2021-04-20,112.0490951538086,8063900
XLV,2021-04-21,113.37185668945312,9635900
XLV,2021-04-22,112.86661529541016,10030800
XLV,2021-04-23,113.61067962646484,4974500
XLV,2021-04-26,113.2248764038086,6907100
XLV,2021-04-27,112.57267761230469,7034700
XLV,2021-04-28,112.2327880859375,6788100
XLV,2021-04-29,111.78270721435547,8148900
XLV,2021-04-30,111.45199584960938,7153400
XLV,2021-05-03,112.71965026855469,13179100
XLV,2021-05-04,112.83907318115234,16186300
XLV,2021-05-05,113.04115295410156,16713700
XLV,2021-05-06,113.1881332397461,16115000
XLV,2021-05-07,113.96892547607422,7576700
XLV,2021-05-10,114.11590576171875,8846700
XLV,2021-05-11,112.88500213623047,11357800
XLV,2021-05-12,111.81944274902344,10946500
XLV,2021-05-13,112.82987976074219,11228000
XLV,2021-05-14,113.39940643310547,6590400
XLV,2021-05-17,113.1881332397461,5997700
XLV,2021-05-18,113.2248764038086,9202000
XLV,2021-05-19,113.03197479248047,10063000
XLV,2021-05-20,114.21692657470703,7522700
XLV,2021-05-21,114.23531341552734,8423300
XLV,2021-05-24,114.34555053710938,4958800
XLV,2021-05-25,114.00566864013672,6798500
XLV,2021-05-26,113.34426879882812,6848800
XLV,2021-05-27,113.09628295898438,8102900
XLV,2021-05-28,113.53719329833984,10059900
XLV,2021-06-01,111.67244720458984,13368300
XLV,2021-06-02,111.45199584960938,13245100
XLV,2021-06-03,111.79187774658203,13244400
XLV,2021-06-04,112.15013122558594,11228900
XLV,2021-06-07,112.5542984008789,13978500
XLV,2021-06-08,112.20523071289062,10799500
XLV,2021-06-09,113.28917694091797,7965600
XLV,2021-06-10,115.22738647460938,9350900
XLV,2021-06-11,114.40984344482422,6958100
XLV,2021-06-14,114.51091003417969,5156000
XLV,2021-06-15,114.5476303100586,5409100
XLV,2021-06-16,114.10669708251953,11653200
XLV,2021-06-17,114.9793701171875,6527000
XLV,2021-06-18,113.66578674316406,11152600
XLV,2021-06-21,115.03152465820312,6655400
XLV,2021-06-22,115.28052520751953,7194000
XLV,2021-06-23,114.80098724365234,6506600
XLV,2021-06-24,115.39115905761719,7029200
XLV,2021-06-25,115.91681671142578,8344200
XLV,2021-06-28,116.09200286865234,4631400
XLV,2021-06-29,116.22113037109375,6165500
XLV,2021-06-30,116.14735412597656,8542700
XLV,2021-07-01,117.18018341064453,12021000
XLV,2021-07-02,118.30521392822266,12327900
XLV,2021-07-06,118.19456481933594,11413100
XLV,2021-07-07,118.9415283203125,18435700
XLV,2021-07-08,118.28678131103516,8386600
XLV,2021-07-09,118.69255065917969,5224200
XLV,2021-07-12,118.92308044433594,9097900
XLV,2021-07-13,118.81241607666016,9698800
XLV,2021-07-14,118.70176696777344,7487000
XLV,2021-07-15,118.28678131103516,8750600
XLV,2021-07-16,118.60955047607422,6511000
XLV,2021-07-19,117.36460876464844,19460400
XLV,2021-07-20,118.79399108886719,15053700
XLV,2021-07-21,118.98764038085938,8295700
XLV,2021-07-22,119.86370849609375,9261100
XLV,2021-07-23,121.24694061279297,8303800
XLV,2021-07-26,120.46312713623047,6626500
XLV,2021-07-27,121.02561950683594,9551600
XLV,2021-07-28,121.45905303955078,7432600
XLV,2021-07-29,121.754150390625,5662700
XLV,2021-07-30,121.86478424072266,6634400
XLV,2021-08-02,122.03079986572266,8366300
XLV,2021-08-03,123.72760009765625,7701700
XLV,2021-08-04,123.20195770263672,8322100
XLV,2021-08-05,122.69474029541016,8240900
XLV,2021-08-06,122.59333038330078,6923700
XLV,2021-08-09,123.06360626220703,9852500
XLV,2021-08-10,122.77775573730469,5832600
XLV,2021-08-11,121.56051635742188,14512500
XLV,2021-08-12,122.5195541381836,8220300
XLV,2021-08-13,123.28494262695312,7922900
XLV,2021-08-16,124.68666076660156,8404200
XLV,2021-08-17,126.16211700439453,13874500
XLV,2021-08-18,124.2440185546875,12427700
XLV,2021-08-19,124.80654907226562,11669200
XLV,2021-08-20,125.5166015625,7252700
XLV,2021-08-23,125.56271362304688,8471300
XLV,2021-08-24,125.12008666992188,6548100
XLV,2021-08-25,124.77888488769531,6918500
XLV,2021-08-26,124.29010772705078,5972100
XLV,2021-08-27,124.15180206298828,8679200
XLV,2021-08-30,124.85263061523438,6417200
XLV,2021-08-31,124.68666076660156,9299100
XLV,2021-09-01,124.72354125976562,10571100
XLV,2021-09-02,126.0606918334961,6847800
XLV,2021-09-03,126.19901275634766,5632800
XLV,2021-09-07,125.4612808227539,8739100
XLV,2021-09-08,125.40592956542969,6986200
XLV,2021-09-09,123.9581527709961,8905600
XLV,2021-09-10,122.82384490966797,10561600
XLV,2021-09-13,122.06765747070312,11676700
XLV,2021-09-14,122.04924774169922,10436300
XLV,2021-09-15,122.84232330322266,10299900
XLV,2021-09-16,122.52873992919922,10525700
XLV,2021-09-17,122.64867401123047,13541400
XLV,2021-09-20,121.3687744140625,17245000
XLV,2021-09-21,121.55387115478516,11741800
XLV,2021-09-22,121.75748443603516,11964100
XLV,2021-09-23,122.6366195678711,10366500
XLV,2021-09-24,122.13690948486328,6962600
XLV,2021-09-27,120.39713287353516,11631400
XLV,2021-09-28,118.33340454101562,17433400
XLV,2021-09-29,119.26809692382812,11171400
XLV,2021-09-30,117.80594635009766,21653100
XLV,2021-10-01,117.83370208740234,23188900
XLV,2021-10-04,116.03836822509766,27580700
XLV,2021-10-05,116.7324447631836,19151800
XLV,2021-10-06,116.51961517333984,21322100
XLV,2021-10-07,118.06505584716797,15806400
XLV,2021-10-08,117.47279357910156,9552300
XLV,2021-10-11,116.5566177368164,7843400
XLV,2021-10-12,115.99210357666016,13007200
XLV,2021-10-13,116.17717742919922,10609000
XLV,2021-10-14,117.84293365478516,8857900
XLV,2021-10-15,118.42595672607422,8976100
XLV,2021-10-18,117.620849609375,11660700
XLV,2021-10-19,119.16631317138672,9487000
XLV,2021-10-20,120.86906433105469,13665700
XLV,2021-10-21,121.35952758789062,8267500
XLV,2021-10-22,121.8499984741211,8009700
XLV,2021-10-25,121.99807739257812,10629700
XLV,2021-10-26,122.59957885742188,9271600
XLV,2021-10-27,121.62789154052734,11851400
XLV,2021-10-28,122.6458969116211,9282500
XLV,2021-10-29,123.83966827392578,15415100
XLV,2021-11-01,123.6916275024414,14356700
XLV,2021-11-02,124.46894836425781,20851500
XLV,2021-11-03,125.20003509521484,14610000
XLV,2021-11-04,124.33940124511719,15818500
XLV,2021-11-05,122.95126342773438,14867300
XLV,2021-11-08,123.68232727050781,8948800
XLV,2021-11-09,123.22888946533203,7287000
XLV,2021-11-10,123.58055877685547,8445400
XLV,2021-11-11,123.21964263916016,8597300
XLV,2021-11-12,123.83042907714844,8317600
XLV,2021-11-15,123.06230926513672,6268900
XLV,2021-11-16,123.58055877685547,6150900
XLV,2021-11-17,123.75638580322266,8229000
XLV,2021-11-18,123.80261993408203,9029300
XLV,2021-11-19,123.05303955078125,10166100
XLV,2021-11-22,122.49783325195312,11146200
XLV,2021-11-23,122.62736511230469,12075200
XLV,2021-11-24,122.58110046386719,6760800
XLV,2021-11-26,122.12761688232422,11896900
XLV,2021-11-29,122.46076202392578,17137100
XLV,2021-11-30,120.05469512939453,19467000
XLV,2021-12-01,119.84186553955078,22241400
XLV,2021-12-02,120.42488098144531,17531100
XLV,2021-12-03,120.64696502685547,22111900
XLV,2021-12-06,121.331787109375,15230900
XLV,2021-12-07,122.89573669433594,11974700
XLV,2021-12-08,123.8211441040039,15144700
XLV,2021-12-09,124.10803985595703,9095800
XLV,2021-12-10,124.5429916381836,8554300
XLV,2021-12-13,125.71826934814453,12201800
XLV,2021-12-14,125.20928192138672,11070800
XLV,2021-12-15,127.77272033691406,14996300
XLV,2021-12-16,128.5315399169922,19227500
XLV,2021-12-17,127.63386535644531,21504200
XLV,2021-12-20,126.86096954345703,16185700
XLV,2021-12-21,127.39048767089844,10773400
XLV,2021-12-22,128.87686157226562,7246000
XLV,2021-12-23,129.40635681152344,7743800
XLV,2021-12-27,130.77198791503906,6968900
XLV,2021-12-28,130.42823791503906,6065900
XLV,2021-12-29,131.17141723632812,7103600
XLV,2021-12-30,131.4408416748047,7931700
XLV,2021-12-31,130.88343811035156,7882800
XLV,2022-01-03,129.53643798828125,15122300
XLV,2022-01-04,127.8271255493164,14304500
XLV,2022-01-05,126.9167251586914,15370700
XLV,2022-01-06,125.44894409179688,15182000
XLV,2022-01-07,124.80792999267578,9619400
XLV,2022-01-10,126.08991241455078,15589900
XLV,2022-01-11,127.09320831298828,12168300
XLV,2022-01-12,126.73095703125,10831800
XLV,2022-01-13,124.76150512695312,13804900
XLV,2022-01-14,124.54784393310547,14341800
XLV,2022-01-18,122.80134582519531,16471400
XLV,2022-01-19,122.2996826171875,14639600
XLV,2022-01-20,121.50079345703125,15127800
XLV,2022-01-21,120.27452087402344,25804800
XLV,2022-01-24,119.87505340576172,37938000
XLV,2022-01-25,119.10401916503906,19326800
XLV,2022-01-26,118.48162078857422,29557400
XLV,2022-01-27,118.78816223144531,18483600
XLV,2022-01-28,121.2127914428711,20906800
XLV,2022-01-31,121.90953063964844,19044400
XLV,2022-02-01,122.23468017578125,14674800
XLV,2022-02-02,123.87898254394531,13595200
XLV,2022-02-03,123.34942626953125,13805600
XLV,2022-02-04,122.90354919433594,12004100
XLV,2022-02-07,122.68988037109375,9229200
XLV,2022-02-08,123.69317626953125,11071600
XLV,2022-02-09,124.64999389648438,10811000
XLV,2022-02-10,122.69915771484375,14393300
XLV,2022-02-11,120.9991226196289,13072300
XLV,2022-02-14,119.76361083984375,14386900
XLV,2022-02-15,121.11061096191406,8969900
XLV,2022-02-16,121.29642486572266,8779200
XLV,2022-02-17,119.34556579589844,11906800
XLV,2022-02-18,118.4537353515625,13505600
XLV,2022-02-22,118.15647888183594,13682100
XLV,2022-02-23,117.56192779541016,12022800
XLV,2022-02-24,118.03569793701172,23220000
XLV,2022-02-25,121.64942169189453,17012300
XLV,2022-02-28,120.72972869873047,17987700
XLV,2022-03-01,120.06088256835938,14064200
XLV,2022-03-02,121.87239074707031,12395600
XLV,2022-03-03,122.49480438232422,11172600
XLV,2022-03-04,123.10791015625,12160400
XLV,2022-03-07,120.96199035644531,15704000
XLV,2022-03-08,118.49092102050781,21794600
XLV,2022-03-09,120.72972869873047,15576500
XLV,2022-03-10,120.68330383300781,10708800
XLV,2022-03-11,119.78218078613281,9869100
XLV,2022-03-14,120.62754821777344,14373200
XLV,2022-03-15,123.03360748291016,14374100
XLV,2022-03-16,124.51065063476562,13840400
XLV,2022-03-17,126.48004913330078,10973100
XLV,2022-03-18,127.26044464111328,11364200
XLV,2022-03-21,127.16353607177734,11473100
XLV,2022-03-22,127.19146728515625,8892100
XLV,2022-03-23,124.90838623046875,10013400
XLV,2022-03-24,126.39937591552734,7189200
XLV,2022-03-25,126.98645782470703,7040100
XLV,2022-03-28,127.90898895263672,8467000
XLV,2022-03-29,128.6638641357422,12327700
XLV,2022-03-30,128.91543579101562,10752900
XLV,2022-03-31,127.65740966796875,15843000
XLV,2022-04-01,128.6638641357422,20785700
XLV,2022-04-04,127.59217834472656,16769500
XLV,2022-04-05,127.86245727539062,15025100
XLV,2022-04-06,129.81002807617188,23197800
XLV,2022-04-07,132.3074493408203,18160200
XLV,2022-04-08,133.0995635986328,19102700
XLV,2022-04-11,130.45301818847656,16570700
XLV,2022-04-12,129.18569946289062,14085400
XLV,2022-04-13,129.8193817138672,15496400
XLV,2022-04-14,129.19497680664062,10993400
XLV,2022-04-18,127.76924133300781,10125000
XLV,2022-04-19,128.989990234375,11733100
XLV,2022-04-20,130.72329711914062,13674800
XLV,2022-04-21,129.2788848876953,11409700
XLV,2022-04-22,124.5635986328125,17525300
XLV,2022-04-25,125.40227508544922,16501900
XLV,2022-04-26,123.19373321533203,20087700
XLV,2022-04-27,122.92346954345703,16726700
XLV,2022-04-28,124.61949920654297,15510700
XLV,2022-04-29,121.41384887695312,17430200
XLV,2022-05-02,120.65904998779297,23615100
XLV,2022-05-03,121.04112243652344,13585300
XLV,2022-05-04,123.72494506835938,19053500
XLV,2022-05-05,121.32066345214844,16119800
XLV,2022-05-06,120.93859100341797,21742300
XLV,2022-05-09,117.8074951171875,17289800
XLV,2022-05-10,118.22683715820312,21850200
XLV,2022-05-11,117.44407653808594,19987300
XLV,2022-05-12,118.5809555053711,17497100
XLV,2022-05-13,119.8389892578125,9841500
XLV,2022-05-16,120.7242660522461,8839800
XLV,2022-05-17,122.38299560546875,9058700
XLV,2022-05-18,119.22395324707031,10005000
XLV,2022-05-19,119.48487854003906,9672800
XLV,2022-05-20,120.93859100341797,12833700
XLV,2022-05-23,122.0009536743164,9196500
XLV,2022-05-24,122.36436462402344,9031300
XLV,2022-05-25,122.32711029052734,8532400
XLV,2022-05-26,122.84894561767578,9090100
XLV,2022-05-27,124.8897476196289,13696000
XLV,2022-05-31,123.2216567993164,11740800
XLV,2022-06-01,121.45112609863281,9259900
XLV,2022-06-02,122.41095733642578,9575400
XLV,2022-06-03,120.97587585449219,5852600
XLV,2022-06-06,120.9945068359375,7729000
XLV,2022-06-07,122.56936645507812,7219100
XLV,2022-06-08,121.60023498535156,5372000
XLV,2022-06-09,118.85121154785156,7772900
XLV,2022-06-10,116.94085693359375,11289000
XLV,2022-06-13,113.39973449707031,14886200
XLV,2022-06-14,112.31876373291016,9299500
XLV,2022-06-15,113.4556655883789,10301600
XLV,2022-06-16,111.78759765625,9383300
XLV,2022-06-17,111.72236633300781,13724900
XLV,2022-06-21,114.73006439208984,7987200
XLV,2022-06-22,116.32093048095703,10188900
XLV,2022-06-23,118.93183135986328,11943300
XLV,2022-06-24,120.90637969970703,10448100
XLV,2022-06-27,121.35556030273438,8963600
XLV,2022-06-28,119.24066162109375,7518700
XLV,2022-06-29,120.27938079833984,9157700
XLV,2022-06-30,120.00801086425781,10697600
XLV,2022-07-01,121.35556030273438,9366600
XLV,2022-07-05,120.65370178222656,9987000
XLV,2022-07-06,121.46788787841797,9033300
XLV,2022-07-07,121.9825439453125,6805500
XLV,2022-07-08,122.34751892089844,6505800
XLV,2022-07-11,122.0387191772461,7027300
XLV,2022-07-12,120.48528289794922,9280400
XLV,2022-07-13,119.31552124023438,9296500
XLV,2022-07-14,118.9692611694336,7784800
XLV,2022-07-15,121.84217834472656,9684800
XLV,2022-07-18,119.26873016357422,7047700
XLV,2022-07-19,121.29942321777344,6585700
XLV,2022-07-20,120.1015853881836,7599500
XLV,2022-07-21,122.00128173828125,9507700
XLV,2022-07-22,121.49595642089844,8657100
XLV,2022-07-25,122.13229370117188,5489000
XLV,2022-07-26,122.75926971435547,7482400
XLV,2022-07-27,123.52664184570312,7680700
XLV,2022-07-28,124.3127212524414,11052600
XLV,2022-07-29,123.90095520019531,8309500
XLV,2022-08-01,122.98387145996094,7665400
XLV,2022-08-02,122.54405212402344,7935100
XLV,2022-08-03,123.6670150756836,6825700
XLV,2022-08-04,123.05872344970703,5493000
XLV,2022-08-05,123.0119400024414,8883400
XLV,2022-08-08,123.30203247070312,7075100
XLV,2022-08-09,122.92772674560547,5802500
XLV,2022-08-10,124.26594543457031,6736300
XLV,2022-08-11,123.46113586425781,8471400
XLV,2022-08-12,125.04266357421875,7515500
XLV,2022-08-15,125.66963195800781,7486100
XLV,2022-08-16,125.33273315429688,7138400
XLV,2022-08-17,124.60282897949219,7251800
XLV,2022-08-18,124.05072021484375,7053600
XLV,2022-08-19,124.3875961303711,5946500
XLV,2022-08-22,122.75926971435547,6420400
XLV,2022-08-23,121.0467529296875,7501900
XLV,2022-08-24,121.19648742675781,6719500
XLV,2022-08-25,122.5346908569336,5636600
XLV,2022-08-26,119.11901092529297,9044500
XLV,2022-08-29,118.2861328125,6727700
XLV,2022-08-30,117.50003814697266,7910500
XLV,2022-08-31,116.75140380859375,8954500
XLV,2022-09-01,118.6698226928711,11212400
XLV,2022-09-02,116.96662902832031,9730300
XLV,2022-09-06,117.07893371582031,9663400
XLV,2022-09-07,118.98796081542969,9038300
XLV,2022-09-08,121.05612182617188,9394800
XLV,2022-09-09,122.1229476928711,8880400
XLV,2022-09-12,122.93709564208984,7982400
XLV,2022-09-13,118.87567901611328,11928500
XLV,2022-09-14,118.94120788574219,8080100
XLV,2022-09-15,119.60559844970703,8624200
XLV,2022-09-16,119.26873016357422,10810100
XLV,2022-09-19,118.62608337402344,9430100
XLV,2022-09-20,117.23554992675781,9010600
XLV,2022-09-21,115.29072570800781,11642400
XLV,2022-09-22,115.90142059326172,9505600
XLV,2022-09-23,115.30950927734375,16611100
XLV,2022-09-26,114.21025848388672,10450600
XLV,2022-09-27,113.86261749267578,13239900
XLV,2022-09-28,116.35237884521484,16360000
XLV,2022-09-29,115.3752670288086,10791700
XLV,2022-09-30,113.78746032714844,12389800
XLV,2022-10-03,116.12689971923828,9326800
XLV,2022-10-04,118.82337951660156,13717900
XLV,2022-10-05,119.21797943115234,9913400
XLV,2022-10-06,117.69593048095703,9399300
XLV,2022-10-07,115.20616149902344,10068700
XLV,2022-10-10,114.48272705078125,8377800
XLV,2022-10-11,115.0934066772461,10792900
XLV,2022-10-12,114.52970123291016,9292800
XLV,2022-10-13,117.1979751586914,14063600
XLV,2022-10-14,116.40876770019531,11442300
XLV,2022-10-17,118.2784423828125,8420400
XLV,2022-10-18,118.93611907958984,10016700
XLV,2022-10-19,117.27313995361328,7676200
XLV,2022-10-20,116.27722930908203,7196600
XLV,2022-10-21,118.88915252685547,8433100
XLV,2022-10-24,121.181640625,7411300
XLV,2022-10-25,122.10236358642578,7174200
XLV,2022-10-26,123.45531463623047,8277100
XLV,2022-10-27,122.80703735351562,6496800
XLV,2022-10-28,124.8270263671875,6267100
XLV,2022-10-31,124.72366333007812,7852800
XLV,2022-11-01,124.7988510131836,8033300
XLV,2022-11-02,122.67550659179688,10228700
XLV,2022-11-03,122.15872955322266,7916600
XLV,2022-11-04,122.90097045898438,8082200
XLV,2022-11-07,124.21632385253906,6054400
XLV,2022-11-08,124.83641052246094,8930700
XLV,2022-11-09,123.49287414550781,8963500
XLV,2022-11-10,126.63097381591797,12416800
XLV,2022-11-11,125.0806884765625,10487200
XLV,2022-11-14,125.19347381591797,10552600
XLV,2022-11-15,125.03372192382812,8184100
XLV,2022-11-16,124.97737884521484,6122200
XLV,2022-11-17,124.9209976196289,6498700
XLV,2022-11-18,126.43363189697266,6720700
XLV,2022-11-21,126.49002075195312,7995200
XLV,2022-11-22,127.5892562866211,5931100
XLV,2022-11-23,128.0966339111328,5340600
XLV,2022-11-25,128.85765075683594,3256000
XLV,2022-11-28,127.8899154663086,5026800
XLV,2022-11-29,127.57050323486328,5439600
XLV,2022-11-30,130.61459350585938,9377400
XLV,2022-12-01,130.99038696289062,15140200
XLV,2022-12-02,131.32867431640625,7779800
XLV,2022-12-05,130.06967163085938,6921500
XLV,2022-12-06,129.08311462402344,8171500
XLV,2022-12-07,130.14483642578125,7427000
XLV,2022-12-08,131.31922912597656,6765000
XLV,2022-12-09,129.637451171875,6203000
XLV,2022-12-12,131.01856994628906,5669700
XLV,2022-12-13,131.422607421875,9886500
XLV,2022-12-14,131.6293182373047,10882200
XLV,2022-12-15,129.21469116210938,8746700
XLV,2022-12-16,127.33560180664062,10843900
XLV,2022-12-19,126.86014556884766,6801600
XLV,2022-12-20,126.83183288574219,4815500
XLV,2022-12-21,128.5016326904297,5937500
XLV,2022-12-22,128.32240295410156,5483300
XLV,2022-12-23,128.3978729248047,3766900
XLV,2022-12-27,128.0677032470703,7050500
XLV,2022-12-28,127.23748779296875,5054200
XLV,2022-12-29,128.62429809570312,6297300
XLV,2022-12-30,128.16201782226562,6369500
XLV,2023-01-03,127.7940902709961,7239200
XLV,2023-01-04,128.1337127685547,8469800
XLV,2023-01-05,126.82234954833984,6714200
XLV,2023-01-06,127.99219512939453,7175700
XLV,2023-01-09,125.8506851196289,7719500
XLV,2023-01-10,126.90727233886719,7675200
XLV,2023-01-11,127.62429809570312,7307200
XLV,2023-01-12,127.2186050415039,7580500
XLV,2023-01-13,127.78466796875,6334100
XLV,2023-01-17,127.1903076171875,6664100
XLV,2023-01-18,125.39784240722656,10629100
XLV,2023-01-19,125.69973754882812,9902300
XLV,2023-01-20,126.33182525634766,5962200
XLV,2023-01-23,126.76579284667969,7211000
XLV,2023-01-24,125.92613220214844,5754800
XLV,2023-01-25,125.96389770507812,5999000
XLV,2023-01-26,126.19972229003906,6861100
XLV,2023-01-27,125.34122467041016,5854600
XLV,2023-01-30,124.20915222167969,7055400
XLV,2023-01-31,125.81293487548828,6290600
XLV,2023-02-01,126.40731048583984,11843000
XLV,2023-02-02,125.54877471923828,11274600
XLV,2023-02-03,125.18087005615234,10046800
XLV,2023-02-06,124.48274993896484,7328300
XLV,2023-02-07,125.28462982177734,7551000
XLV,2023-02-08,124.91671752929688,5614100
XLV,2023-02-09,123.8223648071289,8085700
XLV,2023-02-10,124.99217224121094,6198600
XLV,2023-02-13,126.02993774414062,6300300
XLV,2023-02-14,125.28462982177734,6905900
XLV,2023-02-15,124.66197204589844,6491900
XLV,2023-02-16,123.41670227050781,8008000
XLV,2023-02-17,124.52047729492188,10798800
XLV,2023-02-21,122.9072494506836,9066200
XLV,2023-02-22,122.49213409423828,7318900
XLV,2023-02-23,122.82232666015625,9955500
XLV,2023-02-24,121.23738861083984,9008000
XLV,2023-02-27,120.86946868896484,6463900
XLV,2023-02-28,119.9732437133789,10282800
XLV,2023-03-01,119.77513122558594,11101000
XLV,2023-03-02,120.51097869873047,10203100
XLV,2023-03-03,121.86006164550781,10048000
XLV,2023-03-06,121.80345916748047,8153400
XLV,2023-03-07,119.84115600585938,9604400
XLV,2023-03-08,119.19964599609375,10793200
XLV,2023-03-09,117.99208068847656,13270300
XLV,2023-03-10,117.12415313720703,20483200
XLV,2023-03-13,118.2184829711914,21294200
XLV,2023-03-14,119.2751235961914,14582900
XLV,2023-03-15,119.17134857177734,17244600
XLV,2023-03-16,120.2845687866211,16011400
XLV,2023-03-17,118.73738861083984,15071400
XLV,2023-03-20,120.24230194091797,10592100
XLV,2023-03-21,120.9715576171875,8816300
XLV,2023-03-22,119.14366912841797,10480000
XLV,2023-03-23,118.91636657714844,10092300
XLV,2023-03-24,120.56431579589844,8163700
XLV,2023-03-27,121.0567855834961,9455400
XLV,2023-03-28,120.32752990722656,8037400
XLV,2023-03-29,120.65901947021484,8183100
XLV,2023-03-30,121.31249237060547,6820400
XLV,2023-03-31,122.61002349853516,9202500
XLV,2023-04-03,123.9832992553711,8937300
XLV,2023-04-04,124.00222778320312,9052600
XLV,2023-04-05,126.14266967773438,12325800
XLV,2023-04-06,126.45520782470703,8276300
XLV,2023-04-10,126.36995697021484,8024300
XLV,2023-04-11,126.79615020751953,8887500
XLV,2023-04-12,126.83403015136719,8988600
XLV,2023-04-13,128.48196411132812,9373500
XLV,2023-04-14,127.44963836669922,6632100
XLV,2023-04-17,127.34544372558594,7187000
XLV,2023-04-18,126.47412872314453,7194200
XLV,2023-04-19,126.86243438720703,7048100
XLV,2023-04-20,126.34156036376953,6672000
XLV,2023-04-21,127.19392395019531,6535900
XLV,2023-04-24,127.90424346923828,6299800
XLV,2023-04-25,126.54041290283203,7752000
XLV,2023-04-26,124.740966796875,10128800
XLV,2023-04-27,125.39444732666016,10008900
XLV,2023-04-28,126.46464538574219,7917300
XLV,2023-05-01,127.11814880371094,6793900
XLV,2023-05-02,126.56885528564453,14365800
XLV,2023-05-03,126.39838409423828,8961500
XLV,2023-05-04,125.39444732666016,9625300
XLV,2023-05-05,126.521484375,7650300
XLV,2023-05-08,126.246826171875,5305700
XLV,2023-05-09,125.40393829345703,6452700
XLV,2023-05-10,125.75434112548828,6556600
XLV,2023-05-11,125.36605834960938,8764800
XLV,2023-05-12,125.19557189941406,6626800
XLV,2023-05-15,124.97774505615234,5725600
XLV,2023-05-16,123.93596649169922,7106000
XLV,2023-05-17,124.08748626708984,15512700
XLV,2023-05-18,123.78443145751953,12196900
XLV,2023-05-19,124.36212158203125,9277000
XLV,2023-05-22,124.4852523803711,12856100
XLV,2023-05-23,123.1214370727539,8723100
XLV,2023-05-24,122.27853393554688,7952900
XLV,2023-05-25,121.02838134765625,13737000
XLV,2023-05-26,120.7821273803711,8794900
XLV,2023-05-30,120.03394317626953,12114500
XLV,2023-05-31,121.06625366210938,15099100
XLV,2023-06-01,121.86181640625,9751900
XLV,2023-06-02,123.42451477050781,10293000
XLV,2023-06-05,123.8696517944336,7880200
XLV,2023-06-06,122.8373031616211,9413500
XLV,2023-06-07,122.35431671142578,7519600
XLV,2023-06-08,123.14039611816406,6583100
XLV,2023-06-09,123.51921081542969,10446100
XLV,2023-06-12,123.96434783935547,7321100
XLV,2023-06-13,124.58943176269531,8362700
XLV,2023-06-14,123.31084442138672,12401600
XLV,2023-06-15,125.22398376464844,10598600
XLV,2023-06-16,125.21452331542969,10535000
XLV,2023-06-20,125.07378387451172,8585100
XLV,2023-06-21,125.09278106689453,9444800
XLV,2023-06-22,125.94868469238281,8036400
XLV,2023-06-23,125.53022003173828,8096500
XLV,2023-06-26,124.81702423095703,7092800
XLV,2023-06-27,124.53170776367188,8578200
XLV,2023-06-28,124.13227844238281,10897800
XLV,2023-06-29,124.94062042236328,7843300
XLV,2023-06-30,126.22445678710938,8260900
XLV,2023-07-03,125.1878890991211,5240300
XLV,2023-07-05,125.1213150024414,7942100
XLV,2023-07-06,124.12277221679688,8213100
XLV,2023-07-07,122.67728424072266,8749700
XLV,2023-07-10,123.64730072021484,7476500
XLV,2023-07-11,123.67581939697266,7278300
XLV,2023-07-12,123.34294891357422,11900400
XLV,2023-07-13,123.39051818847656,7526200
XLV,2023-07-14,125.24495697021484,13298600
XLV,2023-07-17,124.6743392944336,7905000
XLV,2023-07-18,125.5968017578125,8130300
XLV,2023-07-19,126.17691802978516,12484000
XLV,2023-07-20,128.2690887451172,12650200
XLV,2023-07-21,129.56243896484375,11308900
XLV,2023-07-24,129.27711486816406,12034000
XLV,2023-07-25,129.22003173828125,7802900
XLV,2023-07-26,129.13446044921875,8205300
XLV,2023-07-27,128.18348693847656,8800800
XLV,2023-07-28,128.5638885498047,6897600
XLV,2023-07-31,127.57486724853516,9735900
XLV,2023-08-01,126.90914916992188,10555300
XLV,2023-08-02,126.99475860595703,13873000
XLV,2023-08-03,126.35758209228516,11863400
XLV,2023-08-04,125.91060638427734,12631200
XLV,2023-08-07,127.36564636230469,8165600
XLV,2023-08-08,128.3451690673828,12601200
XLV,2023-08-09,128.30712890625,9833600
XLV,2023-08-10,128.2215118408203,9541700
XLV,2023-08-11,129.02035522460938,7674400
XLV,2023-08-14,129.41026306152344,8723300
XLV,2023-08-15,128.9347686767578,9118500
XLV,2023-08-16,127.95526885986328,9462400
XLV,2023-08-17,126.9377212524414,11163800
XLV,2023-08-18,126.98523712158203,9463000
XLV,2023-08-21,127.11837768554688,6872400
XLV,2023-08-22,126.67141723632812,6939400
XLV,2023-08-23,127.05182647705078,7276800
XLV,2023-08-24,125.94868469238281,10241700
XLV,2023-08-25,126.87115478515625,8509100
XLV,2023-08-28,127.16593933105469,6768400
XLV,2023-08-29,128.30712890625,10737000
XLV,2023-08-30,128.21202087402344,7892700
XLV,2023-08-31,126.68092346191406,7540200
XLV,2023-09-01,127.02330017089844,10183900
XLV,2023-09-05,125.71092987060547,11042600
XLV,2023-09-06,125.02618408203125,12840000
XLV,2023-09-07,125.58729553222656,11055700
XLV,2023-09-08,125.58729553222656,8716900
XLV,2023-09-11,126.45266723632812,7179000
XLV,2023-09-12,126.29102325439453,6941700
XLV,2023-09-13,126.31005096435547,6430300
XLV,2023-09-14,126.70947265625,6433300
XLV,2023-09-15,125.71092987060547,9611900
XLV,2023-09-18,125.51994323730469,6559400
XLV,2023-09-19,125.62498474121094,6252400
XLV,2023-09-20,125.6345443725586,6350700
XLV,2023-09-21,124.53639221191406,7979500
XLV,2023-09-22,124.2785873413086,7790300
XLV,2023-09-25,124.95658874511719,6826300
XLV,2023-09-26,123.89663696289062,8200700
XLV,2023-09-27,123.27594757080078,9888600
XLV,2023-09-28,123.86798095703125,9129000
XLV,2023-09-29,122.93220520019531,12692700
XLV,2023-10-02,122.76030731201172,16035100
XLV,2023-10-03,121.6717529296875,11971100
XLV,2023-10-04,122.1873779296875,10064300
XLV,2023-10-05,122.8558120727539,9609700
XLV,2023-10-06,124.14490509033203,10692400
XLV,2023-10-09,124.57461547851562,8047600
XLV,2023-10-10,125.16663360595703,8154900
XLV,2023-10-11,124.61280059814453,9591800
XLV,2023-10-12,123.54331970214844,10927700
XLV,2023-10-13,124.31678009033203,11383800
XLV,2023-10-16,125.2525863647461,10545000
XLV,2023-10-17,125.08069610595703,9149900
XLV,2023-10-18,123.99214172363281,10085700
XLV,2023-10-19,122.76986694335938,15492500
XLV,2023-10-20,122.28287506103516,12296800
XLV,2023-10-23,121.51896667480469,12344200
XLV,2023-10-24,121.89136505126953,9375900
XLV,2023-10-25,120.80281066894531,11427000
XLV,2023-10-26,119.60918426513672,14699100
XLV,2023-10-27,117.58482360839844,13566100
XLV,2023-10-30,118.24369812011719,15224500
XLV,2023-10-31,118.92166900634766,13917400
XLV,2023-11-01,119.1699447631836,13802600
XLV,2023-11-02,121.06063079833984,11894000
XLV,2023-11-03,121.66221618652344,11635600
XLV,2023-11-06,122.47383880615234,8425100
XLV,2023-11-07,122.55980682373047,8241900
XLV,2023-11-08,122.38790130615234,10021100
XLV,2023-11-09,119.85746002197266,13905500
XLV,2023-11-10,120.5736312866211,10401300
XLV,2023-11-13,121.27069854736328,11373800
XLV,2023-11-14,122.0918960571289,11216900
XLV,2023-11-15,122.1873779296875,9262700
XLV,2023-11-16,122.71255493164062,7665900
XLV,2023-11-17,122.46430969238281,6766100
XLV,2023-11-20,123.2091064453125,6910000
XLV,2023-11-21,123.95393371582031,8373000
XLV,2023-11-22,124.54595184326172,6737700
XLV,2023-11-24,125.21440124511719,3708800
XLV,2023-11-27,124.43135833740234,10530200
XLV,2023-11-28,123.79161071777344,6261300
XLV,2023-11-29,123.82975769042969,6979000
XLV,2023-11-30,125.38626861572266,7743100
XLV,2023-12-01,125.88279724121094,9370900
XLV,2023-12-04,126.12152862548828,6943900
XLV,2023-12-05,125.9592056274414,6581000
XLV,2023-12-06,126.05470275878906,6210400
XLV,2023-12-07,125.90193176269531,6396700
XLV,2023-12-08,126.11196899414062,6007600
XLV,2023-12-11,126.94271850585938,9016800
XLV,2023-12-12,127.48702239990234,6779000
XLV,2023-12-13,129.8360595703125,9074300
XLV,2023-12-14,129.20582580566406,10098700
XLV,2023-12-15,128.10769653320312,8296600
XLV,2023-12-18,128.31675720214844,5944300
XLV,2023-12-19,129.1800079345703,6358200
XLV,2023-12-20,127.30966186523438,7299000
XLV,2023-12-21,128.86351013183594,5606800
XLV,2023-12-22,129.50616455078125,5355100
XLV,2023-12-26,129.7938995361328,3688600
XLV,2023-12-27,130.3406219482422,5444100
XLV,2023-12-28,130.6763153076172,5800200
XLV,2023-12-29,130.8106231689453,5590000
XLV,2024-01-02,133.11257934570312,11785900
XLV,2024-01-03,132.89198303222656,9585000
XLV,2024-01-04,133.55381774902344,11649200
XLV,2024-01-05,133.43873596191406,9437700
XLV,2024-01-08,134.61846923828125,7999400
XLV,2024-01-09,134.59930419921875,9201300
XLV,2024-01-10,135.21315002441406,9773300
XLV,2024-01-11,135.11724853515625,7182300
XLV,2024-01-12,134.7815704345703,8026400
XLV,2024-01-16,133.97584533691406,7426900
XLV,2024-01-17,133.707275390625,8337200
XLV,2024-01-18,133.6881103515625,8929300
XLV,2024-01-19,133.76483154296875,8842000
XLV,2024-01-22,134.34991455078125,7831400
XLV,2024-01-23,134.25401306152344,6407400
XLV,2024-01-24,133.02626037597656,9104900
XLV,2024-01-25,132.82489013671875,10050200
XLV,2024-01-26,133.5825653076172,5759100
XLV,2024-01-29,134.52255249023438,6229600
XLV,2024-01-30,134.8295135498047,5940300
XLV,2024-01-31,134.6472625732422,10223100
XLV,2024-02-01,136.39292907714844,8503600
XLV,2024-02-02,136.1915283203125,10629200
XLV,2024-02-05,136.61354064941406,9631700
XLV,2024-02-06,138.1002197265625,10159000
XLV,2024-02-07,138.47430419921875,7884600
XLV,2024-02-08,138.23451232910156,6672400
XLV,2024-02-09,138.12899780273438,7447800
XLV,2024-02-12,138.31124877929688,6645500
XLV,2024-02-13,137.02597045898438,11170000
XLV,2024-02-14,138.21536254882812,9701100
XLV,2024-02-15,139.22244262695312,9294800
XLV,2024-02-16,139.67327880859375,8424100
XLV,2024-02-20,139.20326232910156,9120400
XLV,2024-02-21,139.51022338867188,7213500
XLV,2024-02-22,141.15037536621094,9130000
XLV,2024-02-23,141.82179260253906,9194600
XLV,2024-02-26,141.09283447265625,7248300
XLV,2024-02-27,140.74752807617188,7374000
XLV,2024-02-28,140.04736328125,8038800
XLV,2024-02-29,138.9059295654297,9435600
XLV,2024-03-01,140.3638458251953,8741400
XLV,2024-03-04,140.15284729003906,10657800
XLV,2024-03-05,139.10736083984375,9743400
XLV,2024-03-06,140.0569305419922,8085300
XLV,2024-03-07,140.7091522216797,6438300
XLV,2024-03-08,140.45018005371094,7802500
XLV,2024-03-11,140.3734588623047,7723800
XLV,2024-03-12,141.0256805419922,7143700
XLV,2024-03-13,140.47897338867188,7874200
XLV,2024-03-14,139.98019409179688,9605700
XLV,2024-03-15,139.42388916015625,10570500
XLV,2024-03-18,139.40750122070312,6407000
XLV,2024-03-19,140.33164978027344,5240200
XLV,2024-03-20,140.01397705078125,8268200
XLV,2024-03-21,140.19688415527344,8865300
XLV,2024-03-22,140.00433349609375,5537200
XLV,2024-03-25,139.81182861328125,5253000
XLV,2024-03-26,140.32200622558594,6942400
XLV,2024-03-27,142.1895294189453,8797400
XLV,2024-03-28,142.208740234375,8090200
XLV,2024-04-01,140.99588012695312,7378300
XLV,2024-04-02,138.8010711669922,10776400
XLV,2024-04-03,138.64706420898438,8453400
XLV,2024-04-04,136.644775390625,12685700
XLV,2024-04-05,137.8673095703125,9073100
XLV,2024-04-08,137.42449951171875,9128200
XLV,2024-04-09,137.91546630859375,10534400
XLV,2024-04-10,136.29823303222656,13052700
XLV,2024-04-11,135.7399139404297,8153900
XLV,2024-04-12,133.71841430664062,13799400
XLV,2024-04-15,133.44886779785156,10383600
XLV,2024-04-16,133.49697875976562,10170500
XLV,2024-04-17,133.26597595214844,8480100
XLV,2024-04-18,133.25633239746094,8105800
XLV,2024-04-19,133.75692749023438,9668400
XLV,2024-04-22,134.26708984375,8531300
XLV,2024-04-23,136.01905822753906,8615500
XLV,2024-04-24,135.5955352783203,7378600
XLV,2024-04-25,134.6906280517578,9693300
XLV,2024-04-26,134.7291717529297,6013800
XLV,2024-04-29,135.1815948486328,6388600
XLV,2024-04-30,135.0853271484375,9677700
XLV,2024-05-01,135.32598876953125,10710200
XLV,2024-05-02,135.229736328125,8425500
XLV,2024-05-03,135.56666564941406,8539300
XLV,2024-05-06,136.1153106689453,5605100
XLV,2024-05-07,137.24163818359375,7720600
XLV,2024-05-08,136.76992797851562,5461100
XLV,2024-05-09,137.94435119628906,6821800
XLV,2024-05-10,138.22349548339844,6324900
XLV,2024-05-13,138.08872985839844,5351500
XLV,2024-05-14,138.6759490966797,6198700
XLV,2024-05-15,140.7359161376953,8433700
XLV,2024-05-16,140.57229614257812,6740800
XLV,2024-05-17,140.8418426513672,7071600
XLV,2024-05-20,140.54342651367188,3890000
XLV,2024-05-21,140.78408813476562,4048900
XLV,2024-05-22,141.03436279296875,6831200
XLV,2024-05-23,139.49417114257812,5155900
XLV,2024-05-24,139.02247619628906,3949500
XLV,2024-05-28,137.33787536621094,8375100
XLV,2024-05-29,136.26934814453125,6838200
XLV,2024-05-30,136.3367462158203,7395500
XLV,2024-05-31,138.3293914794922,7945900
XLV,2024-06-03,139.3016357421875,10303300
XLV,2024-06-04,139.7059326171875,6964200
XLV,2024-06-05,140.34124755859375,5373400
XLV,2024-06-06,140.8033447265625,5425800
XLV,2024-06-07,140.9573516845703,5222300
XLV,2024-06-10,141.47715759277344,5396700
XLV,2024-06-11,140.88998413085938,5194000
XLV,2024-06-12,140.591552734375,6522700
XLV,2024-06-13,140.47604370117188,4720600
XLV,2024-06-14,140.4279327392578,4109600
XLV,2024-06-17,140.28350830078125,4542800
XLV,2024-06-18,140.46641540527344,4872600
XLV,2024-06-20,140.928466796875,6653600
XLV,2024-06-21,141.32318115234375,8535400
XLV,2024-06-24,142.14747619628906,6446100
XLV,2024-06-25,141.70294189453125,5171600
XLV,2024-06-26,141.20040893554688,4572700
XLV,2024-06-27,140.96847534179688,4637900
XLV,2024-06-28,140.85252380371094,7656800
XLV,2024-07-01,140.06008911132812,6562000
XLV,2024-07-02,139.54788208007812,7536100
XLV,2024-07-03,138.48483276367188,7654000
XLV,2024-07-05,139.5575408935547,4846900
XLV,2024-07-08,139.40292358398438,4001500
XLV,2024-07-09,140.07940673828125,8336700
XLV,2024-07-10,141.4033966064453,5342300
XLV,2024-07-11,142.39874267578125,7690700
XLV,2024-07-12,143.28787231445312,6614600
XLV,2024-07-15,142.78530883789062,5804100
XLV,2024-07-16,144.8244171142578,7602500
XLV,2024-07-17,145.4815673828125,10395500
XLV,2024-07-18,142.17649841308594,11033400
XLV,2024-07-19,142.9012908935547,5985700
XLV,2024-07-22,143.7227325439453,5190200
XLV,2024-07-23,143.6357421875,3553300
XLV,2024-07-24,144.8340606689453,6870400
XLV,2024-07-25,144.10926818847656,11472800
XLV,2024-07-26,144.92105102539062,6028800
XLV,2024-07-29,145.00802612304688,8227200
XLV,2024-07-30,145.13363647460938,7269400
XLV,2024-07-31,144.60215759277344,8417800
XLV,2024-08-01,146.0807647705078,10357700
XLV,2024-08-02,145.79078674316406,15742100
XLV,2024-08-05,141.896240234375,17575600
XLV,2024-08-06,142.5533905029297,13335600
XLV,2024-08-07,141.10377502441406,11485000
XLV,2024-08-08,144.2252655029297,11479100
XLV,2024-08-09,144.94039916992188,8550400
XLV,2024-08-12,144.38954162597656,5044300
XLV,2024-08-13,146.1387176513672,4815700
XLV,2024-08-14,146.66055297851562,4837300
XLV,2024-08-15,147.5786590576172,5886800
XLV,2024-08-16,147.7332763671875,4562500
XLV,2024-08-19,148.63201904296875,4729600
XLV,2024-08-20,149.231201171875,4878300
XLV,2024-08-21,149.48245239257812,5530100
XLV,2024-08-22,149.57907104492188,4951800
XLV,2024-08-23,150.22657775878906,4069400
XLV,2024-08-26,150.1492462158203,4433600
XLV,2024-08-27,150.38119506835938,3785400
XLV,2024-08-28,150.55517578125,5150100
XLV,2024-08-29,150.87408447265625,4339200
XLV,2024-08-30,151.9177703857422,7020600
XLV,2024-09-03,151.6278533935547,7674900
XLV,2024-09-04,151.36692810058594,8235500
XLV,2024-09-05,149.28915405273438,7245600
XLV,2024-09-06,148.77696228027344,7651800
XLV,2024-09-09,149.82069396972656,6169200
XLV,2024-09-10,150.50686645507812,7337200
XLV,2024-09-11,150.06228637695312,6636500
XLV,2024-09-12,150.60345458984375,4838100
XLV,2024-09-13,150.91273498535156,4358500
XLV,2024-09-16,151.95643615722656,4711900
XLV,2024-09-17,150.39085388183594,6280000
XLV,2024-09-18,150.13961791992188,7148900
XLV,2024-09-19,150.68077087402344,6717400
XLV,2024-09-20,150.06228637695312,8541600
XLV,2024-09-23,149.76837158203125,6416400
XLV,2024-09-24,149.46766662597656,5341600
XLV,2024-09-25,148.0126495361328,5940100
XLV,2024-09-26,148.50738525390625,6172900
XLV,2024-09-27,148.42977905273438,7312500
XLV,2024-09-30,149.39981079101562,7233800
XLV,2024-10-01,148.61407470703125,10560200
XLV,2024-10-02,148.31336975097656,7158400
XLV,2024-10-03,146.9747772216797,5551000
XLV,2024-10-04,147.09117126464844,6590100
XLV,2024-10-07,146.4412841796875,5922800
XLV,2024-10-08,147.23667907714844,4726600
XLV,2024-10-09,148.74017333984375,7840000
XLV,2024-10-10,148.18728637695312,4385500
XLV,2024-10-11,149.27366638183594,9354000
XLV,2024-10-14,150.0981903076172,4819800
XLV,2024-10-15,148.264892578125,9088600
XLV,2024-10-16,148.68197631835938,4510200
XLV,2024-10-17,147.8186798095703,5430000
XLV,2024-10-18,148.5364990234375,9823900
XLV,2024-10-21,146.7904815673828,4825900
XLV,2024-10-22,146.57708740234375,5166900
XLV,2024-10-23,145.88836669921875,4910200
XLV,2024-10-24,144.92807006835938,5066300
XLV,2024-10-25,144.1326446533203,5314500
XLV,2024-10-28,144.3460693359375,4923500
XLV,2024-10-29,143.9483642578125,7342600
XLV,2024-10-30,143.67677307128906,9211800
XLV,2024-10-31,142.46424865722656,6701100
XLV,2024-11-01,143.30816650390625,6896900
XLV,2024-11-04,142.36727905273438,5985900
XLV,2024-11-05,143.4148406982422,5035300
XLV,2024-11-06,143.59918212890625,10685600
XLV,2024-11-07,144.63705444335938,9381600
XLV,2024-11-08,145.67495727539062,8701100
XLV,2024-11-11,144.82138061523438,6071900
XLV,2024-11-12,142.80377197265625,7022300
XLV,2024-11-13,142.4254608154297,5981200
XLV,2024-11-14,140.18478393554688,7936700
XLV,2024-11-15,137.58517456054688,14246100
XLV,2024-11-18,137.68212890625,7933100
XLV,2024-11-19,136.9740447998047,6205800
XLV,2024-11-20,138.59396362304688,9328800
XLV,2024-11-21,139.70947265625,7969600
XLV,2024-11-22,139.83554077148438,6330300
XLV,2024-11-25,141.0286407470703,6834300
XLV,2024-11-26,141.78526306152344,6018400
XLV,2024-11-27,142.54185485839844,5952800
XLV,2024-11-29,142.98806762695312,3521200
XLV,2024-12-02,142.73587036132812,6220800
XLV,2024-12-03,142.41575622558594,4236200
XLV,2024-12-04,142.3381805419922,5597400
XLV,2024-12-05,140.74737548828125,8948700
XLV,2024-12-06,139.95196533203125,6545200
XLV,2024-12-09,140.35935974121094,6258600
XLV,2024-12-10,139.77735900878906,7200500
XLV,2024-12-11,137.87615966796875,6895000
XLV,2024-12-12,136.78005981445312,5994200
XLV,2024-12-13,136.76065063476562,7599400
XLV,2024-12-16,135.13104248046875,9476600
XLV,2024-12-17,135.0340576171875,10280100
XLV,2024-12-18,133.2007293701172,14448100
XLV,2024-12-19,132.1919403076172,11929300
XLV,2024-12-20,133.86033630371094,12098400
XLV,2024-12-23,135.1972198486328,8050500
XLV,2024-12-24,135.7526092529297,3139300
XLV,2024-12-26,136.02545166015625,4720300
XLV,2024-12-27,135.39210510253906,5948000
XLV,2024-12-30,133.7258758544922,6890300
XLV,2024-12-31,134.0474395751953,6626900
XLY,2020-01-02,60.035560607910156,12591000
XLY,2020-01-03,59.52466583251953,11192800
XLY,2020-01-06,59.69021987915039,12823200
XLY,2020-01-07,59.59561538696289,18301600
XLY,2020-01-08,59.77537536621094,9451800
XLY,2020-01-09,60.09231948852539,7643000
XLY,2020-01-10,59.76591110229492,7407000
XLY,2020-01-13,59.95512771606445,6449200
XLY,2020-01-14,59.93620681762695,8681200
XLY,2020-01-15,59.799034118652344,6523800
XLY,2020-01-16,60.33358383178711,8699000
XLY,2020-01-17,60.546451568603516,13473200
XLY,2020-01-21,60.361968994140625,8003800
XLY,2020-01-22,60.33358383178711,7930200
XLY,2020-01-23,60.423465728759766,7991800
XLY,2020-01-24,59.5814208984375,11381800
XLY,2020-01-27,58.69207000732422,15754200
XLY,2020-01-28,59.26447677612305,11815400
XLY,2020-01-29,59.231346130371094,5860000
XLY,2020-01-30,59.13201904296875,10461000
XLY,2020-01-31,59.28339385986328,16844000
XLY,2020-02-03,59.70441818237305,16019000
XLY,2020-02-04,60.792449951171875,16697200
XLY,2020-02-05,61.09992980957031,13354000
XLY,2020-02-06,60.962738037109375,11039800
XLY,2020-02-07,60.69784164428711,7267600
XLY,2020-02-10,61.383750915527344,5867200
XLY,2020-02-11,61.86628341674805,11015800
XLY,2020-02-12,62.50017166137695,7810600
XLY,2020-02-13,62.39137268066406,7106800
XLY,2020-02-14,62.296756744384766,4959600
XLY,2020-02-18,62.29203796386719,6740200
XLY,2020-02-19,62.571136474609375,4636200
XLY,2020-02-20,62.594783782958984,10832800
XLY,2020-02-21,61.63920593261719,12322600
XLY,2020-02-24,59.519920349121094,17507200
XLY,2020-02-25,57.930450439453125,29219600
XLY,2020-02-26,57.47159194946289,24720800
XLY,2020-02-27,55.14887237548828,35433800
XLY,2020-02-28,54.794090270996094,41232200
XLY,2020-03-02,56.67685317993164,19022400
XLY,2020-03-03,55.30499267578125,29548600
XLY,2020-03-04,57.21613311767578,14684400
XLY,2020-03-05,55.0826530456543,14599600
XLY,2020-03-06,54.23588180541992,16655000
XLY,2020-03-09,50.82041549682617,16829800
XLY,2020-03-10,53.63037109375,21939200
XLY,2020-03-11,50.697418212890625,15254600
XLY,2020-03-12,45.5742301940918,19961600
XLY,2020-03-13,48.393646240234375,16073800
XLY,2020-03-16,42.26283645629883,16817800
XLY,2020-03-17,43.8901481628418,27134000
XLY,2020-03-18,41.36875534057617,27657600
XLY,2020-03-19,42.81157684326172,14884200
XLY,2020-03-20,41.539058685302734,25783200
XLY,2020-03-23,41.607513427734375,15308400
XLY,2020-03-24,45.5101432800293,20747400
XLY,2020-03-25,46.30873489379883,19997800
XLY,2020-03-26,48.224388122558594,12991000
XLY,2020-03-27,46.60821533203125,10262200
XLY,2020-03-30,47.582672119140625,13320600
XLY,2020-03-31,46.622474670410156,10304400
XLY,2020-04-01,44.540435791015625,13516400
XLY,2020-04-02,44.70680236816406,11997600
XLY,2020-04-03,43.92722702026367,10359400
XLY,2020-04-06,47.582672119140625,10607800
XLY,2020-04-07,48.290958404541016,14018200
XLY,2020-04-08,49.81207275390625,8331000
XLY,2020-04-09,50.71048355102539,10645800
XLY,2020-04-13,50.69622802734375,6823400
XLY,2020-04-14,52.67844009399414,11489200
XLY,2020-04-15,51.523345947265625,7617600
XLY,2020-04-16,52.14130401611328,9218400
XLY,2020-04-17,53.681434631347656,8767000
XLY,2020-04-20,52.7449836730957,6826200
XLY,2020-04-21,51.37599182128906,8655800
XLY,2020-04-22,52.483543395996094,6771200
XLY,2020-04-23,52.46929168701172,8259200
XLY,2020-04-24,53.35820770263672,5829000
XLY,2020-04-27,54.35643768310547,8239400
XLY,2020-04-28,54.57034683227539,9458800
XLY,2020-04-29,55.772979736328125,9997600
XLY,2020-04-30,55.42597198486328,10106400
XLY,2020-05-01,53.35343551635742,12553200
XLY,2020-05-04,53.64341354370117,9213600
XLY,2020-05-05,53.83830642700195,9093600
XLY,2020-05-06,53.82879638671875,7810000
XLY,2020-05-07,54.674922943115234,10667200
XLY,2020-05-08,55.73971176147461,7872400
XLY,2020-05-11,55.616119384765625,8086600
XLY,2020-05-12,54.39921569824219,11944800
XLY,2020-05-13,53.46278381347656,13362200
XLY,2020-05-14,54.26136779785156,11436400
XLY,2020-05-15,54.893585205078125,12556600
XLY,2020-05-18,56.97087097167969,10233600
XLY,2020-05-19,56.76646423339844,10513600
XLY,2020-05-20,57.50801467895508,7708200
XLY,2020-05-21,57.712425231933594,9117200
XLY,2020-05-22,57.626853942871094,7642000
XLY,2020-05-26,58.53953552246094,9128400
XLY,2020-05-27,59.54251480102539,11531200
XLY,2020-05-28,58.81998825073242,7293200
XLY,2020-05-29,59.03389358520508,13016000
XLY,2020-06-01,59.59480285644531,6662600
XLY,2020-06-02,60.10343933105469,8453400
XLY,2020-06-03,61.23952102661133,11061600
XLY,2020-06-04,60.930538177490234,9971400
XLY,2020-06-05,62.38987731933594,11689200
XLY,2020-06-08,63.34056854248047,7005000
XLY,2020-06-09,62.846214294433594,8689600
XLY,2020-06-10,62.25677490234375,7783800
XLY,2020-06-11,58.99587631225586,13735200
XLY,2020-06-12,59.58055114746094,11989400
XLY,2020-06-15,60.14622116088867,9993000
XLY,2020-06-16,61.4106559753418,10166800
XLY,2020-06-17,61.24904251098633,6349800
XLY,2020-06-18,61.0256233215332,5533600
XLY,2020-06-19,60.55026626586914,13384000
XLY,2020-06-22,61.17252731323242,5675800
XLY,2020-06-23,61.65374755859375,7347200
XLY,2020-06-24,60.295833587646484,11962600
XLY,2020-06-25,60.376834869384766,9769200
XLY,2020-06-26,58.96175765991211,11496400
XLY,2020-06-29,60.08143615722656,7822600
XLY,2020-06-30,60.848533630371094,6729800
XLY,2020-07-01,61.463165283203125,11172600
XLY,2020-07-02,61.70614242553711,7328600
XLY,2020-07-06,63.16887664794922,7115800
XLY,2020-07-07,62.17782974243164,6893200
XLY,2020-07-08,62.840126037597656,5479800
XLY,2020-07-09,62.76866149902344,6224800
XLY,2020-07-10,63.51668167114258,12912400
XLY,2020-07-13,62.71147918701172,13282600
XLY,2020-07-14,63.335628509521484,11473800
XLY,2020-07-15,64.24092102050781,7505800
XLY,2020-07-16,64.06938934326172,6049400
XLY,2020-07-17,63.76921844482422,6189200
XLY,2020-07-20,64.7888412475586,5471600
XLY,2020-07-21,64.88888549804688,5315800
XLY,2020-07-22,65.44635772705078,5321000
XLY,2020-07-23,64.46485900878906,6867600
XLY,2020-07-24,64.57919311523438,6287200
XLY,2020-07-27,64.97944641113281,4899400
XLY,2020-07-28,64.33619689941406,5119600
XLY,2020-07-29,64.98896026611328,4495000
XLY,2020-07-30,64.93653869628906,7940800
XLY,2020-07-31,65.27482604980469,7671000
XLY,2020-08-03,65.13665771484375,5588800
XLY,2020-08-04,65.66075897216797,5340200
XLY,2020-08-05,66.46121978759766,6536800
XLY,2020-08-06,66.78520202636719,4312200
XLY,2020-08-07,66.88526153564453,5953000
XLY,2020-08-10,67.68572235107422,4560400
XLY,2020-08-11,67.55230712890625,7093600
XLY,2020-08-12,68.44803619384766,7630800
XLY,2020-08-13,68.41944122314453,4742800
XLY,2020-08-14,68.41466522216797,3374000
XLY,2020-08-17,69.29615783691406,3218000
XLY,2020-08-18,69.72493743896484,5175400
XLY,2020-08-19,69.39619445800781,5310400
XLY,2020-08-20,69.29136657714844,3326600
XLY,2020-08-21,69.64872741699219,3647600
XLY,2020-08-24,70.7064437866211,5284400
XLY,2020-08-25,70.9399185180664,5197800
XLY,2020-08-26,71.64031982421875,5583800
XLY,2020-08-27,71.25438690185547,6170800
XLY,2020-08-28,71.72132110595703,4275600
XLY,2020-08-31,71.51166534423828,7025000
XLY,2020-09-01,72.25971221923828,9904400
XLY,2020-09-02,73.26028442382812,8154200
XLY,2020-09-03,70.93515014648438,15142000
XLY,2020-09-04,70.11564636230469,13339800
XLY,2020-09-08,69.19609069824219,15212600
XLY,2020-09-09,70.50157928466797,7425800
XLY,2020-09-10,69.49150085449219,12553800
XLY,2020-09-11,69.59630584716797,7596400
XLY,2020-09-14,70.33482360839844,5556600
XLY,2020-09-15,70.91133880615234,5412000
XLY,2020-09-16,70.51589965820312,5215800
XLY,2020-09-17,69.52484130859375,8849200
XLY,2020-09-18,68.55762481689453,10847200
XLY,2020-09-21,67.56734466552734,8435800
XLY,2020-09-22,68.99501037597656,7638000
XLY,2020-09-23,67.8633804321289,7930600
XLY,2020-09-24,67.83475494384766,8997000
XLY,2020-09-25,68.71806335449219,5028000
XLY,2020-09-28,70.15525817871094,5324800
XLY,2020-09-29,69.6109390258789,6055400
XLY,2020-09-30,70.17912292480469,8948800
XLY,2020-10-01,71.09587097167969,7758800
XLY,2020-10-02,70.79508972167969,8181600
XLY,2020-10-05,71.73091888427734,4640800
XLY,2020-10-06,70.40355682373047,7954400
XLY,2020-10-07,72.01263427734375,5005800
XLY,2020-10-08,72.48533630371094,5065800
XLY,2020-10-09,73.23974609375,7362600
XLY,2020-10-12,74.21378326416016,6394400
XLY,2020-10-13,74.19945526123047,6826200
XLY,2020-10-14,73.37821197509766,7610800
XLY,2020-10-15,73.6503677368164,4758000
XLY,2020-10-16,72.98190307617188,4211000
XLY,2020-10-19,72.08426666259766,5154000
XLY,2020-10-20,72.66199493408203,8514200
XLY,2020-10-21,72.26570129394531,5539800
XLY,2020-10-22,72.41371154785156,4135600
XLY,2020-10-23,73.04875183105469,3915000
XLY,2020-10-26,71.64498901367188,6300000
XLY,2020-10-27,71.6115493774414,6241000
XLY,2020-10-28,69.34833526611328,9172600
XLY,2020-10-29,69.78760528564453,6067800
XLY,2020-10-30,68.26445007324219,9983200
XLY,2020-11-02,68.7514877319336,7981800
XLY,2020-11-03,70.26508331298828,5675400
XLY,2020-11-04,71.75956726074219,8541200
XLY,2020-11-05,73.15857696533203,6480000
XLY,2020-11-06,72.93893432617188,4847000
XLY,2020-11-09,72.7001953125,9782200
XLY,2020-11-10,72.44234466552734,17765200
XLY,2020-11-11,73.07738494873047,7406800
XLY,2020-11-12,72.09856414794922,5929800
XLY,2020-11-13,73.26839447021484,4463000
XLY,2020-11-16,74.22811889648438,7864600
XLY,2020-11-17,73.91297149658203,5839600
XLY,2020-11-18,73.40686798095703,5415000
XLY,2020-11-19,73.76974487304688,4214400
XLY,2020-11-20,73.38298797607422,4132800
XLY,2020-11-23,74.18991088867188,4611200
XLY,2020-11-24,75.29287719726562,5465600
XLY,2020-11-25,75.38359069824219,4624400
XLY,2020-11-27,75.54594421386719,2216600
XLY,2020-11-30,75.08757019042969,6576000
XLY,2020-12-01,75.6462173461914,8737400
XLY,2020-12-02,75.17351531982422,4308800
XLY,2020-12-03,75.38359069824219,6011400
XLY,2020-12-04,75.45521545410156,4178200
XLY,2020-12-07,75.28331756591797,8430600
XLY,2020-12-08,75.12576293945312,4956800
XLY,2020-12-09,75.05412292480469,12060800
XLY,2020-12-10,74.9873046875,5806000
XLY,2020-12-11,74.62918853759766,4134200
XLY,2020-12-14,74.739013671875,6815000
XLY,2020-12-15,75.7464599609375,4651800
XLY,2020-12-16,76.2430419921875,4443000
XLY,2020-12-17,76.76350402832031,3977400
XLY,2020-12-18,76.39106750488281,9892800
XLY,2020-12-21,75.52809143066406,7904400
XLY,2020-12-22,75.20281982421875,7453200
XLY,2020-12-23,75.36547088623047,4346000
XLY,2020-12-24,75.52334594726562,2097600
XLY,2020-12-28,76.38436889648438,5824800
XLY,2020-12-29,76.40829467773438,4862400
XLY,2020-12-30,76.86751556396484,4881400
XLY,2020-12-31,76.91056060791016,5859200
XLY,2021-01-04,76.2599868774414,18120400
XLY,2021-01-05,76.82925415039062,6262400
XLY,2021-01-06,77.61376190185547,8832000
XLY,2021-01-07,79.11102294921875,6725600
XLY,2021-01-08,80.74221801757812,9283800
XLY,2021-01-11,79.23538970947266,7421000
XLY,2021-01-12,80.4456558227539,11395200
XLY,2021-01-13,80.44087219238281,5654400
XLY,2021-01-14,79.92900085449219,6029800
XLY,2021-01-15,79.31193542480469,7271400
XLY,2021-01-19,79.7615966796875,6348600
XLY,2021-01-20,81.26840209960938,6868600
XLY,2021-01-21,81.64632415771484,6688000
XLY,2021-01-22,81.3688735961914,4456400
XLY,2021-01-25,81.67023468017578,11760600
XLY,2021-01-26,81.61761474609375,7458000
XLY,2021-01-27,79.10144805908203,11241400
XLY,2021-01-28,79.35020446777344,7843200
XLY,2021-01-29,77.49893951416016,10833000
XLY,2021-02-01,79.51285552978516,6502600
XLY,2021-02-02,81.20145416259766,5401200
XLY,2021-02-03,80.74703216552734,4062800
XLY,2021-02-04,81.6080551147461,5142400
XLY,2021-02-05,82.38777923583984,4464200
XLY,2021-02-08,82.8565902709961,4720400
XLY,2021-02-09,82.39735412597656,3615400
XLY,2021-02-10,81.58412170410156,4883200
XLY,2021-02-11,81.35931396484375,3911600
XLY,2021-02-12,81.47412109375,3994400
XLY,2021-02-16,81.12012481689453,4516200
XLY,2021-02-17,81.58890533447266,6441200
XLY,2021-02-18,81.61283111572266,5160000
XLY,2021-02-19,81.13924407958984,5022800
XLY,2021-02-22,79.4267349243164,5694000
XLY,2021-02-23,78.90533447265625,10768600
XLY,2021-02-24,79.7328872680664,7973600
XLY,2021-02-25,76.76707458496094,14641800
XLY,2021-02-26,77.08756256103516,12255200
XLY,2021-03-01,78.89575958251953,8697600
XLY,2021-03-02,77.98687744140625,6622400
XLY,2021-03-03,76.15476989746094,11125600
XLY,2021-03-04,74.54269409179688,18469600
XLY,2021-03-05,75.01626586914062,20626800
XLY,2021-03-08,75.10716247558594,12536200
XLY,2021-03-09,77.94383239746094,18614400
XLY,2021-03-10,78.34086608886719,14245800
XLY,2021-03-11,79.54154205322266,8458400
XLY,2021-03-12,79.77594757080078,8343400
XLY,2021-03-15,80.84747314453125,8857000
XLY,2021-03-16,80.01034545898438,6873600
XLY,2021-03-17,81.13446807861328,8711400
XLY,2021-03-18,79.14928436279297,10151400
XLY,2021-03-19,79.62286376953125,12121000
XLY,2021-03-22,80.14703369140625,7224200
XLY,2021-03-23,79.39482116699219,7990200
XLY,2021-03-24,78.22096252441406,9352000
XLY,2021-03-25,78.90612030029297,11319800
XLY,2021-03-26,79.56249237060547,8542600
XLY,2021-03-29,79.12649536132812,9358200
XLY,2021-03-30,79.90267944335938,7321800
XLY,2021-03-31,80.5255355834961,7937800
XLY,2021-04-01,81.17233276367188,8140000
XLY,2021-04-05,83.01695251464844,8628400
XLY,2021-04-06,83.37627410888672,6301400
XLY,2021-04-07,83.12714385986328,5049400
XLY,2021-04-08,83.52001190185547,6424800
XLY,2021-04-09,84.31535339355469,6093800
XLY,2021-04-12,84.85675811767578,6285600
XLY,2021-04-13,85.7527084350586,5351200
XLY,2021-04-14,84.90946960449219,6676400
XLY,2021-04-15,85.51793670654297,5031200
XLY,2021-04-16,86.17912292480469,5276000
XLY,2021-04-19,85.2113265991211,7030800
XLY,2021-04-20,84.1380844116211,8462000
XLY,2021-04-21,85.25920867919922,5540000
XLY,2021-04-22,84.31535339355469,5960000
XLY,2021-04-23,85.19693756103516,3823800
XLY,2021-04-26,85.57064056396484,4460600
XLY,2021-04-27,85.47003173828125,4438600
XLY,2021-04-28,85.36941528320312,4761400
XLY,2021-04-29,85.39336395263672,6444600
XLY,2021-04-30,85.72395324707031,5651000
XLY,2021-05-03,85.31670379638672,7371400
XLY,2021-05-04,84.42554473876953,9207200
XLY,2021-05-05,84.16203308105469,6325000
XLY,2021-05-06,84.3440933227539,7850600
XLY,2021-05-07,85.10108947753906,6750200
XLY,2021-05-10,83.58708953857422,6976000
XLY,2021-05-11,82.64323425292969,14220800
XLY,2021-05-12,79.84516143798828,14124000
XLY,2021-05-13,80.41055297851562,14082400
XLY,2021-05-14,81.8047866821289,8211800
XLY,2021-05-17,81.65626525878906,10445000
XLY,2021-05-18,81.01900482177734,7756800
XLY,2021-05-19,80.33866119384766,14120400
XLY,2021-05-20,81.16275024414062,9068000
XLY,2021-05-21,80.75550079345703,7770600
XLY,2021-05-24,81.5556411743164,6726800
XLY,2021-05-25,81.8143539428711,7133800
XLY,2021-05-26,82.59532165527344,7473600
XLY,2021-05-27,82.92591094970703,7783600
XLY,2021-05-28,82.8109130859375,6451200
XLY,2021-06-01,82.65281677246094,9361200
XLY,2021-06-02,82.26951599121094,7063200
XLY,2021-06-03,81.2921371459961,8702800
XLY,2021-06-04,81.94371795654297,6433200
XLY,2021-06-07,81.94371795654297,6389800
XLY,2021-06-08,82.60492706298828,6124800
XLY,2021-06-09,82.14972686767578,7131600
XLY,2021-06-10,82.5378189086914,5225000
XLY,2021-06-11,82.98821258544922,5468400
XLY,2021-06-14,83.01215362548828,5770000
XLY,2021-06-15,82.57136535644531,5659600
XLY,2021-06-16,82.60969543457031,9414200
XLY,2021-06-17,82.92112731933594,9267000
XLY,2021-06-18,82.48513793945312,13991200
XLY,2021-06-21,83.12090301513672,9607400
XLY,2021-06-22,83.90301513671875,6740400
XLY,2021-06-23,84.55079650878906,5317800
XLY,2021-06-24,84.83870697021484,7959000
XLY,2021-06-25,85.37608337402344,9949200
XLY,2021-06-28,85.39529418945312,5584200
XLY,2021-06-29,85.60640716552734,4629200
XLY,2021-06-30,85.673583984375,5798600
XLY,2021-07-01,86.15821075439453,6210600
XLY,2021-07-02,86.91634368896484,5803400
XLY,2021-07-06,87.01713562011719,7792000
XLY,2021-07-07,86.9691162109375,6694200
XLY,2021-07-08,86.75318908691406,11283400
XLY,2021-07-09,87.56414794921875,5632800
XLY,2021-07-12,88.16390228271484,10814600
XLY,2021-07-13,87.10828399658203,12392400
XLY,2021-07-14,86.949951171875,7484000
XLY,2021-07-15,86.47969818115234,6667600
XLY,2021-07-16,85.41447448730469,8424200
XLY,2021-07-19,84.4356460571289,16088400
XLY,2021-07-20,85.99507904052734,9838000
XLY,2021-07-21,86.78678894042969,8185400
XLY,2021-07-22,87.16105651855469,8061600
XLY,2021-07-23,87.93839263916016,7008600
XLY,2021-07-26,88.59098052978516,6895000
XLY,2021-07-27,87.69366455078125,7359800
XLY,2021-07-28,87.41057586669922,5973800
XLY,2021-07-29,88.39423370361328,7307400
XLY,2021-07-30,86.5756607055664,9327000
XLY,2021-08-02,86.8251724243164,7303000
XLY,2021-08-03,87.46815490722656,8445800
XLY,2021-08-04,86.61886596679688,7913000
XLY,2021-08-05,87.44896697998047,5401200
XLY,2021-08-06,86.85396575927734,5822200
XLY,2021-08-09,86.73401641845703,5560600
XLY,2021-08-10,87.07470703125,5201000
XLY,2021-08-11,87.32901000976562,5500600
XLY,2021-08-12,87.36739349365234,5229400
XLY,2021-08-13,87.11786651611328,4936400
XLY,2021-08-16,86.71481323242188,6657600
XLY,2021-08-17,84.65635681152344,11065200
XLY,2021-08-18,84.95863342285156,9998200
XLY,2021-08-19,84.41643524169922,11334600
XLY,2021-08-20,85.22734069824219,6618400
XLY,2021-08-23,86.3261489868164,6890200
XLY,2021-08-24,86.9355239868164,5791600
XLY,2021-08-25,87.27141571044922,7266600
XLY,2021-08-26,86.46530151367188,7394200
XLY,2021-08-27,87.25222778320312,7964800
XLY,2021-08-30,87.90959930419922,7366600
XLY,2021-08-31,88.12071228027344,9555800
XLY,2021-09-01,88.11591339111328,8198400
XLY,2021-09-02,88.11112976074219,6715000
XLY,2021-09-03,88.05836486816406,6889600
XLY,2021-09-07,88.31745910644531,8750600
XLY,2021-09-08,88.41822814941406,7385600
XLY,2021-09-09,88.3030776977539,8714800
XLY,2021-09-10,87.76084899902344,9627200
XLY,2021-09-13,87.97679901123047,11534600
XLY,2021-09-14,87.68407440185547,8461800
XLY,2021-09-15,88.25027465820312,10294600
XLY,2021-09-16,88.6533203125,12171400
XLY,2021-09-17,88.3414535522461,14925000
XLY,2021-09-20,86.32554626464844,16192000
XLY,2021-09-21,86.45528411865234,12503600
XLY,2021-09-22,87.63262939453125,12367400
XLY,2021-09-23,88.52165985107422,8275000
XLY,2021-09-24,88.85322570800781,8033000
XLY,2021-09-27,89.32896423339844,9488000
XLY,2021-09-28,87.60862731933594,14941800
XLY,2021-09-29,87.69512176513672,12192200
XLY,2021-09-30,86.23423767089844,16489600
XLY,2021-10-01,86.88298034667969,15519600
XLY,2021-10-04,86.19579315185547,18494000
XLY,2021-10-05,86.54178619384766,10968600
XLY,2021-10-06,86.8156967163086,10272600
XLY,2021-10-07,88.1660385131836,7537800
XLY,2021-10-08,87.76239776611328,7399600
XLY,2021-10-11,87.40678405761719,6637000
XLY,2021-10-12,88.09878540039062,10281800
XLY,2021-10-13,88.53125762939453,10832000
XLY,2021-10-14,89.45873260498047,7514600
XLY,2021-10-15,90.82828521728516,8717400
XLY,2021-10-18,91.93833923339844,7867000
XLY,2021-10-19,91.6788330078125,5808800
XLY,2021-10-20,91.611572265625,9606800
XLY,2021-10-21,92.95709228515625,7130200
XLY,2021-10-22,92.62553405761719,7376600
XLY,2021-10-25,94.92253875732422,11076800
XLY,2021-10-26,94.93696594238281,15031400
XLY,2021-10-27,95.14839935302734,9831000
XLY,2021-10-28,96.4122543334961,9001000
XLY,2021-10-29,96.662109375,8508400
XLY,2021-11-01,98.43534088134766,11234200
XLY,2021-11-02,97.77218627929688,13558800
XLY,2021-11-03,99.53099822998047,12816400
XLY,2021-11-04,100.87171173095703,11600000
XLY,2021-11-05,101.52046966552734,9631200
XLY,2021-11-08,100.0836181640625,11715400
XLY,2021-11-09,98.23351287841797,33102200
XLY,2021-11-10,97.8682861328125,22689600
XLY,2021-11-11,97.60398864746094,12413400
XLY,2021-11-12,97.93075561523438,10335000
XLY,2021-11-15,97.84906768798828,10612000
XLY,2021-11-16,99.39163970947266,11301200
XLY,2021-11-17,100.02595520019531,16547400
XLY,2021-11-18,101.16006469726562,14804000
XLY,2021-11-19,101.59734344482422,14988800
XLY,2021-11-22,101.34266662597656,18430800
XLY,2021-11-23,100.6073989868164,22962800
XLY,2021-11-24,100.81405639648438,16341200
XLY,2021-11-26,98.06534576416016,15329200
XLY,2021-11-29,99.58865356445312,16767600
XLY,2021-11-30,98.24312591552734,26435400
XLY,2021-12-01,96.46990966796875,25941000
XLY,2021-12-02,97.84428405761719,33287800
XLY,2021-12-03,95.94131469726562,28543200
XLY,2021-12-06,97.03694915771484,23326000
XLY,2021-12-07,99.30033874511719,13875600
XLY,2021-12-08,99.55020904541016,11988000
XLY,2021-12-09,97.82506561279297,11757200
XLY,2021-12-10,98.50743103027344,14372800
XLY,2021-12-13,95.97013854980469,14995600
XLY,2021-12-14,95.4126968383789,15371800
XLY,2021-12-15,96.6236801147461,19042200
XLY,2021-12-16,94.49005126953125,18368600
XLY,2021-12-17,93.84609985351562,23480400
XLY,2021-12-20,92.33109283447266,22326800
XLY,2021-12-21,94.72297668457031,13530600
XLY,2021-12-22,96.45076751708984,11491000
XLY,2021-12-23,97.7886734008789,10588600
XLY,2021-12-27,98.74156951904297,8428000
XLY,2021-12-28,98.78487396240234,8306200
XLY,2021-12-29,98.98219299316406,7584600
XLY,2021-12-30,98.62606811523438,7140200
XLY,2021-12-31,98.3902359008789,6885600
XLY,2022-01-03,101.21528625488281,14465400
XLY,2022-01-04,100.59925842285156,13169200
XLY,2022-01-05,97.88489532470703,17275600
XLY,2022-01-06,97.62985229492188,17245000
XLY,2022-01-07,96.00316619873047,15005200
XLY,2022-01-10,95.41600799560547,21271400
XLY,2022-01-11,96.3352279663086,16887400
XLY,2022-01-12,96.97050476074219,13156800
XLY,2022-01-13,95.02136993408203,16493800
XLY,2022-01-14,94.57859802246094,20715200
XLY,2022-01-18,92.78827667236328,18186600
XLY,2022-01-19,91.11348724365234,17404400
XLY,2022-01-20,89.453125,18093800
XLY,2022-01-21,86.8302001953125,37394400
XLY,2022-01-24,87.87454986572266,53233800
XLY,2022-01-25,86.387451171875,35890200
XLY,2022-01-26,85.96873474121094,43384000
XLY,2022-01-27,83.88487243652344,33723000
XLY,2022-01-28,85.71365356445312,31685800
XLY,2022-01-31,89.0103530883789,22194800
XLY,2022-02-01,89.54936981201172,22366000
XLY,2022-02-02,89.01514434814453,19294200
XLY,2022-02-03,86.29117584228516,19166600
XLY,2022-02-04,88.74565887451172,20021600
XLY,2022-02-07,88.56278228759766,18764600
XLY,2022-02-08,89.80924224853516,18318200
XLY,2022-02-09,90.99798583984375,16918800
XLY,2022-02-10,89.4290542602539,25946400
XLY,2022-02-11,86.85906982421875,25319200
XLY,2022-02-14,87.35478973388672,30854800
XLY,2022-02-15,89.30873107910156,20722400
XLY,2022-02-16,89.56380462646484,17397600
XLY,2022-02-17,87.16708374023438,18136400
XLY,2022-02-18,86.62808990478516,18990400
XLY,2022-02-22,84.10142517089844,27345600
XLY,2022-02-23,81.29082489013672,27134400
XLY,2022-02-24,83.14851379394531,41736000
XLY,2022-02-25,84.79444122314453,27338000
XLY,2022-02-28,85.39122009277344,32321800
XLY,2022-03-01,84.09660339355469,26997600
XLY,2022-03-02,85.86285400390625,20262800
XLY,2022-03-03,83.91854095458984,22404000
XLY,2022-03-04,82.58544921875,21659200
XLY,2022-03-07,78.53797912597656,32146200
XLY,2022-03-08,78.70160675048828,50888400
XLY,2022-03-09,81.23307037353516,31938200
XLY,2022-03-10,81.81060028076172,25854800
XLY,2022-03-11,80.23683166503906,24156400
XLY,2022-03-14,78.89894104003906,30349200
XLY,2022-03-15,81.54106903076172,27120400
XLY,2022-03-16,84.32280731201172,33778800
XLY,2022-03-17,85.72810363769531,26085600
XLY,2022-03-18,87.5328598022461,30129200
XLY,2022-03-21,86.79971313476562,25648000
XLY,2022-03-22,88.95431518554688,16421600
XLY,2022-03-23,87.85049438476562,15758000
XLY,2022-03-24,88.5349349975586,15134000
XLY,2022-03-25,88.38068389892578,16407800
XLY,2022-03-28,90.73770904541016,23065600
XLY,2022-03-29,92.3187026977539,19373400
XLY,2022-03-30,90.91604614257812,16296000
XLY,2022-03-31,89.17118072509766,16778000
XLY,2022-04-01,89.28206634521484,9978800
XLY,2022-04-04,91.28721618652344,15424200
XLY,2022-04-05,89.1470947265625,16219800
XLY,2022-04-06,86.87201690673828,27844800
XLY,2022-04-07,87.31547546386719,22538400
XLY,2022-04-08,86.5105209350586,18595000
XLY,2022-04-11,84.90543365478516,18593800
XLY,2022-04-12,85.09342956542969,23297400
XLY,2022-04-13,87.20942687988281,16820200
XLY,2022-04-14,85.98995971679688,17839400
XLY,2022-04-18,86.25025177001953,15385600
XLY,2022-04-19,88.75186157226562,17470000
XLY,2022-04-20,87.6094970703125,13876600
XLY,2022-04-21,86.76117706298828,23446600
XLY,2022-04-22,84.74638366699219,22307400
XLY,2022-04-25,85.3585205078125,25809600
XLY,2022-04-26,81.03974914550781,29196600
XLY,2022-04-27,81.04938507080078,25103000
XLY,2022-04-28,82.71232604980469,13985600
XLY,2022-04-29,78.50921630859375,18836600
XLY,2022-05-02,79.65638732910156,33548200
XLY,2022-05-03,79.45875549316406,24068800
XLY,2022-05-04,81.79165649414062,18696600
XLY,2022-05-05,77.20777893066406,22776800
XLY,2022-05-06,76.22930908203125,25545400
XLY,2022-05-09,72.98059844970703,22095400
XLY,2022-05-10,72.76368713378906,25447000
XLY,2022-05-11,70.15605163574219,25713600
XLY,2022-05-12,70.63805389404297,23601200
XLY,2022-05-13,73.41921997070312,12573400
XLY,2022-05-16,71.83342742919922,11730200
XLY,2022-05-17,73.64575958251953,11210000
XLY,2022-05-18,68.83052062988281,14761600
XLY,2022-05-19,68.87873077392578,15413800
XLY,2022-05-20,67.67852783203125,15624600
XLY,2022-05-23,68.18463897705078,13607000
XLY,2022-05-24,66.43012237548828,14872000
XLY,2022-05-25,68.30513763427734,12955000
XLY,2022-05-26,71.65509796142578,16046000
XLY,2022-05-27,74.11332702636719,15248800
XLY,2022-05-31,74.4892807006836,14145400
XLY,2022-06-01,73.7132339477539,12232800
XLY,2022-06-02,75.96903228759766,11625600
XLY,2022-06-03,73.74700164794922,10714200
XLY,2022-06-06,74.48446655273438,10234800
XLY,2022-06-07,74.30130004882812,9637200
XLY,2022-06-08,73.8626708984375,8810200
XLY,2022-06-09,72.52751159667969,7728400
XLY,2022-06-10,69.63545989990234,13439000
XLY,2022-06-13,66.42049407958984,20171800
XLY,2022-06-14,66.3674545288086,13355400
XLY,2022-06-15,68.23283386230469,18120800
XLY,2022-06-16,64.89253997802734,24019400
XLY,2022-06-17,65.60108184814453,22390000
XLY,2022-06-21,67.4775161743164,12856600
XLY,2022-06-22,67.34708404541016,12021800
XLY,2022-06-23,68.40511322021484,11777400
XLY,2022-06-24,71.01396942138672,13404600
XLY,2022-06-27,70.26996612548828,14574200
XLY,2022-06-28,67.4630355834961,11367800
XLY,2022-06-29,67.4098892211914,11919200
XLY,2022-06-30,66.41949462890625,12569200
XLY,2022-07-01,67.64177703857422,11335400
XLY,2022-07-05,69.15394592285156,11515800
XLY,2022-07-06,68.9268798828125,15889800
XLY,2022-07-07,70.70478057861328,8559000
XLY,2022-07-08,70.71443939208984,6196600
XLY,2022-07-11,68.7771224975586,7615200
XLY,2022-07-12,68.36163330078125,14874400
XLY,2022-07-13,68.92206573486328,14236200
XLY,2022-07-14,68.86407470703125,10515200
XLY,2022-07-15,69.97525787353516,7519600
XLY,2022-07-18,70.17816925048828,8042600
XLY,2022-07-19,72.32806396484375,8840000
XLY,2022-07-20,73.51654815673828,9340400
XLY,2022-07-21,75.19779968261719,10763200
XLY,2022-07-22,74.76299285888672,7794600
XLY,2022-07-25,74.12043762207031,9123400
XLY,2022-07-26,71.73380279541016,8196400
XLY,2022-07-27,74.44896697998047,10402600
XLY,2022-07-28,75.72924041748047,11074600
XLY,2022-07-29,78.6666259765625,13605400
XLY,2022-08-01,79.05793762207031,17921800
XLY,2022-08-02,78.51685333251953,13815400
XLY,2022-08-03,80.42998504638672,12027600
XLY,2022-08-04,80.75852966308594,9827600
XLY,2022-08-05,79.38162994384766,8788200
XLY,2022-08-08,79.73912811279297,7294000
XLY,2022-08-09,78.46852111816406,6639400
XLY,2022-08-10,80.68120574951172,7246800
XLY,2022-08-11,80.27057647705078,7822000
XLY,2022-08-12,82.08711242675781,5897800
XLY,2022-08-15,82.65235900878906,7714800
XLY,2022-08-16,83.56546020507812,7224600
XLY,2022-08-17,82.6668472290039,7495400
XLY,2022-08-18,82.64269256591797,5669000
XLY,2022-08-19,80.9372787475586,7149600
XLY,2022-08-22,78.69075012207031,8369400
XLY,2022-08-23,78.91299438476562,8787000
XLY,2022-08-24,79.25118255615234,6664000
XLY,2022-08-25,80.19811248779297,6090000
XLY,2022-08-26,77.14476776123047,7893800
XLY,2022-08-29,76.73411560058594,7051400
XLY,2022-08-30,75.87899780273438,7334400
XLY,2022-08-31,75.1301498413086,8862800
XLY,2022-09-01,75.8161849975586,11943800
XLY,2022-09-02,75.1205062866211,16482600
XLY,2022-09-06,74.96590423583984,17922000
XLY,2022-09-07,77.26556396484375,12633200
XLY,2022-09-08,77.98541259765625,9391400
XLY,2022-09-09,79.46375274658203,8950800
XLY,2022-09-12,80.48798370361328,8791600
XLY,2022-09-13,76.33795928955078,13350800
XLY,2022-09-14,77.31869506835938,14924800
XLY,2022-09-15,76.92252349853516,11364000
XLY,2022-09-16,76.30413055419922,17364200
XLY,2022-09-19,77.38375854492188,10028600
XLY,2022-09-20,76.07176208496094,9142000
XLY,2022-09-21,74.27076721191406,10222400
XLY,2022-09-22,72.55696868896484,11338800
XLY,2022-09-23,70.88670349121094,11213000
XLY,2022-09-26,70.72693634033203,12839600
XLY,2022-09-27,70.94964599609375,14563400
XLY,2022-09-28,72.8667984008789,13861400
XLY,2022-09-29,70.34930419921875,12313600
XLY,2022-09-30,68.96468353271484,12232400
XLY,2022-10-03,69.032470703125,17291600
XLY,2022-10-04,71.44346618652344,19663800
XLY,2022-10-05,71.02226257324219,12541200
XLY,2022-10-06,70.51876831054688,14429000
XLY,2022-10-07,68.09326171875,11195400
XLY,2022-10-10,67.67207336425781,9728400
XLY,2022-10-11,67.12014770507812,12003400
XLY,2022-10-12,67.29444122314453,19440000
XLY,2022-10-13,68.03031921386719,19564200
XLY,2022-10-14,65.4886245727539,13421400
XLY,2022-10-17,68.14649963378906,13131000
XLY,2022-10-18,69.08572387695312,10368000
XLY,2022-10-19,68.31111907958984,7144800
XLY,2022-10-20,66.98944091796875,10195200
XLY,2022-10-21,68.94049072265625,15575800
XLY,2022-10-24,69.22612762451172,9081200
XLY,2022-10-25,70.9593276977539,7455000
XLY,2022-10-26,70.38804626464844,6864600
XLY,2022-10-27,70.11692810058594,12722200
XLY,2022-10-28,70.17987823486328,14082600
XLY,2022-10-31,69.72962188720703,9367400
XLY,2022-11-01,69.02278137207031,12514600
XLY,2022-11-02,66.41329956054688,19853200
XLY,2022-11-03,66.0163345336914,11117400
XLY,2022-11-04,66.5682373046875,12628800
XLY,2022-11-07,66.10345458984375,7424600
XLY,2022-11-08,65.9388656616211,9535600
XLY,2022-11-09,63.92486572265625,10155400
XLY,2022-11-10,68.59676361083984,15516000
XLY,2022-11-11,70.24281311035156,11350400
XLY,2022-11-14,69.12930297851562,15841000
XLY,2022-11-15,70.07335662841797,8739400
XLY,2022-11-16,69.00341796875,9573600
XLY,2022-11-17,68.16588592529297,7565000
XLY,2022-11-18,68.25785827636719,7414000
XLY,2022-11-21,67.27023315429688,6752800
XLY,2022-11-22,68.03031921386719,5520800
XLY,2022-11-23,69.01312255859375,6177000
XLY,2022-11-25,69.05184173583984,2728400
XLY,2022-11-28,68.62580871582031,6041000
XLY,2022-11-29,68.4079360961914,10423000
XLY,2022-11-30,70.76565551757812,16408600
XLY,2022-12-01,70.75597381591797,9654000
XLY,2022-12-02,70.66400909423828,11972400
XLY,2022-12-05,68.62580871582031,11580000
XLY,2022-12-06,67.55586242675781,7899800
XLY,2022-12-07,67.14918518066406,10852600
XLY,2022-12-08,67.79792022705078,6407000
XLY,2022-12-09,67.5025863647461,7218400
XLY,2022-12-12,67.67207336425781,6545600
XLY,2022-12-13,67.67207336425781,10744000
XLY,2022-12-14,67.16857147216797,10903800
XLY,2022-12-15,66.06473541259766,11947800
XLY,2022-12-16,64.83018493652344,13371800
XLY,2022-12-19,63.789363861083984,8675800
XLY,2022-12-20,63.04661560058594,7710200
XLY,2022-12-21,64.05152130126953,10670200
XLY,2022-12-22,62.405818939208984,12894200
XLY,2022-12-23,62.83301544189453,6550800
XLY,2022-12-27,61.81355285644531,8536000
XLY,2022-12-28,61.29411697387695,10073800
XLY,2022-12-29,62.871856689453125,7492200
XLY,2022-12-30,62.70194625854492,7531000
XLY,2023-01-03,62.32814025878906,9567000
XLY,2023-01-04,63.23109817504883,8079600
XLY,2023-01-05,62.6436882019043,7776200
XLY,2023-01-06,64.1146240234375,9239400
XLY,2023-01-09,64.50298309326172,9387800
XLY,2023-01-10,65.31371307373047,8830800
XLY,2023-01-11,67.07594299316406,12708000
XLY,2023-01-12,67.18759155273438,9572200
XLY,2023-01-13,67.81869506835938,7969400
XLY,2023-01-17,67.86723327636719,7499800
XLY,2023-01-18,66.98368835449219,9596800
XLY,2023-01-19,65.87200927734375,12957200
XLY,2023-01-20,67.46915435791016,7502600
XLY,2023-01-23,68.5226058959961,9168000
XLY,2023-01-24,68.44493103027344,6373000
XLY,2023-01-25,68.79447174072266,7540400
XLY,2023-01-26,70.2022933959961,9641200
XLY,2023-01-27,71.79459381103516,10945200
XLY,2023-01-30,70.57125091552734,9578400
XLY,2023-01-31,72.18782806396484,6975600
XLY,2023-02-01,73.55682373046875,13913800
XLY,2023-02-02,75.80935668945312,14039600
XLY,2023-02-03,73.47431182861328,13593800
XLY,2023-02-06,73.36749267578125,8770000
XLY,2023-02-07,73.53739929199219,9833200
XLY,2023-02-08,72.91116333007812,11128000
XLY,2023-02-09,72.77523040771484,8316200
XLY,2023-02-10,71.92080688476562,6433000
XLY,2023-02-13,72.97427368164062,6721400
XLY,2023-02-14,73.84808349609375,8722600
XLY,2023-02-15,74.71221923828125,6820200
XLY,2023-02-16,73.08106994628906,11257600
XLY,2023-02-17,73.09563446044922,7480200
XLY,2023-02-21,70.65375518798828,8837200
XLY,2023-02-22,71.01300811767578,9928400
XLY,2023-02-23,70.95477294921875,10568600
XLY,2023-02-24,69.83818817138672,11914600
XLY,2023-02-27,70.70233154296875,11244400
XLY,2023-02-28,70.65375518798828,11185000
XLY,2023-03-01,69.765380859375,12688800
XLY,2023-03-02,69.53236389160156,10982800
XLY,2023-03-03,71.02757263183594,10035200
XLY,2023-03-06,70.50812530517578,9854400
XLY,2023-03-07,69.54690551757812,11941800
XLY,2023-03-08,69.42070007324219,10816600
XLY,2023-03-09,67.76529693603516,13337400
XLY,2023-03-10,67.09049224853516,29058600
XLY,2023-03-13,67.23129272460938,23628200
XLY,2023-03-14,68.37211608886719,15038200
XLY,2023-03-15,68.2701644897461,18002800
XLY,2023-03-16,69.50321197509766,21495600
XLY,2023-03-17,68.6148452758789,16880000
XLY,2023-03-20,68.91185760498047,11729600
XLY,2023-03-21,70.81581115722656,12776800
XLY,2023-03-22,69.23812866210938,10983600
XLY,2023-03-23,69.16508483886719,12255600
XLY,2023-03-24,68.94108581542969,9434600
XLY,2023-03-27,69.08230590820312,8414400
XLY,2023-03-28,68.99951171875,5719600
XLY,2023-03-29,70.30939483642578,7725400
XLY,2023-03-30,70.92293548583984,6478400
XLY,2023-03-31,72.817138671875,10453800
XLY,2023-04-03,72.15003204345703,11338400
XLY,2023-04-04,72.03316497802734,9383000
XLY,2023-04-05,70.55773162841797,8861600
XLY,2023-04-06,70.57234191894531,7636200
XLY,2023-04-10,70.88397979736328,7276800
XLY,2023-04-11,70.9959716796875,8808000
XLY,2023-04-12,69.8954849243164,9062600
XLY,2023-04-13,71.43910217285156,13140000
XLY,2023-04-14,71.53162384033203,10801600
XLY,2023-04-17,72.03802490234375,9102400
XLY,2023-04-18,72.15489959716797,9058800
XLY,2023-04-19,72.08672332763672,7600400
XLY,2023-04-20,70.97650146484375,8287000
XLY,2023-04-21,71.76046752929688,8870200
XLY,2023-04-24,71.75074005126953,7750000
XLY,2023-04-25,70.32886505126953,8494400
XLY,2023-04-26,69.96853637695312,7706000
XLY,2023-04-27,71.81404113769531,9630800
XLY,2023-04-28,71.99909210205078,8271000
XLY,2023-05-01,71.28813934326172,8547800
XLY,2023-05-02,71.36119079589844,9217200
XLY,2023-05-03,70.79633331298828,8512000
XLY,2023-05-04,70.25096130371094,10663000
XLY,2023-05-05,71.67283630371094,7371800
XLY,2023-05-08,71.91630554199219,6850000
XLY,2023-05-09,71.89681243896484,8465000
XLY,2023-05-10,72.26202392578125,9028000
XLY,2023-05-11,72.59801483154297,8288600
XLY,2023-05-12,71.98446655273438,7557800
XLY,2023-05-15,72.07698822021484,6412000
XLY,2023-05-16,71.7848129272461,6948800
XLY,2023-05-17,73.27974700927734,9331800
XLY,2023-05-18,74.419189453125,8606600
XLY,2023-05-19,73.7958984375,7150200
XLY,2023-05-22,73.5670394897461,7120000
XLY,2023-05-23,72.89505004882812,8583200
XLY,2023-05-24,72.62722778320312,6952400
XLY,2023-05-25,72.30097198486328,7997800
XLY,2023-05-26,74.00039672851562,10410200
XLY,2023-05-30,74.49708557128906,10981400
XLY,2023-05-31,73.82510375976562,12489800
XLY,2023-06-01,74.69673156738281,10168800
XLY,2023-06-02,76.44971466064453,10824600
XLY,2023-06-05,76.6785888671875,7854800
XLY,2023-06-06,77.4771728515625,9799200
XLY,2023-06-07,76.9512710571289,9206400
XLY,2023-06-08,78.09070587158203,6720000
XLY,2023-06-09,78.494873046875,11579000
XLY,2023-06-12,79.84368896484375,9410800
XLY,2023-06-13,80.6715087890625,10836400
XLY,2023-06-14,80.61305236816406,13420200
XLY,2023-06-15,81.13895416259766,10713600
XLY,2023-06-16,81.01722717285156,13295000
XLY,2023-06-20,81.62419128417969,10973400
XLY,2023-06-21,80.64347076416016,10916000
XLY,2023-06-22,81.67298126220703,10753000
XLY,2023-06-23,80.7264175415039,11690400
XLY,2023-06-26,79.69203186035156,8673400
XLY,2023-06-27,81.40462493896484,10957000
XLY,2023-06-28,81.72665405273438,8715400
XLY,2023-06-29,81.81448364257812,7752600
XLY,2023-06-30,82.853759765625,9479000
XLY,2023-07-03,83.85398864746094,9303200
XLY,2023-07-05,83.88813781738281,14528600
XLY,2023-07-06,82.53662109375,11474400
XLY,2023-07-07,82.63905334472656,10563600
XLY,2023-07-10,82.89279174804688,10638800
XLY,2023-07-11,83.58562469482422,9633200
XLY,2023-07-12,84.3370361328125,10131800
XLY,2023-07-13,85.1274642944336,7390000
XLY,2023-07-14,85.3470230102539,7919800
XLY,2023-07-17,85.69345092773438,8363400
XLY,2023-07-18,86.04474639892578,9365200
XLY,2023-07-19,86.34725952148438,13090400
XLY,2023-07-20,83.40510559082031,19470600
XLY,2023-07-21,83.42462158203125,10484000
XLY,2023-07-24,83.97108459472656,9651200
XLY,2023-07-25,83.77592468261719,6483600
XLY,2023-07-26,83.75640106201172,8834600
XLY,2023-07-27,82.88790893554688,9464000
XLY,2023-07-28,84.29312896728516,7943000
XLY,2023-07-31,84.77127838134766,6943600
XLY,2023-08-01,83.8100814819336,6900200
XLY,2023-08-02,82.30728149414062,9707000
XLY,2023-08-03,82.50244903564453,8049600
XLY,2023-08-04,83.7027359008789,13507200
XLY,2023-08-07,84.56148529052734,7369000
XLY,2023-08-08,83.88813781738281,7255400
XLY,2023-08-09,82.89279174804688,9045000
XLY,2023-08-10,83.09284210205078,8723000
XLY,2023-08-11,82.8098373413086,6302200
XLY,2023-08-14,83.06356048583984,5639400
XLY,2023-08-15,81.93159484863281,6628600
XLY,2023-08-16,80.91671752929688,6715400
XLY,2023-08-17,79.54564666748047,8709200
XLY,2023-08-18,79.36511993408203,8249000
XLY,2023-08-21,80.27752685546875,6645200
XLY,2023-08-22,80.39464569091797,8006600
XLY,2023-08-23,81.0386962890625,7728600
XLY,2023-08-24,79.45294189453125,7949000
XLY,2023-08-25,80.34095764160156,10093000
XLY,2023-08-28,80.66300201416016,5962800
XLY,2023-08-29,82.6781005859375,8913800
XLY,2023-08-30,83.03428649902344,7289000
XLY,2023-08-31,83.29289245605469,7872600
XLY,2023-09-01,82.78543853759766,10618400
XLY,2023-09-05,82.84400177001953,9426200
XLY,2023-09-06,82.10723876953125,11155000
XLY,2023-09-07,82.33656311035156,10439400
XLY,2023-09-08,82.33656311035156,5709400
XLY,2023-09-11,84.55171966552734,10648600
XLY,2023-09-12,83.78568267822266,9908200
XLY,2023-09-13,84.44926452636719,7984800
XLY,2023-09-14,85.2787094116211,9777000
XLY,2023-09-15,83.81983947753906,11981600
XLY,2023-09-18,82.90824890136719,7442400
XLY,2023-09-19,82.4927749633789,8324000
XLY,2023-09-20,81.67161560058594,8857400
XLY,2023-09-21,79.44274139404297,12236000
XLY,2023-09-22,78.6606674194336,14209400
XLY,2023-09-25,79.14458465576172,9486800
XLY,2023-09-26,77.70265197753906,11667000
XLY,2023-09-27,77.40449523925781,12485000
XLY,2023-09-28,78.2696533203125,10291800
XLY,2023-09-29,78.68511199951172,13116600
XLY,2023-10-02,78.7486572265625,14663600
XLY,2023-10-03,76.83261108398438,14613800
XLY,2023-10-04,78.34785461425781,15340600
XLY,2023-10-05,77.9568099975586,13922000
XLY,2023-10-06,78.5042724609375,15265000
XLY,2023-10-09,78.58735656738281,10496000
XLY,2023-10-10,79.44762420654297,13458600
XLY,2023-10-11,79.73114013671875,7974400
XLY,2023-10-12,78.86109161376953,9181200
XLY,2023-10-13,77.70265197753906,11327000
XLY,2023-10-16,78.95884704589844,11071400
XLY,2023-10-17,79.14458465576172,13419800
XLY,2023-10-18,77.28718566894531,10414600
XLY,2023-10-19,75.31248474121094,21134800
XLY,2023-10-20,74.14429473876953,13357800
XLY,2023-10-23,74.23226165771484,15707200
XLY,2023-10-24,75.02410888671875,9960400
XLY,2023-10-25,73.50885009765625,11201000
XLY,2023-10-26,72.36019897460938,16921600
XLY,2023-10-27,73.1178207397461,15226600
XLY,2023-10-30,73.7874526977539,13858000
XLY,2023-10-31,74.34468078613281,10168600
XLY,2023-11-01,75.26360321044922,21669800
XLY,2023-11-02,77.228515625,20069600
XLY,2023-11-03,78.31364440917969,13727200
XLY,2023-11-06,78.4113998413086,11280600
XLY,2023-11-07,79.28634643554688,8773600
XLY,2023-11-08,79.07613372802734,8334600
XLY,2023-11-09,77.59999084472656,11497200
XLY,2023-11-10,78.89041900634766,10312200
XLY,2023-11-13,79.22767639160156,9880000
XLY,2023-11-14,81.89644622802734,15258400
XLY,2023-11-15,81.99420928955078,12388800
XLY,2023-11-16,81.15350341796875,12287400
XLY,2023-11-17,81.69606018066406,8921000
XLY,2023-11-20,82.11640930175781,9285000
XLY,2023-11-21,81.90624237060547,7603600
XLY,2023-11-22,82.15550994873047,8963400
XLY,2023-11-24,82.23371887207031,3483000
XLY,2023-11-27,82.36569213867188,7299600
XLY,2023-11-28,82.83982849121094,11974000
XLY,2023-11-29,82.61497497558594,7659400
XLY,2023-11-30,82.49766540527344,13023000
XLY,2023-12-01,83.62675476074219,14955800
XLY,2023-12-04,83.30905151367188,18477600
XLY,2023-12-05,83.4557113647461,7822600
XLY,2023-12-06,83.57788848876953,12228000
XLY,2023-12-07,84.26708221435547,7380200
XLY,2023-12-08,84.6532211303711,8096400
XLY,2023-12-11,84.8780517578125,18892400
XLY,2023-12-12,85.14199829101562,7411400
XLY,2023-12-13,86.25645446777344,10898400
XLY,2023-12-14,87.41487121582031,15288800
XLY,2023-12-15,87.59571838378906,11258200
XLY,2023-12-18,88.13925170898438,7719400
XLY,2023-12-19,88.8296890258789,7194000
XLY,2023-12-20,87.20890045166016,8621600
XLY,2023-12-21,88.535888671875,7855000
XLY,2023-12-22,87.88461303710938,8522800
XLY,2023-12-26,88.25676727294922,5480800
XLY,2023-12-27,88.56037139892578,7495800
XLY,2023-12-28,88.10009002685547,5608800
XLY,2023-12-29,87.5565414428711,8268600
XLY,2024-01-02,86.74371337890625,15369600
XLY,2024-01-03,84.99073028564453,15522800
XLY,2024-01-04,84.39334869384766,11915000
XLY,2024-01-05,84.52554321289062,12084400
XLY,2024-01-08,85.96514892578125,8142600
XLY,2024-01-09,85.64688110351562,8330000
XLY,2024-01-10,86.33240509033203,7624400
XLY,2024-01-11,86.21977233886719,8592000
XLY,2024-01-12,85.18169403076172,7444400
XLY,2024-01-16,85.0837631225586,8976200
XLY,2024-01-17,84.3394775390625,7961800
XLY,2024-01-18,84.81935119628906,9926000
XLY,2024-01-19,85.63707733154297,9782800
XLY,2024-01-22,85.26002502441406,11184200
XLY,2024-01-23,85.05437469482422,7107200
XLY,2024-01-24,84.731201171875,8622200
XLY,2024-01-25,83.68330383300781,11092800
XLY,2024-01-26,84.06526947021484,6977800
XLY,2024-01-29,85.2943115234375,7381200
XLY,2024-01-30,85.2453384399414,6274400
XLY,2024-01-31,83.69313049316406,13663800
XLY,2024-02-01,85.30412292480469,14682200
XLY,2024-02-02,86.82696533203125,20763800
XLY,2024-02-05,85.60282135009766,13346200
XLY,2024-02-06,86.12184143066406,9373600
XLY,2024-02-07,87.08647155761719,7796400
XLY,2024-02-08,87.46841430664062,8100000
XLY,2024-02-09,88.09027862548828,9584800
XLY,2024-02-12,88.0168228149414,6040200
XLY,2024-02-13,86.26386260986328,14801400
XLY,2024-02-14,87.17461395263672,11561000
XLY,2024-02-15,88.1833267211914,10567600
XLY,2024-02-16,87.65938568115234,8512200
XLY,2024-02-20,86.83186340332031,8756400
XLY,2024-02-21,87.47331237792969,8886200
XLY,2024-02-22,89.17244720458984,8800000
XLY,2024-02-23,88.77090454101562,7575800
XLY,2024-02-26,89.04513549804688,7051600
XLY,2024-02-27,89.33892059326172,5852400
XLY,2024-02-28,89.69147491455078,7408800
XLY,2024-02-29,90.29866027832031,8270400
XLY,2024-03-01,90.59737396240234,11065800
XLY,2024-03-04,89.37319946289062,11336800
XLY,2024-03-05,88.26166534423828,12941800
XLY,2024-03-06,87.94828033447266,9299600
XLY,2024-03-07,88.6191177368164,6713400
XLY,2024-03-08,88.29104614257812,12463600
XLY,2024-03-11,88.05110931396484,8306400
XLY,2024-03-12,88.8100814819336,7906400
XLY,2024-03-13,88.62403106689453,5717000
XLY,2024-03-14,88.06090545654297,10810400
XLY,2024-03-15,87.18441009521484,9868800
XLY,2024-03-18,87.85033416748047,8512800
XLY,2024-03-19,88.6109619140625,7624200
XLY,2024-03-20,89.93101501464844,8497400
XLY,2024-03-21,90.45610046386719,7146400
XLY,2024-03-22,89.6660385131836,5718600
XLY,2024-03-25,89.3716049194336,5664600
XLY,2024-03-26,89.48446655273438,5387800
XLY,2024-03-27,90.5198974609375,5812000
XLY,2024-03-28,90.24019622802734,5958200
XLY,2024-04-01,89.56787872314453,9941800
XLY,2024-04-02,88.2478256225586,12270400
XLY,2024-04-03,88.31161499023438,10165200
XLY,2024-04-04,87.27617645263672,9650600
XLY,2024-04-05,87.76199340820312,10081800
XLY,2024-04-08,88.59623718261719,8295800
XLY,2024-04-09,89.01335906982422,8559800
XLY,2024-04-10,87.63931274414062,10806000
XLY,2024-04-11,88.34596252441406,8433400
XLY,2024-04-12,86.91304779052734,10729000
XLY,2024-04-15,85.46539306640625,11136800
XLY,2024-04-16,84.97957611083984,12870800
XLY,2024-04-17,84.5673599243164,12416800
XLY,2024-04-18,84.04227447509766,9411800
XLY,2024-04-19,83.30618286132812,13580800
XLY,2024-04-22,83.67423248291016,8950200
XLY,2024-04-23,84.67041015625,7889400
XLY,2024-04-24,85.4801025390625,8948600
XLY,2024-04-25,85.55371856689453,10701200
XLY,2024-04-26,86.32416534423828,6665800
XLY,2024-04-29,88.33124542236328,10308400
XLY,2024-04-30,86.18185424804688,7218400
XLY,2024-05-01,85.64205169677734,14336800
XLY,2024-05-02,86.7216567993164,8238600
XLY,2024-05-03,87.30561065673828,9013000
XLY,2024-05-06,88.2380142211914,6229000
XLY,2024-05-07,87.60497283935547,6300600
XLY,2024-05-08,87.27617645263672,5763200
XLY,2024-05-09,87.8699722290039,5046000
XLY,2024-05-10,87.39887237548828,5654400
XLY,2024-05-13,87.2859878540039,8142800
XLY,2024-05-14,87.68347930908203,6044600
XLY,2024-05-15,87.81597900390625,7182800
XLY,2024-05-16,87.24674224853516,6589200
XLY,2024-05-17,87.69329833984375,5577400
XLY,2024-05-20,87.04061889648438,4002000
XLY,2024-05-21,87.60006713867188,4375400
XLY,2024-05-22,86.68730163574219,6332200
XLY,2024-05-23,85.2838134765625,7354600
XLY,2024-05-24,86.1426010131836,5150200
XLY,2024-05-28,85.93157958984375,5344200
XLY,2024-05-29,85.36724090576172,4344000
XLY,2024-05-30,85.87269592285156,4496600
XLY,2024-05-31,86.35362243652344,6840400
XLY,2024-06-03,86.31434631347656,7929000
XLY,2024-06-04,86.4026870727539,5779800
XLY,2024-06-05,86.90812683105469,4581800
XLY,2024-06-06,87.54116821289062,4455600
XLY,2024-06-07,87.18294525146484,4548600
XLY,2024-06-10,87.462646484375,3731000
XLY,2024-06-11,87.23200225830078,5566000
XLY,2024-06-12,88.13985443115234,7957600
XLY,2024-06-13,88.20854949951172,5227000
XLY,2024-06-14,87.51173400878906,6105600
XLY,2024-06-17,89.04772186279297,7353200
XLY,2024-06-18,88.74836730957031,4483800
XLY,2024-06-20,88.86123657226562,4722800
XLY,2024-06-21,89.612060546875,8623200
XLY,2024-06-24,89.22944641113281,5077800
XLY,2024-06-25,88.87045288085938,4712800
XLY,2024-06-26,90.1589126586914,5031800
XLY,2024-06-27,90.70970916748047,4228200
XLY,2024-06-28,89.70155334472656,7914600
XLY,2024-07-01,90.00645446777344,6393200
XLY,2024-07-02,91.75721740722656,5884600
XLY,2024-07-03,92.3424301147461,4379600
XLY,2024-07-05,93.0948715209961,3996400
XLY,2024-07-08,93.1391372680664,3676800
XLY,2024-07-09,93.4489517211914,3656000
XLY,2024-07-10,94.15221405029297,4557800
XLY,2024-07-11,92.95716857910156,8996000
XLY,2024-07-12,94.17188262939453,5453600
XLY,2024-07-15,94.06368255615234,5080200
XLY,2024-07-16,95.75050354003906,4123200
XLY,2024-07-17,94.15221405029297,5797200
XLY,2024-07-18,93.19322204589844,4375200
XLY,2024-07-19,92.36211395263672,3872200
XLY,2024-07-22,93.3801040649414,4808400
XLY,2024-07-23,92.96208190917969,4823600
XLY,2024-07-24,89.16059112548828,8200800
XLY,2024-07-25,88.81141662597656,10240800
XLY,2024-07-26,89.8048324584961,4529400
XLY,2024-07-29,91.30477142333984,7145600
XLY,2024-07-30,90.7982406616211,4281000
XLY,2024-07-31,92.20475006103516,4993600
XLY,2024-08-01,89.94252014160156,7295800
XLY,2024-08-02,86.63282012939453,12738400
XLY,2024-08-05,84.18373107910156,16391800
XLY,2024-08-06,85.11320495605469,9523400
XLY,2024-08-07,83.62801361083984,8404400
XLY,2024-08-08,85.4525375366211,5935200
XLY,2024-08-09,85.7377700805664,6379600
XLY,2024-08-12,85.3984375,4929800
XLY,2024-08-13,87.5376968383789,5847000
XLY,2024-08-14,87.07052612304688,4779800
XLY,2024-08-15,89.84908294677734,6288000
XLY,2024-08-16,90.06056213378906,4767800
XLY,2024-08-19,91.16708374023438,4570000
XLY,2024-08-20,91.0834732055664,4679000
XLY,2024-08-21,92.23424530029297,4532200
XLY,2024-08-22,90.64085388183594,5709800
XLY,2024-08-23,92.39160919189453,6304200
XLY,2024-08-26,91.67361450195312,3211000
XLY,2024-08-27,91.43263244628906,3328200
XLY,2024-08-28,90.54742431640625,5668600
XLY,2024-08-29,90.65560150146484,4616000
XLY,2024-08-30,92.02277374267578,4672200
XLY,2024-09-03,90.75889587402344,9876400
XLY,2024-09-04,90.99494171142578,10007600
XLY,2024-09-05,92.02770233154297,7264200
XLY,2024-09-06,89.70155334472656,7714000
XLY,2024-09-09,91.00971221923828,4297400
XLY,2024-09-10,92.05227661132812,9424600
XLY,2024-09-11,92.971923828125,7511200
XLY,2024-09-12,94.01942443847656,4748600
XLY,2024-09-13,94.65873718261719,3926200
XLY,2024-09-16,94.49644470214844,3077200
XLY,2024-09-17,94.97840118408203,4307800
XLY,2024-09-18,94.7915267944336,6634600
XLY,2024-09-19,96.95046997070312,5865400
XLY,2024-09-20,96.72916412353516,5552400
XLY,2024-09-23,97.90448760986328,7271200
XLY,2024-09-24,98.761962890625,4059200
XLY,2024-09-25,98.40715026855469,3389800
XLY,2024-09-26,98.8260269165039,4266400
XLY,2024-09-27,98.97386932373047,3441800
XLY,2024-09-30,98.74224853515625,4572400
XLY,2024-10-01,98.34307861328125,8229000
XLY,2024-10-02,97.51023864746094,7482400
XLY,2024-10-03,96.38174438476562,7101400
XLY,2024-10-04,97.65808868408203,7828200
XLY,2024-10-07,96.14026641845703,5202000
XLY,2024-10-08,97.07658386230469,4733200
XLY,2024-10-09,97.77143096923828,5537400
XLY,2024-10-10,97.28848266601562,3259000
XLY,2024-10-11,96.8745346069336,4991600
XLY,2024-10-14,97.29834747314453,3566600
XLY,2024-10-15,97.51023864746094,6855200
XLY,2024-10-16,98.02276611328125,4607000
XLY,2024-10-17,97.93405151367188,3488800
XLY,2024-10-18,98.31844329833984,3797000
XLY,2024-10-21,97.55460357666016,3304800
XLY,2024-10-22,97.16035461425781,3157600
XLY,2024-10-23,95.63267517089844,4339000
XLY,2024-10-24,98.64862060546875,6991400
XLY,2024-10-25,98.95909118652344,5440000
XLY,2024-10-28,99.1906967163086,4102400
XLY,2024-10-29,98.67325592041016,4247000
XLY,2024-10-30,98.53527069091797,4879800
XLY,2024-10-31,97.02730560302734,6197400
XLY,2024-11-01,98.60426330566406,7607600
XLY,2024-11-04,98.26423645019531,4769200
XLY,2024-11-05,100.00382232666016,4424200
XLY,2024-11-06,103.20208740234375,9398600
XLY,2024-11-07,104.52772521972656,8021000
XLY,2024-11-08,106.01103973388672,7785800
XLY,2024-11-11,108.14979553222656,9210000
XLY,2024-11-12,106.70587921142578,10535200
XLY,2024-11-13,107.6175765991211,5883400
XLY,2024-11-14,106.08988952636719,4620200
XLY,2024-11-15,105.18313598632812,7824800
XLY,2024-11-18,106.15396881103516,4752200
XLY,2024-11-19,106.23280334472656,3935800
XLY,2024-11-20,105.7646484375,5979200
XLY,2024-11-21,105.95191192626953,5468400
XLY,2024-11-22,107.47958374023438,4550600
XLY,2024-11-25,108.57852935791016,7360400
XLY,2024-11-26,108.97277069091797,3979600
XLY,2024-11-27,108.43560791015625,3829000
XLY,2024-11-29,109.54935455322266,1771400
XLY,2024-12-02,110.50538635253906,8134800
XLY,2024-12-03,110.42160034179688,7051400
XLY,2024-12-04,111.44662475585938,5539400
XLY,2024-12-05,112.35830688476562,7321000
XLY,2024-12-06,114.72373962402344,4889200
XLY,2024-12-09,114.35906982421875,6513800
XLY,2024-12-10,114.54633331298828,7630800
XLY,2024-12-11,116.55696105957031,5734800
XLY,2024-12-12,115.59107208251953,4871800
XLY,2024-12-13,116.04938507080078,5382400
XLY,2024-12-16,117.62139129638672,6013600
XLY,2024-12-17,117.99100494384766,10221000
XLY,2024-12-18,112.67367553710938,14405000
XLY,2024-12-19,112.52091979980469,13205200
XLY,2024-12-20,112.80675506591797,10915800
XLY,2024-12-23,113.1489028930664,5922400
XLY,2024-12-24,115.76569366455078,2552600
XLY,2024-12-26,115.33615112304688,4109600
XLY,2024-12-27,113.43033599853516,6097200
XLY,2024-12-30,111.60846710205078,5413000
XLY,2024-12-31,110.76911163330078,5250800
